#pragma once

#include <cstdint>

namespace esphome::pixoo64::content::reaction_art {

// OpenMoji 17.0.0 artwork, CC BY-SA 4.0. Rasterized at 4x and
// Lanczos-downsampled by tools/gen-reaction-art.py. Each pixel is a
// 64-color palette index followed by 8-bit alpha; palette entries are RGB565.
constexpr int kArtSize = 48;
constexpr int kPaletteSize = 64;
constexpr int kReactionCount = 12;

constexpr uint16_t kPalette[kReactionCount][kPaletteSize] = {
    // laughing: 1F602.svg, source sha256 6ba52666539d
    {
        0xFFF7, 0xFFE6, 0xFFA5, 0xFFC5, 0xFFA5, 0xFFA5, 0xFFA5, 0xFFA5,
        0xFF85, 0xFF85, 0xFF65, 0xFF65, 0xFF65, 0xFF45, 0xFF65, 0xFF45,
        0xFF45, 0xFF45, 0xFF65, 0xFF45, 0xFF45, 0xFF25, 0xFF25, 0xF725,
        0xEF30, 0xF725, 0xEEC5, 0xD6CE, 0x9EDF, 0xDE64, 0xD644, 0xB612,
        0xBD84, 0xACE5, 0x9CA3, 0x7491, 0x9443, 0xE348, 0xBA47, 0x83E8,
        0x6B22, 0x5328, 0x5281, 0x4A22, 0x41E1, 0x5983, 0x3981, 0x2962,
        0x2920, 0x1944, 0x18E2, 0x1080, 0x1040, 0x0861, 0x0840, 0x0820,
        0x0020, 0x0020, 0x0000, 0x0000, 0x0000, 0x1000, 0x0000, 0x0000,
    },
    // love: 2764.svg, source sha256 05ceefcd3287
    {
        0xF228, 0xE185, 0xE185, 0xE185, 0xE185, 0xD985, 0xD985, 0xD985,
        0xD985, 0xD985, 0xD985, 0xD984, 0xD185, 0xD185, 0xD164, 0xF800,
        0xD164, 0xD164, 0xD164, 0xC964, 0xC964, 0xC964, 0xC964, 0xC185,
        0xC144, 0xB944, 0xB944, 0xA924, 0xA123, 0xA123, 0x9903, 0x8903,
        0x80E3, 0x60A2, 0x58A2, 0x5882, 0x4061, 0x3861, 0x3861, 0x2861,
        0x3041, 0x2800, 0x1820, 0x1020, 0x1800, 0x1040, 0x1020, 0x0820,
        0x0800, 0x0800, 0x0800, 0x0800, 0x0800, 0x0000, 0x0000, 0x0000,
        0x0000, 0x0000, 0x0000, 0x0000, 0x0000, 0x0000, 0x0000, 0x0000,
    },
    // crying: 1F62D.svg, source sha256 3fe2965c4152
    {
        0xEF6F, 0xF767, 0xFFC5, 0xFF85, 0xFFE5, 0xFFC5, 0xFFC5, 0xFFC5,
        0xFF45, 0xFFA5, 0xFFA5, 0xFF85, 0xFF45, 0xFF25, 0xFF65, 0xFF45,
        0xFF45, 0xFF45, 0xFF45, 0xFF45, 0xFF25, 0xFF84, 0xFF44, 0xFF44,
        0xFF44, 0xFF25, 0xFF25, 0xFF24, 0xEF2A, 0xE6A5, 0xA6FC, 0xD6EE,
        0x96DF, 0x96BD, 0x969E, 0x969E, 0x969E, 0xB676, 0x8E9F, 0x8E9F,
        0x8E5E, 0xACE4, 0x9442, 0x9443, 0x8428, 0x7B82, 0x7AE3, 0x5B4B,
        0x4A22, 0x29C5, 0x31A2, 0x3180, 0x2164, 0x2121, 0x18C1, 0x1080,
        0x0861, 0x0860, 0x0020, 0x0000, 0x0000, 0x0000, 0x0000, 0x0000,
    },
    // angry: 1F621.svg, source sha256 c55c039c6662
    {
        0xF3C4, 0xF3C4, 0xF3C4, 0xF3A4, 0xF3C4, 0xF3A4, 0xF3A4, 0xEBA4,
        0xEBA4, 0xEBA4, 0xEBA4, 0xEB84, 0xE384, 0xE384, 0xE384, 0xE384,
        0xE384, 0xE384, 0xE384, 0xE384, 0xE364, 0xE384, 0xE384, 0xE364,
        0xE364, 0xDB64, 0xDB64, 0xDB64, 0xDB64, 0xDB64, 0xDB64, 0xDB64,
        0xDB64, 0xD344, 0xCB23, 0xC303, 0xAAA3, 0x9A63, 0x9242, 0x8A02,
        0x8202, 0x8202, 0x71C2, 0x61C3, 0x6181, 0x5141, 0x38E1, 0x38E0,
        0x28A0, 0x2080, 0x3080, 0x20A0, 0x1860, 0x1860, 0x1840, 0x1020,
        0x1020, 0x0820, 0x0820, 0x0000, 0x0000, 0x0000, 0x0000, 0x0000,
    },
    // poop: 1F4A9.svg, source sha256 92d781cb9f22
    {
        0xFFFF, 0xFFDE, 0xEF7D, 0xF791, 0xCE59, 0xAD11, 0xBC48, 0xAC2A,
        0xB407, 0xB407, 0xABE7, 0xABE7, 0xABE7, 0xABE7, 0xABC7, 0xA3C8,
        0xA3C7, 0xA3C7, 0xA3C7, 0xA3A7, 0xA3A7, 0xA3A6, 0x9B86, 0x8B89,
        0x8B26, 0x8306, 0x72E7, 0x72A5, 0x7285, 0x7265, 0x6264, 0x7246,
        0x6A45, 0x6A25, 0x6205, 0x4A05, 0x51C3, 0x49A3, 0x4983, 0x4163,
        0x3942, 0x3923, 0x3164, 0x3122, 0x2902, 0x20C1, 0x1881, 0x1081,
        0x1060, 0x0840, 0x0820, 0x0020, 0x0020, 0x0020, 0x0000, 0x0000,
        0x0000, 0x0000, 0x0000, 0x0000, 0x4800, 0x0000, 0x0000, 0x0000,
    },
    // approve: 1F44D.svg, source sha256 3465b051877d
    {
        0xFFE8, 0xFFE5, 0xFFE5, 0xFFC5, 0xFFC5, 0xFFC5, 0xFFA5, 0xFFA5,
        0xFFA5, 0xFFA5, 0xFF85, 0xFF85, 0xFF65, 0xFF65, 0xFF65, 0xFF65,
        0xFF45, 0xFF45, 0xFF45, 0xFF45, 0xFF45, 0xFF45, 0xFF45, 0xFF25,
        0xFF45, 0xFF44, 0xFF25, 0xF725, 0xF705, 0xEEE5, 0xE684, 0xDE64,
        0xCE04, 0xBD64, 0xACE3, 0xA4A3, 0x9C42, 0x8C03, 0x7BA2, 0x6B02,
        0x5AA2, 0x5261, 0x4201, 0x4201, 0x41E0, 0x39C1, 0x2921, 0x18C0,
        0x10A0, 0x1080, 0x0860, 0x0860, 0x0840, 0x0020, 0x0020, 0x0000,
        0x0000, 0x0000, 0x0000, 0x0000, 0x0000, 0x0000, 0x1000, 0x0000,
    },
    // disapprove: 1F44E.svg, source sha256 39a9210d6ef4
    {
        0xFFE9, 0xFFE5, 0xFFC5, 0xFFC5, 0xFFC5, 0xFFA5, 0xFFA5, 0xFFA5,
        0xFF85, 0xFF85, 0xFF85, 0xFF65, 0xFF65, 0xFF65, 0xFF45, 0xFF45,
        0xFF45, 0xFF45, 0xFF45, 0xFF45, 0xFF45, 0xFF45, 0xFF45, 0xFF25,
        0xFF64, 0xFF25, 0xFF25, 0xF725, 0xF705, 0xEEE5, 0xEEC5, 0xDE64,
        0xD604, 0xBD64, 0xA4C3, 0x9C83, 0x9423, 0x83C2, 0x6B22, 0x5A81,
        0x4A21, 0x4A01, 0x4201, 0x39C1, 0x39A1, 0x3181, 0x2100, 0x18C0,
        0x18A0, 0x1080, 0x0860, 0x0840, 0x0020, 0x0000, 0x0020, 0x0000,
        0x0000, 0x0000, 0x0000, 0x0000, 0x0000, 0x0000, 0x0000, 0x0000,
    },
    // celebrate: 1F389.svg, source sha256 8d3aa4064d03
    {
        0xFFF1, 0xFFC5, 0xFFC5, 0xFF85, 0xFF65, 0xFF45, 0xFFC2, 0xFF65,
        0xFF45, 0xFF45, 0xFF25, 0xF6E5, 0xFE85, 0xDE24, 0xFDE3, 0xFDC3,
        0xF5C3, 0xF583, 0xF5A3, 0xF583, 0xF583, 0xE5A3, 0xF564, 0xF562,
        0xED24, 0xEC04, 0xCCC2, 0xB4C3, 0xAC07, 0x7BEB, 0xF348, 0xEAE8,
        0xEAA9, 0xF2C5, 0xE2E7, 0x9B0E, 0x832E, 0xE247, 0xD9A5, 0xD184,
        0xD144, 0xD164, 0xD125, 0x9965, 0x5282, 0x49E2, 0x4980, 0x2940,
        0x30C1, 0x18C0, 0x10A0, 0x1080, 0x1840, 0x0840, 0x0020, 0x0000,
        0x0000, 0x0000, 0x0000, 0x0000, 0xF806, 0x1000, 0x000F, 0x0000,
    },
    // thinking: 1F914.svg, source sha256 eadd96d61939
    {
        0xFFED, 0xFFE6, 0xFFE5, 0xFFC5, 0xFFC5, 0xFFC5, 0xFFC5, 0xFFC5,
        0xFFA5, 0xFFA5, 0xFF85, 0xFF85, 0xFF85, 0xFF85, 0xFF65, 0xFF65,
        0xFF65, 0xFF65, 0xFF45, 0xFF45, 0xFF45, 0xFF45, 0xFF45, 0xFF45,
        0xFF25, 0xFF45, 0xFFA3, 0xFF25, 0xF725, 0xFF25, 0xFF25, 0xFF25,
        0xF725, 0xF725, 0xF705, 0xEEE5, 0xE6A5, 0xDE44, 0xCDE4, 0xC584,
        0xAD23, 0xA4C3, 0x9C83, 0x9C22, 0x83E2, 0x7BA2, 0x7342, 0x62C2,
        0x5261, 0x4A21, 0x41E1, 0x3161, 0x2920, 0x18E0, 0x18C0, 0x1080,
        0x0860, 0x0840, 0x0020, 0x0020, 0x0000, 0x0000, 0x0000, 0x0000,
    },
    // surprised: 1F62E.svg, source sha256 d684284f0626
    {
        0xFFFF, 0xFFFF, 0xFFB4, 0xFFC5, 0xFFE5, 0xFFC5, 0xFFC5, 0xFFC5,
        0xFFA5, 0xFFC5, 0xFFA5, 0xFFA5, 0xFF85, 0xFF85, 0xFF65, 0xFF65,
        0xFF65, 0xFF65, 0xFF65, 0xFF45, 0xFF65, 0xFF45, 0xFF45, 0xFF45,
        0xFF45, 0xFF45, 0xFF45, 0xFF45, 0xFF25, 0xFF25, 0xFF25, 0xFF25,
        0xFF25, 0xF705, 0xE6A5, 0xE684, 0xC5C4, 0xAD06, 0x9C83, 0x9443,
        0x9443, 0x9443, 0x7B85, 0x7342, 0x7303, 0x5244, 0x41E1, 0x31A2,
        0x39C0, 0x3181, 0x2942, 0x2940, 0x2102, 0x10A0, 0x1080, 0x1060,
        0x0860, 0x0020, 0x0020, 0x0000, 0x0000, 0x0000, 0x0000, 0x0000,
    },
    // fire: 1F525.svg, source sha256 c9d2cc9cedfa
    {
        0xFFF4, 0xFFE6, 0xFFC5, 0xFFC5, 0xFFA5, 0xFFA5, 0xFF85, 0xFF85,
        0xFF85, 0xFF65, 0xFF65, 0xFF65, 0xFF65, 0xFF45, 0xFF45, 0xFF45,
        0xFFE0, 0xFF45, 0xFF45, 0xFF45, 0xFF45, 0xFF25, 0xFF45, 0xFF25,
        0xFF25, 0xFF05, 0xFF25, 0xF705, 0xF6C4, 0xEE84, 0xEE64, 0xF624,
        0xF5C3, 0xF5A3, 0xF5A3, 0xF583, 0xD624, 0xCDA4, 0xF583, 0xF583,
        0xF583, 0xF563, 0xDD43, 0xB543, 0x9C83, 0x7B82, 0x5A82, 0x41E1,
        0x3181, 0x2920, 0x18A0, 0x1060, 0x0860, 0x0840, 0x0840, 0x0020,
        0x0000, 0x0000, 0x0000, 0x0000, 0x0000, 0x0000, 0x0000, 0x0000,
    },
    // eyes: 1F440.svg, source sha256 059666105145
    {
        0xFFFF, 0xFFFF, 0xFFFF, 0xFFFF, 0xFFFF, 0xFFDF, 0xFFDF, 0xFFDF,
        0xF7BE, 0xEF5D, 0xDEDB, 0xCE79, 0xBDF7, 0xB596, 0xA514, 0x94B2,
        0x9492, 0xBC48, 0xBC48, 0x8C50, 0xB407, 0x93EB, 0x9B86, 0x9346,
        0x7BEF, 0x73AE, 0x6B6D, 0x7AE5, 0x72A5, 0x5AEB, 0x5268, 0x49E5,
        0x31C7, 0x3185, 0x3921, 0x2945, 0x2103, 0x20C1, 0x18E3, 0x18C3,
        0x18A2, 0x1081, 0x1082, 0x0861, 0x0841, 0x0841, 0x0820, 0x0020,
        0x0020, 0x0020, 0x0020, 0x0000, 0x0020, 0x0000, 0x0000, 0x0000,
        0x0000, 0x0000, 0x0000, 0x0000, 0x0000, 0x0000, 0x0000, 0x0000,
    },
};

constexpr uint8_t kPixels[kReactionCount][kArtSize * kArtSize * 2] = {
    // laughing: 1F602.svg, source sha256 6ba52666539d
    {
        0x3F, 0x00, 0x3F, 0x00, 0x3F, 0x00, 0x3F, 0x00, 0x3F, 0x00, 0x3F, 0x00, 0x3F, 0x00, 0x3F, 0x00, 0x3F, 0x00, 0x3F, 0x00, 0x3F, 0x00, 0x3F, 0x00,
        0x3F, 0x00, 0x3F, 0x00, 0x3F, 0x00, 0x3F, 0x00, 0x3F, 0x00, 0x3F, 0x00, 0x3F, 0x00, 0x3F, 0x00, 0x3F, 0x00, 0x3F, 0x00, 0x3F, 0x00, 0x3F, 0x00,
        0x3F, 0x00, 0x3F, 0x00, 0x3F, 0x00, 0x3F, 0x00, 0x3F, 0x00, 0x3F, 0x00, 0x3F, 0x00, 0x3F, 0x00, 0x3F, 0x00, 0x3F, 0x00, 0x3F, 0x00, 0x3F, 0x00,
        0x3F, 0x00, 0x3F, 0x00, 0x3F, 0x00, 0x3F, 0x00, 0x3F, 0x00, 0x3F, 0x00, 0x3F, 0x00, 0x3F, 0x00, 0x3F, 0x00, 0x3F, 0x00, 0x3F, 0x00, 0x3F, 0x00,
        0x3F, 0x00, 0x3F, 0x00, 0x3F, 0x00, 0x3F, 0x00, 0x3F, 0x00, 0x3F, 0x00, 0x3F, 0x00, 0x3F, 0x00, 0x3F, 0x00, 0x3F, 0x00, 0x3F, 0x00, 0x3F, 0x00,
        0x3F, 0x00, 0x3F, 0x00, 0x3F, 0x00, 0x3F, 0x00, 0x3F, 0x00, 0x3F, 0x00, 0x3F, 0x00, 0x3F, 0x00, 0x3F, 0x00, 0x3F, 0x00, 0x3F, 0x00, 0x3F, 0x00,
        0x3F, 0x00, 0x3F, 0x00, 0x3F, 0x00, 0x3F, 0x00, 0x3F, 0x00, 0x3F, 0x00, 0x3F, 0x00, 0x3F, 0x00, 0x3F, 0x00, 0x3F, 0x00, 0x3F, 0x00, 0x3F, 0x00,
        0x3F, 0x00, 0x3F, 0x00, 0x3F, 0x00, 0x3F, 0x00, 0x3F, 0x00, 0x3F, 0x00, 0x3F, 0x00, 0x3F, 0x00, 0x3F, 0x00, 0x3F, 0x00, 0x3F, 0x00, 0x3F, 0x00,
        0x3F, 0x00, 0x3F, 0x00, 0x3F, 0x00, 0x3F, 0x00, 0x3F, 0x00, 0x3F, 0x00, 0x3F, 0x00, 0x3F, 0x00, 0x3F, 0x00, 0x3F, 0x00, 0x3F, 0x00, 0x3F, 0x00,
        0x3F, 0x00, 0x3F, 0x00, 0x3F, 0x00, 0x3F, 0x00, 0x3F, 0x00, 0x3F, 0x00, 0x3F, 0x00, 0x3F, 0x00, 0x3F, 0x00, 0x3F, 0x00, 0x3F, 0x00, 0x3F, 0x00,
        0x3F, 0x00, 0x3F, 0x00, 0x3F, 0x00, 0x3F, 0x00, 0x3F, 0x00, 0x3F, 0x00, 0x3F, 0x00, 0x3F, 0x00, 0x3F, 0x00, 0x3F, 0x00, 0x3F, 0x00, 0x3F, 0x00,
        0x3F, 0x00, 0x3F, 0x00, 0x3F, 0x00, 0x3F, 0x00, 0x3F, 0x00, 0x3F, 0x00, 0x3F, 0x00, 0x3F, 0x00, 0x3F, 0x00, 0x3F, 0x00, 0x3F, 0x00, 0x3F, 0x00,
        0x3F, 0x00, 0x3F, 0x00, 0x3F, 0x00, 0x3F, 0x00, 0x3F, 0x00, 0x3F, 0x00, 0x3F, 0x00, 0x3F, 0x00, 0x3F, 0x00, 0x3F, 0x00, 0x3F, 0x00, 0x3F, 0x00,
        0x3F, 0x00, 0x3F, 0x00, 0x3F, 0x00, 0x3F, 0x00, 0x3F, 0x00, 0x3F, 0x00, 0x3F, 0x00, 0x3F, 0x00, 0x3F, 0x00, 0x3F, 0x00, 0x3F, 0x00, 0x3F, 0x00,
        0x3F, 0x00, 0x3F, 0x00, 0x3F, 0x00, 0x3F, 0x00, 0x3F, 0x00, 0x3F, 0x00, 0x3F, 0x00, 0x3F, 0x00, 0x3F, 0x00, 0x3F, 0x00, 0x3F, 0x00, 0x3F, 0x00,
        0x3F, 0x00, 0x3F, 0x00, 0x3F, 0x00, 0x3F, 0x00, 0x3F, 0x00, 0x3F, 0x00, 0x3F, 0x00, 0x3F, 0x00, 0x3F, 0x00, 0x3F, 0x00, 0x3F, 0x00, 0x3F, 0x00,
        0x3F, 0x00, 0x3F, 0x00, 0x3F, 0x00, 0x3F, 0x00, 0x3F, 0x00, 0x3F, 0x00, 0x3F, 0x00, 0x3F, 0x00, 0x3F, 0x00, 0x3F, 0x00, 0x3F, 0x00, 0x3F, 0x00,
        0x3F, 0x00, 0x3F, 0x00, 0x3F, 0x00, 0x3F, 0x00, 0x3F, 0x00, 0x3F, 0x00, 0x3F, 0x00, 0x3F, 0x00, 0x3F, 0x00, 0x3F, 0x00, 0x3F, 0x00, 0x3F, 0x00,
        0x3F, 0x00, 0x3F, 0x00, 0x3F, 0x00, 0x3F, 0x00, 0x3F, 0x00, 0x3F, 0x00, 0x3F, 0x00, 0x3F, 0x00, 0x3F, 0x00, 0x3F, 0x00, 0x3F, 0x00, 0x3F, 0x00,
        0x3F, 0x00, 0x3F, 0x00, 0x3F, 0x00, 0x3F, 0x00, 0x3F, 0x00, 0x3F, 0x00, 0x3F, 0x00, 0x3F, 0x00, 0x3F, 0x00, 0x3F, 0x00, 0x3F, 0x00, 0x3F, 0x00,
        0x3F, 0x00, 0x3F, 0x00, 0x3F, 0x00, 0x3F, 0x00, 0x3F, 0x00, 0x3F, 0x00, 0x3F, 0x00, 0x3F, 0x00, 0x3F, 0x00, 0x3F, 0x00, 0x3F, 0x00, 0x3F, 0x00,
        0x3F, 0x00, 0x3F, 0x00, 0x3F, 0x00, 0x3F, 0x00, 0x3F, 0x00, 0x3F, 0x00, 0x3F, 0x00, 0x3F, 0x00, 0x3F, 0x00, 0x3F, 0x00, 0x3F, 0x01, 0x3F, 0x01,
        0x3F, 0x01, 0x3F, 0x01, 0x3F, 0x00, 0x3F, 0x00, 0x3F, 0x00, 0x3F, 0x00, 0x3F, 0x00, 0x3F, 0x00, 0x3F, 0x00, 0x3F, 0x00, 0x3F, 0x00, 0x3F, 0x00,
        0x3F, 0x00, 0x3F, 0x00, 0x3F, 0x00, 0x3F, 0x00, 0x3F, 0x00, 0x3F, 0x00, 0x3F, 0x00, 0x3F, 0x00, 0x3F, 0x00, 0x3F, 0x00, 0x3F, 0x00, 0x3F, 0x00,
        0x3F, 0x00, 0x3F, 0x00, 0x3F, 0x00, 0x3F, 0x00, 0x3F, 0x00, 0x3F, 0x00, 0x3F, 0x00, 0x3F, 0x00, 0x3F, 0x00, 0x3F, 0x00, 0x3F, 0x00, 0x3F, 0x00,
        0x3F, 0x00, 0x3F, 0x00, 0x3F, 0x00, 0x3F, 0x00, 0x3F, 0x00, 0x3F, 0x00, 0x3F, 0x02, 0x3F, 0x04, 0x3F, 0x03, 0x3F, 0x00, 0x3F, 0x00, 0x3F, 0x00,
        0x3F, 0x00, 0x3F, 0x00, 0x3F, 0x00, 0x3F, 0x03, 0x3F, 0x04, 0x3F, 0x02, 0x3F, 0x00, 0x3F, 0x00, 0x3F, 0x00, 0x3F, 0x00, 0x3F, 0x00, 0x3F, 0x00,
        0x3F, 0x00, 0x3F, 0x00, 0x3F, 0x00, 0x3F, 0x00, 0x3F, 0x00, 0x3F, 0x00, 0x3F, 0x00, 0x3F, 0x00, 0x3F, 0x00, 0x3F, 0x00, 0x3F, 0x00, 0x3F, 0x00,
        0x3F, 0x00, 0x3F, 0x00, 0x3F, 0x00, 0x3F, 0x00, 0x3F, 0x00, 0x3F, 0x00, 0x3F, 0x00, 0x3F, 0x00, 0x3F, 0x00, 0x3F, 0x00, 0x3F, 0x00, 0x3F, 0x00,
        0x3F, 0x00, 0x3F, 0x00, 0x3F, 0x00, 0x3F, 0x00, 0x3F, 0x02, 0x3F, 0x02, 0x3F, 0x00, 0x3F, 0x00, 0x38, 0x00, 0x37, 0x00, 0x22, 0x0F, 0x2E, 0x10,
        0x2E, 0x10, 0x22, 0x0F, 0x37, 0x00, 0x38, 0x00, 0x3F, 0x00, 0x3F, 0x00, 0x3F, 0x02, 0x3F, 0x02, 0x3F, 0x00, 0x3F, 0x00, 0x3F, 0x00, 0x3F, 0x00,
        0x3F, 0x00, 0x3F, 0x00, 0x3F, 0x00, 0x3F, 0x00, 0x3F, 0x00, 0x3F, 0x00, 0x3F, 0x00, 0x3F, 0x00, 0x3F, 0x00, 0x3F, 0x00, 0x3F, 0x00, 0x3F, 0x00,
        0x3F, 0x00, 0x3F, 0x00, 0x3F, 0x00, 0x3F, 0x00, 0x3F, 0x00, 0x3F, 0x00, 0x3F, 0x00, 0x3F, 0x00, 0x3F, 0x00, 0x3F, 0x00, 0x3F, 0x00, 0x3F, 0x00,
        0x3F, 0x00, 0x3F, 0x00, 0x3F, 0x01, 0x3F, 0x03, 0x3F, 0x00, 0x38, 0x00, 0x2A, 0x21, 0x33, 0x66, 0x3F, 0xA6, 0x3F, 0xCF, 0x3F, 0xEB, 0x3F, 0xEE,
        0x3F, 0xEE, 0x3F, 0xEB, 0x3F, 0xCE, 0x3F, 0xA5, 0x33, 0x65, 0x2A, 0x21, 0x38, 0x00, 0x3F, 0x00, 0x3F, 0x03, 0x3F, 0x01, 0x3F, 0x00, 0x3F, 0x00,
        0x3F, 0x00, 0x3F, 0x00, 0x3F, 0x00, 0x3F, 0x00, 0x3F, 0x00, 0x3F, 0x00, 0x3F, 0x00, 0x3F, 0x00, 0x3F, 0x00, 0x3F, 0x00, 0x3F, 0x00, 0x3F, 0x00,
        0x3F, 0x00, 0x3F, 0x00, 0x3F, 0x00, 0x3F, 0x00, 0x3F, 0x00, 0x3F, 0x00, 0x3F, 0x00, 0x3F, 0x00, 0x3F, 0x00, 0x3F, 0x00, 0x3F, 0x00, 0x3F, 0x00,
        0x3F, 0x00, 0x3F, 0x02, 0x3F, 0x00, 0x3A, 0x00, 0x2E, 0x38, 0x3A, 0xA7, 0x3F, 0xF4, 0x35, 0xFF, 0x2C, 0xFF, 0x28, 0xFF, 0x24, 0xFF, 0x22, 0xFF,
        0x22, 0xFF, 0x24, 0xFF, 0x28, 0xFF, 0x2C, 0xFF, 0x35, 0xFF, 0x3F, 0xF4, 0x37, 0xA8, 0x2E, 0x37, 0x3A, 0x00, 0x3F, 0x00, 0x3F, 0x02, 0x3F, 0x00,
        0x3F, 0x00, 0x3F, 0x00, 0x3F, 0x00, 0x3F, 0x00, 0x3F, 0x00, 0x3F, 0x00, 0x3F, 0x00, 0x3F, 0x00, 0x3F, 0x00, 0x3F, 0x00, 0x3F, 0x00, 0x3F, 0x00,
        0x3F, 0x00, 0x3F, 0x00, 0x3F, 0x00, 0x3F, 0x00, 0x3F, 0x00, 0x3F, 0x00, 0x3F, 0x00, 0x3F, 0x00, 0x3F, 0x00, 0x3F, 0x00, 0x3F, 0x00, 0x3F, 0x00,
        0x3F, 0x03, 0x3F, 0x00, 0x24, 0x10, 0x35, 0x98, 0x3F, 0xFE, 0x30, 0xFF, 0x24, 0xFF, 0x1A, 0xFC, 0x07, 0xFC, 0x03, 0xFD, 0x03, 0xFE, 0x04, 0xFE,
        0x04, 0xFE, 0x03, 0xFE, 0x03, 0xFD, 0x07, 0xFC, 0x1A, 0xFC, 0x24, 0xFF, 0x30, 0xFF, 0x3F, 0xFE, 0x35, 0x97, 0x24, 0x10, 0x3F, 0x00, 0x3F, 0x03,
        0x3F, 0x00, 0x3F, 0x00, 0x3F, 0x00, 0x3F, 0x00, 0x3F, 0x00, 0x3F, 0x00, 0x3F, 0x00, 0x3F, 0x00, 0x3F, 0x00, 0x3F, 0x00, 0x3F, 0x00, 0x3F, 0x00,
        0x3F, 0x00, 0x3F, 0x00, 0x3F, 0x00, 0x3F, 0x00, 0x3F, 0x00, 0x3F, 0x00, 0x3F, 0x00, 0x3F, 0x00, 0x3F, 0x00, 0x3F, 0x00, 0x3F, 0x00, 0x3F, 0x04,
        0x3F, 0x00, 0x2C, 0x31, 0x3B, 0xD8, 0x33, 0xFF, 0x24, 0xFE, 0x12, 0xFC, 0x03, 0xFE, 0x0A, 0xFF, 0x14, 0xFF, 0x16, 0xFF, 0x16, 0xFF, 0x15, 0xFF,
        0x15, 0xFF, 0x16, 0xFF, 0x16, 0xFF, 0x14, 0xFF, 0x0A, 0xFF, 0x03, 0xFE, 0x0C, 0xFC, 0x24, 0xFE, 0x33, 0xFF, 0x3A, 0xD8, 0x2C, 0x31, 0x3F, 0x00,
        0x3F, 0x04, 0x3F, 0x00, 0x3F, 0x00, 0x3F, 0x00, 0x3F, 0x00, 0x3F, 0x00, 0x3F, 0x00, 0x3F, 0x00, 0x3F, 0x00, 0x3F, 0x00, 0x3F, 0x00, 0x3F, 0x00,
        0x3F, 0x00, 0x3F, 0x00, 0x3F, 0x00, 0x3F, 0x00, 0x3F, 0x00, 0x3F, 0x00, 0x3F, 0x00, 0x3F, 0x00, 0x3F, 0x00, 0x3F, 0x00, 0x3F, 0x03, 0x3F, 0x00,
        0x30, 0x3E, 0x3F, 0xF0, 0x2E, 0xFF, 0x1D, 0xFB, 0x03, 0xFF, 0x10, 0xFF, 0x16, 0xFF, 0x13, 0xFF, 0x10, 0xFF, 0x10, 0xFF, 0x10, 0xFF, 0x10, 0xFF,
        0x10, 0xFF, 0x10, 0xFF, 0x10, 0xFF, 0x10, 0xFF, 0x13, 0xFF, 0x16, 0xFF, 0x10, 0xFF, 0x03, 0xFF, 0x1D, 0xFB, 0x2E, 0xFF, 0x3F, 0xF0, 0x2E, 0x3D,
        0x3F, 0x00, 0x3F, 0x03, 0x3F, 0x00, 0x3F, 0x00, 0x3F, 0x00, 0x3F, 0x00, 0x3F, 0x00, 0x3F, 0x00, 0x3F, 0x00, 0x3F, 0x00, 0x3F, 0x00, 0x3F, 0x00,
        0x3F, 0x00, 0x3F, 0x00, 0x3F, 0x00, 0x3F, 0x00, 0x3F, 0x00, 0x3F, 0x00, 0x3F, 0x00, 0x3F, 0x00, 0x3F, 0x00, 0x3F, 0x02, 0x3F, 0x00, 0x2C, 0x2F,
        0x3F, 0xF0, 0x2B, 0xFF, 0x12, 0xFC, 0x08, 0xFF, 0x17, 0xFF, 0x15, 0xFF, 0x15, 0xFF, 0x13, 0xFF, 0x10, 0xFF, 0x10, 0xFF, 0x10, 0xFF, 0x10, 0xFF,
        0x10, 0xFF, 0x10, 0xFF, 0x10, 0xFF, 0x10, 0xFF, 0x13, 0xFF, 0x15, 0xFF, 0x15, 0xFF, 0x17, 0xFF, 0x08, 0xFF, 0x12, 0xFC, 0x2C, 0xFF, 0x3F, 0xF0,
        0x2C, 0x2F, 0x3F, 0x00, 0x3F, 0x02, 0x3F, 0x00, 0x3F, 0x00, 0x3F, 0x00, 0x3F, 0x00, 0x3F, 0x00, 0x3F, 0x00, 0x3F, 0x00, 0x3F, 0x00, 0x3F, 0x00,
        0x3F, 0x00, 0x3F, 0x00, 0x3F, 0x00, 0x3F, 0x00, 0x3F, 0x00, 0x3F, 0x00, 0x3F, 0x00, 0x3F, 0x00, 0x3F, 0x01, 0x3F, 0x02, 0x24, 0x0F, 0x3A, 0xDB,
        0x2E, 0xFF, 0x12, 0xFC, 0x0C, 0xFF, 0x17, 0xFF, 0x08, 0xFF, 0x04, 0xFF, 0x04, 0xFF, 0x0A, 0xFF, 0x11, 0xFF, 0x10, 0xFF, 0x10, 0xFF, 0x10, 0xFF,
        0x10, 0xFF, 0x10, 0xFF, 0x10, 0xFF, 0x11, 0xFF, 0x0A, 0xFF, 0x05, 0xFF, 0x04, 0xFF, 0x08, 0xFF, 0x17, 0xFF, 0x0C, 0xFF, 0x12, 0xFC, 0x2E, 0xFF,
        0x3A, 0xDA, 0x24, 0x0E, 0x3F, 0x02, 0x3F, 0x01, 0x3F, 0x00, 0x3F, 0x00, 0x3F, 0x00, 0x3F, 0x00, 0x3F, 0x00, 0x3F, 0x00, 0x3F, 0x00, 0x3F, 0x00,
        0x3F, 0x00, 0x3F, 0x00, 0x3F, 0x00, 0x3F, 0x00, 0x3F, 0x00, 0x3F, 0x00, 0x3F, 0x00, 0x3F, 0x00, 0x3F, 0x03, 0x3A, 0x00, 0x35, 0x99, 0x35, 0xFF,
        0x1D, 0xFB, 0x09, 0xFF, 0x0B, 0xFF, 0x04, 0xFF, 0x1D, 0xFF, 0x21, 0xFF, 0x20, 0xFF, 0x1A, 0xFF, 0x0C, 0xFF, 0x13, 0xFF, 0x10, 0xFF, 0x10, 0xFF,
        0x10, 0xFF, 0x10, 0xFF, 0x13, 0xFF, 0x0C, 0xFF, 0x1A, 0xFF, 0x20, 0xFF, 0x20, 0xFF, 0x1D, 0xFF, 0x05, 0xFF, 0x0B, 0xFF, 0x09, 0xFF, 0x1D, 0xFB,
        0x35, 0xFF, 0x34, 0x97, 0x3A, 0x00, 0x3F, 0x03, 0x3F, 0x00, 0x3F, 0x00, 0x3F, 0x00, 0x3F, 0x00, 0x3F, 0x00, 0x3F, 0x00, 0x3F, 0x00, 0x3F, 0x00,
        0x3F, 0x00, 0x3F, 0x00, 0x3F, 0x00, 0x3F, 0x00, 0x3F, 0x00, 0x3F, 0x00, 0x3F, 0x00, 0x3F, 0x03, 0x3F, 0x00, 0x2E, 0x33, 0x3F, 0xFE, 0x24, 0xFC,
        0x03, 0xFE, 0x0A, 0xFF, 0x1D, 0xFF, 0x2B, 0xFF, 0x3F, 0xFF, 0x3A, 0xFF, 0x3F, 0xFF, 0x2A, 0xFF, 0x04, 0xFF, 0x15, 0xFF, 0x10, 0xFF, 0x10, 0xFF,
        0x10, 0xFF, 0x10, 0xFF, 0x15, 0xFF, 0x04, 0xFF, 0x2A, 0xFF, 0x3F, 0xFF, 0x3F, 0xFF, 0x3F, 0xFF, 0x2B, 0xFF, 0x1D, 0xFF, 0x0A, 0xFF, 0x03, 0xFE,
        0x24, 0xFC, 0x3F, 0xFD, 0x2E, 0x31, 0x3F, 0x00, 0x3F, 0x03, 0x3F, 0x00, 0x3F, 0x00, 0x3F, 0x00, 0x3F, 0x00, 0x3F, 0x00, 0x3F, 0x00, 0x3F, 0x00,
        0x3F, 0x00, 0x3F, 0x00, 0x3F, 0x00, 0x3F, 0x00, 0x3F, 0x00, 0x3F, 0x00, 0x3F, 0x00, 0x3F, 0x03, 0x3A, 0x00, 0x38, 0xAA, 0x30, 0xFF, 0x0C, 0xFB,
        0x09, 0xFF, 0x1E, 0xFF, 0x35, 0xFF, 0x30, 0xFF, 0x22, 0xFF, 0x1A, 0xFF, 0x1D, 0xFF, 0x1D, 0xFF, 0x0C, 0xFF, 0x13, 0xFF, 0x10, 0xFF, 0x10, 0xFF,
        0x10, 0xFF, 0x10, 0xFF, 0x13, 0xFF, 0x0C, 0xFF, 0x1D, 0xFF, 0x1E, 0xFF, 0x1D, 0xFF, 0x22, 0xFF, 0x32, 0xFF, 0x33, 0xFF, 0x1D, 0xFF, 0x09, 0xFF,
        0x0C, 0xFB, 0x30, 0xFF, 0x38, 0xA8, 0x3A, 0x00, 0x3F, 0x03, 0x3F, 0x00, 0x3F, 0x00, 0x3F, 0x00, 0x3F, 0x00, 0x3F, 0x00, 0x3F, 0x00, 0x3F, 0x00,
        0x3F, 0x00, 0x3F, 0x00, 0x3F, 0x00, 0x3F, 0x00, 0x3F, 0x00, 0x3F, 0x00, 0x3F, 0x02, 0x3F, 0x00, 0x2A, 0x1D, 0x3F, 0xF6, 0x24, 0xFE, 0x03, 0xFE,
        0x09, 0xFF, 0x30, 0xFF, 0x30, 0xFF, 0x09, 0xFF, 0x03, 0xFF, 0x0B, 0xFF, 0x09, 0xFF, 0x0A, 0xFF, 0x11, 0xFF, 0x10, 0xFF, 0x10, 0xFF, 0x10, 0xFF,
        0x10, 0xFF, 0x10, 0xFF, 0x10, 0xFF, 0x11, 0xFF, 0x0A, 0xFF, 0x09, 0xFF, 0x0B, 0xFF, 0x03, 0xFF, 0x12, 0xFF, 0x30, 0xFF, 0x30, 0xFF, 0x09, 0xFF,
        0x03, 0xFE, 0x24, 0xFE, 0x3F, 0xF6, 0x2A, 0x1D, 0x3F, 0x00, 0x3F, 0x02, 0x3F, 0x00, 0x3F, 0x00, 0x3F, 0x00, 0x3F, 0x00, 0x3F, 0x00, 0x3F, 0x00,
        0x3F, 0x00, 0x3F, 0x00, 0x3F, 0x00, 0x3F, 0x00, 0x3F, 0x00, 0x3F, 0x00, 0x3F, 0x04, 0x3F, 0x00, 0x34, 0x67, 0x35, 0xFF, 0x1A, 0xFC, 0x0B, 0xFF,
        0x0C, 0xFF, 0x22, 0xFF, 0x1E, 0xFF, 0x07, 0xFF, 0x19, 0xFF, 0x0B, 0xFF, 0x0A, 0xFF, 0x10, 0xFF, 0x15, 0xFF, 0x10, 0xFF, 0x10, 0xFF, 0x10, 0xFF,
        0x10, 0xFF, 0x10, 0xFF, 0x10, 0xFF, 0x15, 0xFF, 0x10, 0xFF, 0x0A, 0xFF, 0x0B, 0xFF, 0x19, 0xFF, 0x07, 0xFF, 0x1E, 0xFF, 0x22, 0xFF, 0x0C, 0xFF,
        0x0A, 0xFF, 0x1A, 0xFC, 0x35, 0xFF, 0x33, 0x66, 0x3F, 0x00, 0x3F, 0x04, 0x3F, 0x00, 0x3F, 0x00, 0x3F, 0x00, 0x3F, 0x00, 0x3F, 0x00, 0x3F, 0x00,
        0x3F, 0x00, 0x3F, 0x00, 0x3F, 0x00, 0x3F, 0x00, 0x3F, 0x00, 0x3F, 0x00, 0x3F, 0x03, 0x38, 0x00, 0x3A, 0xA7, 0x2C, 0xFE, 0x06, 0xFB, 0x14, 0xFF,
        0x11, 0xFF, 0x03, 0xFF, 0x0B, 0xFF, 0x0E, 0xFF, 0x05, 0xFF, 0x1A, 0xFF, 0x1D, 0xFF, 0x0F, 0xFF, 0x05, 0xFF, 0x14, 0xFF, 0x10, 0xFF, 0x10, 0xFF,
        0x10, 0xFF, 0x10, 0xFF, 0x14, 0xFF, 0x05, 0xFF, 0x0F, 0xFF, 0x1D, 0xFF, 0x1A, 0xFF, 0x05, 0xFF, 0x0E, 0xFF, 0x0B, 0xFF, 0x03, 0xFF, 0x11, 0xFF,
        0x14, 0xFF, 0x07, 0xFB, 0x2C, 0xFE, 0x38, 0xA6, 0x38, 0x00, 0x3F, 0x03, 0x3F, 0x00, 0x3F, 0x00, 0x3F, 0x00, 0x3F, 0x00, 0x3F, 0x00, 0x3F, 0x00,
        0x3F, 0x00, 0x3F, 0x00, 0x3F, 0x00, 0x3F, 0x00, 0x3F, 0x00, 0x3F, 0x01, 0x3F, 0x01, 0x01, 0x03, 0x3F, 0xD2, 0x28, 0xFF, 0x03, 0xFD, 0x16, 0xFF,
        0x10, 0xFF, 0x17, 0xFF, 0x09, 0xFF, 0x1A, 0xFF, 0x2A, 0xFF, 0x3A, 0xFF, 0x3F, 0xFF, 0x33, 0xFF, 0x22, 0xFF, 0x05, 0xFF, 0x14, 0xFF, 0x10, 0xFF,
        0x10, 0xFF, 0x13, 0xFF, 0x06, 0xFF, 0x22, 0xFF, 0x33, 0xFF, 0x3F, 0xFF, 0x3A, 0xFF, 0x2A, 0xFF, 0x1A, 0xFF, 0x09, 0xFF, 0x17, 0xFF, 0x10, 0xFF,
        0x16, 0xFF, 0x03, 0xFD, 0x28, 0xFF, 0x3F, 0xD1, 0x01, 0x03, 0x3F, 0x01, 0x3F, 0x01, 0x3F, 0x00, 0x3F, 0x00, 0x3F, 0x00, 0x3F, 0x00, 0x3F, 0x00,
        0x3F, 0x00, 0x3F, 0x00, 0x3F, 0x00, 0x3F, 0x00, 0x3F, 0x00, 0x3F, 0x01, 0x3F, 0x00, 0x01, 0x0C, 0x2E, 0xE6, 0x21, 0xFF, 0x06, 0xFE, 0x15, 0xFF,
        0x13, 0xFF, 0x0F, 0xFF, 0x19, 0xFF, 0x30, 0xFF, 0x33, 0xFF, 0x22, 0xFF, 0x20, 0xFF, 0x2A, 0xFF, 0x3F, 0xFF, 0x22, 0xFF, 0x06, 0xFF, 0x15, 0xFF,
        0x15, 0xFF, 0x06, 0xFF, 0x22, 0xFF, 0x3F, 0xFF, 0x2A, 0xFF, 0x20, 0xFF, 0x22, 0xFF, 0x33, 0xFF, 0x30, 0xFF, 0x19, 0xFF, 0x0F, 0xFF, 0x13, 0xFF,
        0x15, 0xFF, 0x06, 0xFE, 0x21, 0xFF, 0x2E, 0xE6, 0x01, 0x0B, 0x3F, 0x00, 0x3F, 0x01, 0x3F, 0x00, 0x3F, 0x00, 0x3F, 0x00, 0x3F, 0x00, 0x3F, 0x00,
        0x3F, 0x00, 0x3F, 0x00, 0x3F, 0x00, 0x3F, 0x00, 0x3F, 0x00, 0x2A, 0x03, 0x3F, 0x04, 0x0A, 0x10, 0x09, 0xEC, 0x04, 0xFF, 0x0B, 0xFE, 0x11, 0xFF,
        0x15, 0xFF, 0x06, 0xFF, 0x20, 0xFF, 0x35, 0xFF, 0x1D, 0xFF, 0x01, 0xFF, 0x07, 0xFF, 0x01, 0xFF, 0x2A, 0xFF, 0x2E, 0xFF, 0x04, 0xFF, 0x14, 0xFF,
        0x14, 0xFF, 0x04, 0xFF, 0x2E, 0xFF, 0x2A, 0xFF, 0x01, 0xFF, 0x07, 0xFF, 0x01, 0xFF, 0x1E, 0xFF, 0x35, 0xFF, 0x20, 0xFF, 0x06, 0xFF, 0x15, 0xFF,
        0x11, 0xFF, 0x0B, 0xFE, 0x03, 0xFF, 0x08, 0xEB, 0x0A, 0x10, 0x3F, 0x04, 0x2A, 0x03, 0x3F, 0x00, 0x3F, 0x00, 0x3F, 0x00, 0x3F, 0x00, 0x3F, 0x00,
        0x3F, 0x00, 0x3F, 0x00, 0x3F, 0x00, 0x3F, 0x01, 0x3F, 0x03, 0x3B, 0x00, 0x3C, 0x00, 0x00, 0x09, 0x19, 0xED, 0x1D, 0xFF, 0x1A, 0xFE, 0x0C, 0xFF,
        0x13, 0xFF, 0x0F, 0xFF, 0x17, 0xFF, 0x1A, 0xFF, 0x0A, 0xFF, 0x16, 0xFF, 0x16, 0xFF, 0x12, 0xFF, 0x16, 0xFF, 0x1A, 0xFF, 0x0E, 0xFF, 0x10, 0xFF,
        0x10, 0xFF, 0x0E, 0xFF, 0x1A, 0xFF, 0x16, 0xFF, 0x12, 0xFF, 0x16, 0xFF, 0x16, 0xFF, 0x0A, 0xFF, 0x1A, 0xFF, 0x17, 0xFF, 0x0F, 0xFF, 0x13, 0xFF,
        0x0C, 0xFF, 0x1A, 0xFE, 0x1D, 0xFF, 0x19, 0xED, 0x00, 0x09, 0x3C, 0x00, 0x3B, 0x00, 0x3F, 0x03, 0x3F, 0x01, 0x3F, 0x00, 0x3F, 0x00, 0x3F, 0x00,
        0x3F, 0x00, 0x3F, 0x00, 0x3F, 0x00, 0x3F, 0x00, 0x3B, 0x00, 0x36, 0x2A, 0x3F, 0x82, 0x3F, 0xC5, 0x37, 0xFC, 0x3A, 0xFF, 0x2C, 0xFF, 0x0A, 0xFF,
        0x13, 0xFF, 0x13, 0xFF, 0x0E, 0xFF, 0x0E, 0xFF, 0x17, 0xFF, 0x15, 0xFF, 0x14, 0xFF, 0x14, 0xFF, 0x10, 0xFF, 0x0B, 0xFF, 0x13, 0xFF, 0x10, 0xFF,
        0x10, 0xFF, 0x13, 0xFF, 0x0B, 0xFF, 0x10, 0xFF, 0x14, 0xFF, 0x14, 0xFF, 0x15, 0xFF, 0x17, 0xFF, 0x0F, 0xFF, 0x0F, 0xFF, 0x13, 0xFF, 0x13, 0xFF,
        0x0A, 0xFF, 0x2C, 0xFF, 0x3A, 0xFF, 0x37, 0xFC, 0x3F, 0xC6, 0x3F, 0x83, 0x35, 0x2B, 0x3B, 0x00, 0x3F, 0x00, 0x3F, 0x00, 0x3F, 0x00, 0x3F, 0x00,
        0x3F, 0x00, 0x3F, 0x01, 0x3F, 0x01, 0x3F, 0x05, 0x3F, 0x8E, 0x3F, 0xF9, 0x31, 0xFF, 0x29, 0xFF, 0x23, 0xFF, 0x31, 0xFF, 0x30, 0xFF, 0x07, 0xFF,
        0x14, 0xFF, 0x0E, 0xFF, 0x10, 0xFF, 0x02, 0xFF, 0x01, 0xFF, 0x03, 0xFF, 0x04, 0xFF, 0x08, 0xFF, 0x0B, 0xFF, 0x0F, 0xFF, 0x0F, 0xFF, 0x10, 0xFF,
        0x10, 0xFF, 0x10, 0xFF, 0x10, 0xFF, 0x0E, 0xFF, 0x0A, 0xFF, 0x08, 0xFF, 0x04, 0xFF, 0x01, 0xFF, 0x03, 0xFF, 0x0F, 0xFF, 0x0E, 0xFF, 0x13, 0xFF,
        0x07, 0xFF, 0x30, 0xFF, 0x31, 0xFF, 0x23, 0xFF, 0x29, 0xFF, 0x31, 0xFF, 0x3F, 0xF9, 0x3F, 0x8E, 0x3F, 0x05, 0x3F, 0x01, 0x3F, 0x01, 0x3F, 0x00,
        0x3F, 0x00, 0x3F, 0x02, 0x3B, 0x00, 0x3B, 0x9F, 0x36, 0xFF, 0x23, 0xFE, 0x1C, 0xFB, 0x1C, 0xFC, 0x1C, 0xFF, 0x31, 0xFF, 0x2A, 0xFF, 0x02, 0xFF,
        0x08, 0xFF, 0x20, 0xFF, 0x30, 0xFF, 0x2C, 0xFF, 0x28, 0xFF, 0x22, 0xFF, 0x20, 0xFF, 0x1D, 0xFF, 0x1A, 0xFF, 0x16, 0xFF, 0x0C, 0xFF, 0x0A, 0xFF,
        0x08, 0xFF, 0x0A, 0xFF, 0x0C, 0xFF, 0x16, 0xFF, 0x1A, 0xFF, 0x1E, 0xFF, 0x20, 0xFF, 0x24, 0xFF, 0x2A, 0xFF, 0x30, 0xFF, 0x20, 0xFF, 0x08, 0xFF,
        0x02, 0xFF, 0x2A, 0xFF, 0x31, 0xFF, 0x1C, 0xFF, 0x1C, 0xFD, 0x1C, 0xFB, 0x23, 0xFE, 0x36, 0xFF, 0x3B, 0x9E, 0x3B, 0x00, 0x3F, 0x02, 0x3F, 0x00,
        0x3F, 0x02, 0x3F, 0x00, 0x36, 0x30, 0x3B, 0xFF, 0x23, 0xFB, 0x1C, 0xFE, 0x1C, 0xFF, 0x1C, 0xFF, 0x1C, 0xFF, 0x36, 0xFF, 0x24, 0xFF, 0x02, 0xFF,
        0x04, 0xFF, 0x24, 0xFF, 0x3E, 0xFF, 0x29, 0xFF, 0x31, 0xFF, 0x3E, 0xFF, 0x3F, 0xFF, 0x3F, 0xFF, 0x3F, 0xFF, 0x37, 0xFF, 0x33, 0xFF, 0x33, 0xFF,
        0x33, 0xFF, 0x33, 0xFF, 0x33, 0xFF, 0x37, 0xFF, 0x3F, 0xFF, 0x3F, 0xFF, 0x3B, 0xFF, 0x35, 0xFF, 0x31, 0xFF, 0x3E, 0xFF, 0x24, 0xFF, 0x06, 0xFF,
        0x02, 0xFF, 0x24, 0xFF, 0x36, 0xFF, 0x1C, 0xFF, 0x1C, 0xFF, 0x1C, 0xFF, 0x1C, 0xFE, 0x23, 0xFB, 0x3B, 0xFF, 0x36, 0x2E, 0x3F, 0x00, 0x3F, 0x02,
        0x3F, 0x04, 0x3B, 0x00, 0x3F, 0x59, 0x36, 0xFD, 0x1C, 0xFC, 0x1C, 0xFF, 0x1C, 0xFF, 0x1C, 0xFF, 0x23, 0xFE, 0x3F, 0xFF, 0x1E, 0xFF, 0x09, 0xFF,
        0x07, 0xFF, 0x20, 0xFF, 0x3C, 0xFF, 0x00, 0xFF, 0x00, 0xFF, 0x00, 0xFF, 0x00, 0xFF, 0x1F, 0xFF, 0x1F, 0xFF, 0x23, 0xFF, 0x23, 0xFF, 0x23, 0xFF,
        0x23, 0xFF, 0x23, 0xFF, 0x23, 0xFF, 0x23, 0xFF, 0x1F, 0xFF, 0x00, 0xFF, 0x00, 0xFF, 0x00, 0xFF, 0x00, 0xFF, 0x3C, 0xFF, 0x20, 0xFF, 0x07, 0xFF,
        0x09, 0xFF, 0x1E, 0xFF, 0x3F, 0xFF, 0x23, 0xFE, 0x1C, 0xFF, 0x1C, 0xFF, 0x1C, 0xFF, 0x1C, 0xFC, 0x36, 0xFD, 0x3F, 0x57, 0x3B, 0x00, 0x3F, 0x04,
        0x3F, 0x03, 0x3F, 0x00, 0x39, 0x37, 0x3A, 0xFF, 0x23, 0xFA, 0x1C, 0xFE, 0x1C, 0xFE, 0x1C, 0xFC, 0x31, 0xFF, 0x2C, 0xFF, 0x02, 0xFF, 0x17, 0xFF,
        0x0E, 0xFF, 0x19, 0xFF, 0x33, 0xFF, 0x32, 0xFF, 0x29, 0xFF, 0x23, 0xFF, 0x23, 0xFF, 0x1F, 0xFF, 0x00, 0xFF, 0x00, 0xFF, 0x00, 0xFF, 0x00, 0xFF,
        0x00, 0xFF, 0x00, 0xFF, 0x00, 0xFF, 0x00, 0xFF, 0x00, 0xFF, 0x1F, 0xFF, 0x23, 0xFF, 0x29, 0xFF, 0x31, 0xFF, 0x33, 0xFF, 0x19, 0xFF, 0x0E, 0xFF,
        0x17, 0xFF, 0x02, 0xFF, 0x2C, 0xFF, 0x31, 0xFF, 0x1C, 0xFC, 0x1C, 0xFE, 0x1C, 0xFD, 0x23, 0xFA, 0x3C, 0xFF, 0x39, 0x35, 0x3F, 0x00, 0x3F, 0x03,
        0x3F, 0x00, 0x3F, 0x02, 0x23, 0x02, 0x3F, 0xB4, 0x32, 0xFF, 0x23, 0xFF, 0x23, 0xFF, 0x31, 0xFF, 0x3F, 0xEA, 0x24, 0x56, 0x07, 0xF7, 0x08, 0xFE,
        0x10, 0xFE, 0x05, 0xFF, 0x28, 0xFF, 0x3F, 0xFF, 0x34, 0xFF, 0x3D, 0xFF, 0x3F, 0xFF, 0x3F, 0xFF, 0x3F, 0xFF, 0x3F, 0xFF, 0x3C, 0xFF, 0x39, 0xFF,
        0x39, 0xFF, 0x39, 0xFF, 0x39, 0xFF, 0x3F, 0xFF, 0x3F, 0xFF, 0x3F, 0xFF, 0x3A, 0xFF, 0x3D, 0xFF, 0x3F, 0xFF, 0x28, 0xFF, 0x05, 0xFF, 0x10, 0xFE,
        0x05, 0xFD, 0x07, 0xF6, 0x24, 0x57, 0x3F, 0xEC, 0x31, 0xFF, 0x23, 0xFF, 0x23, 0xFF, 0x32, 0xFF, 0x3F, 0xB2, 0x00, 0x01, 0x3F, 0x02, 0x3F, 0x00,
        0x3F, 0x00, 0x3F, 0x01, 0x3F, 0x01, 0x3F, 0x0E, 0x3F, 0x99, 0x3F, 0xE8, 0x3F, 0xF0, 0x3F, 0xBE, 0x36, 0x34, 0x3F, 0x00, 0x20, 0x8F, 0x2B, 0xFF,
        0x1D, 0xFA, 0x05, 0xFF, 0x19, 0xFF, 0x30, 0xFF, 0x30, 0xFF, 0x25, 0xFF, 0x25, 0xFF, 0x26, 0xFF, 0x26, 0xFF, 0x26, 0xFF, 0x26, 0xFF, 0x2D, 0xFF,
        0x2D, 0xFF, 0x2D, 0xFF, 0x2D, 0xFF, 0x26, 0xFF, 0x26, 0xFF, 0x25, 0xFF, 0x25, 0xFF, 0x30, 0xFF, 0x30, 0xFF, 0x19, 0xFF, 0x04, 0xFF, 0x1D, 0xFA,
        0x2A, 0xFF, 0x20, 0x8B, 0x3F, 0x00, 0x35, 0x35, 0x3F, 0xBE, 0x3F, 0xF0, 0x3F, 0xE8, 0x3F, 0x99, 0x3F, 0x0D, 0x3F, 0x01, 0x3F, 0x01, 0x3F, 0x00,
        0x3F, 0x00, 0x3F, 0x00, 0x3F, 0x00, 0x3F, 0x00, 0x3B, 0x00, 0x31, 0x10, 0x31, 0x17, 0x3A, 0x00, 0x3F, 0x00, 0x2C, 0x04, 0x3F, 0x0D, 0x3F, 0xDA,
        0x2E, 0xFF, 0x17, 0xFC, 0x05, 0xFF, 0x1E, 0xFF, 0x33, 0xFF, 0x3D, 0xFF, 0x26, 0xFF, 0x25, 0xFF, 0x25, 0xFF, 0x25, 0xFF, 0x25, 0xFF, 0x25, 0xFF,
        0x25, 0xFF, 0x25, 0xFF, 0x25, 0xFF, 0x25, 0xFF, 0x25, 0xFF, 0x26, 0xFF, 0x34, 0xFF, 0x33, 0xFF, 0x1E, 0xFF, 0x05, 0xFF, 0x17, 0xFC, 0x2E, 0xFF,
        0x3F, 0xD9, 0x3F, 0x0D, 0x2C, 0x04, 0x3F, 0x00, 0x3A, 0x00, 0x31, 0x17, 0x31, 0x0F, 0x3B, 0x00, 0x3F, 0x00, 0x3F, 0x00, 0x3F, 0x00, 0x3F, 0x00,
        0x3F, 0x00, 0x3F, 0x00, 0x3F, 0x00, 0x3F, 0x01, 0x3F, 0x03, 0x3F, 0x00, 0x3F, 0x00, 0x3F, 0x01, 0x3F, 0x02, 0x3F, 0x02, 0x3B, 0x00, 0x2A, 0x2D,
        0x3F, 0xEE, 0x2C, 0xFF, 0x19, 0xFC, 0x01, 0xFF, 0x1A, 0xFF, 0x2A, 0xFF, 0x3F, 0xFF, 0x34, 0xFF, 0x2D, 0xFF, 0x26, 0xFF, 0x26, 0xFF, 0x26, 0xFF,
        0x26, 0xFF, 0x26, 0xFF, 0x26, 0xFF, 0x2D, 0xFF, 0x34, 0xFF, 0x3F, 0xFF, 0x2A, 0xFF, 0x1D, 0xFF, 0x01, 0xFF, 0x19, 0xFC, 0x2C, 0xFF, 0x3F, 0xEF,
        0x2A, 0x2D, 0x3B, 0x00, 0x3F, 0x02, 0x3F, 0x02, 0x3F, 0x01, 0x3F, 0x00, 0x3F, 0x00, 0x3F, 0x03, 0x3F, 0x01, 0x3F, 0x00, 0x3F, 0x00, 0x3F, 0x00,
        0x3F, 0x00, 0x3F, 0x00, 0x3F, 0x00, 0x3F, 0x00, 0x3F, 0x00, 0x3F, 0x01, 0x3F, 0x01, 0x3F, 0x00, 0x3F, 0x00, 0x3F, 0x00, 0x3F, 0x03, 0x3F, 0x00,
        0x2C, 0x3A, 0x3F, 0xED, 0x30, 0xFF, 0x1E, 0xFA, 0x01, 0xFE, 0x04, 0xFF, 0x20, 0xFF, 0x28, 0xFF, 0x30, 0xFF, 0x3C, 0xFF, 0x3F, 0xFF, 0x3F, 0xFF,
        0x3F, 0xFF, 0x3F, 0xFF, 0x3C, 0xFF, 0x32, 0xFF, 0x28, 0xFF, 0x20, 0xFF, 0x06, 0xFF, 0x01, 0xFF, 0x1E, 0xFA, 0x30, 0xFF, 0x3F, 0xEE, 0x2E, 0x3B,
        0x3F, 0x00, 0x3F, 0x03, 0x3F, 0x00, 0x3F, 0x00, 0x3F, 0x00, 0x3F, 0x01, 0x3F, 0x01, 0x3F, 0x00, 0x3F, 0x00, 0x3F, 0x00, 0x3F, 0x00, 0x3F, 0x00,
        0x3F, 0x00, 0x3F, 0x00, 0x3F, 0x00, 0x3F, 0x00, 0x3F, 0x00, 0x3F, 0x00, 0x3F, 0x00, 0x3F, 0x00, 0x3F, 0x00, 0x3F, 0x00, 0x3F, 0x00, 0x3F, 0x04,
        0x3F, 0x00, 0x2A, 0x2C, 0x37, 0xD2, 0x35, 0xFF, 0x24, 0xFF, 0x19, 0xFC, 0x01, 0xFE, 0x01, 0xFF, 0x0D, 0xFF, 0x1D, 0xFF, 0x20, 0xFF, 0x20, 0xFF,
        0x20, 0xFF, 0x20, 0xFF, 0x1D, 0xFF, 0x0D, 0xFF, 0x01, 0xFF, 0x01, 0xFE, 0x17, 0xFC, 0x24, 0xFF, 0x35, 0xFF, 0x37, 0xD3, 0x2B, 0x2D, 0x3F, 0x00,
        0x3F, 0x04, 0x3F, 0x00, 0x3F, 0x00, 0x3F, 0x00, 0x3F, 0x00, 0x3F, 0x00, 0x3F, 0x00, 0x3F, 0x00, 0x3F, 0x00, 0x3F, 0x00, 0x3F, 0x00, 0x3F, 0x00,
        0x3F, 0x00, 0x3F, 0x00, 0x3F, 0x00, 0x3F, 0x00, 0x3F, 0x00, 0x3F, 0x00, 0x3F, 0x00, 0x3F, 0x00, 0x3F, 0x00, 0x3F, 0x00, 0x3F, 0x00, 0x3F, 0x00,
        0x3F, 0x03, 0x3F, 0x00, 0x1D, 0x0C, 0x33, 0x90, 0x3F, 0xFA, 0x30, 0xFF, 0x24, 0xFF, 0x1E, 0xFC, 0x08, 0xFB, 0x01, 0xFD, 0x01, 0xFE, 0x01, 0xFE,
        0x01, 0xFE, 0x01, 0xFE, 0x01, 0xFD, 0x08, 0xFC, 0x1D, 0xFC, 0x24, 0xFF, 0x30, 0xFF, 0x3F, 0xFB, 0x33, 0x92, 0x1E, 0x0D, 0x3F, 0x00, 0x3F, 0x03,
        0x3F, 0x00, 0x3F, 0x00, 0x3F, 0x00, 0x3F, 0x00, 0x3F, 0x00, 0x3F, 0x00, 0x3F, 0x00, 0x3F, 0x00, 0x3F, 0x00, 0x3F, 0x00, 0x3F, 0x00, 0x3F, 0x00,
        0x3F, 0x00, 0x3F, 0x00, 0x3F, 0x00, 0x3F, 0x00, 0x3F, 0x00, 0x3F, 0x00, 0x3F, 0x00, 0x3F, 0x00, 0x3F, 0x00, 0x3F, 0x00, 0x3F, 0x00, 0x3F, 0x00,
        0x3F, 0x00, 0x3F, 0x02, 0x3F, 0x00, 0x3A, 0x00, 0x2A, 0x31, 0x35, 0x9F, 0x3F, 0xF0, 0x37, 0xFF, 0x2E, 0xFF, 0x28, 0xFF, 0x24, 0xFF, 0x22, 0xFF,
        0x22, 0xFF, 0x24, 0xFF, 0x28, 0xFF, 0x2E, 0xFF, 0x37, 0xFF, 0x3F, 0xF1, 0x35, 0xA4, 0x2B, 0x34, 0x3A, 0x00, 0x3F, 0x00, 0x3F, 0x02, 0x3F, 0x00,
        0x3F, 0x00, 0x3F, 0x00, 0x3F, 0x00, 0x3F, 0x00, 0x3F, 0x00, 0x3F, 0x00, 0x3F, 0x00, 0x3F, 0x00, 0x3F, 0x00, 0x3F, 0x00, 0x3F, 0x00, 0x3F, 0x00,
        0x3F, 0x00, 0x3F, 0x00, 0x3F, 0x00, 0x3F, 0x00, 0x3F, 0x00, 0x3F, 0x00, 0x3F, 0x00, 0x3F, 0x00, 0x3F, 0x00, 0x3F, 0x00, 0x3F, 0x00, 0x3F, 0x00,
        0x3F, 0x00, 0x3F, 0x00, 0x3F, 0x01, 0x3F, 0x03, 0x3F, 0x00, 0x38, 0x00, 0x24, 0x1D, 0x30, 0x62, 0x37, 0xA1, 0x3F, 0xCB, 0x3F, 0xE9, 0x3F, 0xEE,
        0x3F, 0xEE, 0x3F, 0xEA, 0x3F, 0xCC, 0x38, 0xA2, 0x32, 0x63, 0x28, 0x1E, 0x38, 0x00, 0x3F, 0x00, 0x3F, 0x03, 0x3F, 0x01, 0x3F, 0x00, 0x3F, 0x00,
        0x3F, 0x00, 0x3F, 0x00, 0x3F, 0x00, 0x3F, 0x00, 0x3F, 0x00, 0x3F, 0x00, 0x3F, 0x00, 0x3F, 0x00, 0x3F, 0x00, 0x3F, 0x00, 0x3F, 0x00, 0x3F, 0x00,
        0x3F, 0x00, 0x3F, 0x00, 0x3F, 0x00, 0x3F, 0x00, 0x3F, 0x00, 0x3F, 0x00, 0x3F, 0x00, 0x3F, 0x00, 0x3F, 0x00, 0x3F, 0x00, 0x3F, 0x00, 0x3F, 0x00,
        0x3F, 0x00, 0x3F, 0x00, 0x3F, 0x00, 0x3F, 0x00, 0x3F, 0x02, 0x3F, 0x03, 0x3F, 0x00, 0x3F, 0x00, 0x38, 0x00, 0x37, 0x00, 0x20, 0x0E, 0x2B, 0x10,
        0x2C, 0x10, 0x20, 0x0E, 0x37, 0x00, 0x38, 0x00, 0x3F, 0x00, 0x3F, 0x00, 0x3F, 0x03, 0x3F, 0x02, 0x3F, 0x00, 0x3F, 0x00, 0x3F, 0x00, 0x3F, 0x00,
        0x3F, 0x00, 0x3F, 0x00, 0x3F, 0x00, 0x3F, 0x00, 0x3F, 0x00, 0x3F, 0x00, 0x3F, 0x00, 0x3F, 0x00, 0x3F, 0x00, 0x3F, 0x00, 0x3F, 0x00, 0x3F, 0x00,
        0x3F, 0x00, 0x3F, 0x00, 0x3F, 0x00, 0x3F, 0x00, 0x3F, 0x00, 0x3F, 0x00, 0x3F, 0x00, 0x3F, 0x00, 0x3F, 0x00, 0x3F, 0x00, 0x3F, 0x00, 0x3F, 0x00,
        0x3F, 0x00, 0x3F, 0x00, 0x3F, 0x00, 0x3F, 0x00, 0x3F, 0x00, 0x3F, 0x00, 0x3F, 0x02, 0x3F, 0x04, 0x3F, 0x03, 0x3F, 0x00, 0x3F, 0x00, 0x3F, 0x00,
        0x3F, 0x00, 0x3F, 0x00, 0x3F, 0x00, 0x3F, 0x03, 0x3F, 0x04, 0x3F, 0x02, 0x3F, 0x00, 0x3F, 0x00, 0x3F, 0x00, 0x3F, 0x00, 0x3F, 0x00, 0x3F, 0x00,
        0x3F, 0x00, 0x3F, 0x00, 0x3F, 0x00, 0x3F, 0x00, 0x3F, 0x00, 0x3F, 0x00, 0x3F, 0x00, 0x3F, 0x00, 0x3F, 0x00, 0x3F, 0x00, 0x3F, 0x00, 0x3F, 0x00,
        0x3F, 0x00, 0x3F, 0x00, 0x3F, 0x00, 0x3F, 0x00, 0x3F, 0x00, 0x3F, 0x00, 0x3F, 0x00, 0x3F, 0x00, 0x3F, 0x00, 0x3F, 0x00, 0x3F, 0x00, 0x3F, 0x00,
        0x3F, 0x00, 0x3F, 0x00, 0x3F, 0x00, 0x3F, 0x00, 0x3F, 0x00, 0x3F, 0x00, 0x3F, 0x00, 0x3F, 0x00, 0x3F, 0x00, 0x3F, 0x00, 0x3F, 0x01, 0x3F, 0x01,
        0x3F, 0x01, 0x3F, 0x01, 0x3F, 0x00, 0x3F, 0x00, 0x3F, 0x00, 0x3F, 0x00, 0x3F, 0x00, 0x3F, 0x00, 0x3F, 0x00, 0x3F, 0x00, 0x3F, 0x00, 0x3F, 0x00,
        0x3F, 0x00, 0x3F, 0x00, 0x3F, 0x00, 0x3F, 0x00, 0x3F, 0x00, 0x3F, 0x00, 0x3F, 0x00, 0x3F, 0x00, 0x3F, 0x00, 0x3F, 0x00, 0x3F, 0x00, 0x3F, 0x00,
        0x3F, 0x00, 0x3F, 0x00, 0x3F, 0x00, 0x3F, 0x00, 0x3F, 0x00, 0x3F, 0x00, 0x3F, 0x00, 0x3F, 0x00, 0x3F, 0x00, 0x3F, 0x00, 0x3F, 0x00, 0x3F, 0x00,
        0x3F, 0x00, 0x3F, 0x00, 0x3F, 0x00, 0x3F, 0x00, 0x3F, 0x00, 0x3F, 0x00, 0x3F, 0x00, 0x3F, 0x00, 0x3F, 0x00, 0x3F, 0x00, 0x3F, 0x00, 0x3F, 0x00,
        0x3F, 0x00, 0x3F, 0x00, 0x3F, 0x00, 0x3F, 0x00, 0x3F, 0x00, 0x3F, 0x00, 0x3F, 0x00, 0x3F, 0x00, 0x3F, 0x00, 0x3F, 0x00, 0x3F, 0x00, 0x3F, 0x00,
        0x3F, 0x00, 0x3F, 0x00, 0x3F, 0x00, 0x3F, 0x00, 0x3F, 0x00, 0x3F, 0x00, 0x3F, 0x00, 0x3F, 0x00, 0x3F, 0x00, 0x3F, 0x00, 0x3F, 0x00, 0x3F, 0x00,
        0x3F, 0x00, 0x3F, 0x00, 0x3F, 0x00, 0x3F, 0x00, 0x3F, 0x00, 0x3F, 0x00, 0x3F, 0x00, 0x3F, 0x00, 0x3F, 0x00, 0x3F, 0x00, 0x3F, 0x00, 0x3F, 0x00,
        0x3F, 0x00, 0x3F, 0x00, 0x3F, 0x00, 0x3F, 0x00, 0x3F, 0x00, 0x3F, 0x00, 0x3F, 0x00, 0x3F, 0x00, 0x3F, 0x00, 0x3F, 0x00, 0x3F, 0x00, 0x3F, 0x00,
        0x3F, 0x00, 0x3F, 0x00, 0x3F, 0x00, 0x3F, 0x00, 0x3F, 0x00, 0x3F, 0x00, 0x3F, 0x00, 0x3F, 0x00, 0x3F, 0x00, 0x3F, 0x00, 0x3F, 0x00, 0x3F, 0x00,
        0x3F, 0x00, 0x3F, 0x00, 0x3F, 0x00, 0x3F, 0x00, 0x3F, 0x00, 0x3F, 0x00, 0x3F, 0x00, 0x3F, 0x00, 0x3F, 0x00, 0x3F, 0x00, 0x3F, 0x00, 0x3F, 0x00,
        0x3F, 0x00, 0x3F, 0x00, 0x3F, 0x00, 0x3F, 0x00, 0x3F, 0x00, 0x3F, 0x00, 0x3F, 0x00, 0x3F, 0x00, 0x3F, 0x00, 0x3F, 0x00, 0x3F, 0x00, 0x3F, 0x00,
        0x3F, 0x00, 0x3F, 0x00, 0x3F, 0x00, 0x3F, 0x00, 0x3F, 0x00, 0x3F, 0x00, 0x3F, 0x00, 0x3F, 0x00, 0x3F, 0x00, 0x3F, 0x00, 0x3F, 0x00, 0x3F, 0x00,
        0x3F, 0x00, 0x3F, 0x00, 0x3F, 0x00, 0x3F, 0x00, 0x3F, 0x00, 0x3F, 0x00, 0x3F, 0x00, 0x3F, 0x00, 0x3F, 0x00, 0x3F, 0x00, 0x3F, 0x00, 0x3F, 0x00,
        0x3F, 0x00, 0x3F, 0x00, 0x3F, 0x00, 0x3F, 0x00, 0x3F, 0x00, 0x3F, 0x00, 0x3F, 0x00, 0x3F, 0x00, 0x3F, 0x00, 0x3F, 0x00, 0x3F, 0x00, 0x3F, 0x00,
        0x3F, 0x00, 0x3F, 0x00, 0x3F, 0x00, 0x3F, 0x00, 0x3F, 0x00, 0x3F, 0x00, 0x3F, 0x00, 0x3F, 0x00, 0x3F, 0x00, 0x3F, 0x00, 0x3F, 0x00, 0x3F, 0x00,
        0x3F, 0x00, 0x3F, 0x00, 0x3F, 0x00, 0x3F, 0x00, 0x3F, 0x00, 0x3F, 0x00, 0x3F, 0x00, 0x3F, 0x00, 0x3F, 0x00, 0x3F, 0x00, 0x3F, 0x00, 0x3F, 0x00,
        0x3F, 0x00, 0x3F, 0x00, 0x3F, 0x00, 0x3F, 0x00, 0x3F, 0x00, 0x3F, 0x00, 0x3F, 0x00, 0x3F, 0x00, 0x3F, 0x00, 0x3F, 0x00, 0x3F, 0x00, 0x3F, 0x00,
        0x3F, 0x00, 0x3F, 0x00, 0x3F, 0x00, 0x3F, 0x00, 0x3F, 0x00, 0x3F, 0x00, 0x3F, 0x00, 0x3F, 0x00, 0x3F, 0x00, 0x3F, 0x00, 0x3F, 0x00, 0x3F, 0x00,
        0x3F, 0x00, 0x3F, 0x00, 0x3F, 0x00, 0x3F, 0x00, 0x3F, 0x00, 0x3F, 0x00, 0x3F, 0x00, 0x3F, 0x00, 0x3F, 0x00, 0x3F, 0x00, 0x3F, 0x00, 0x3F, 0x00,
        0x3F, 0x00, 0x3F, 0x00, 0x3F, 0x00, 0x3F, 0x00, 0x3F, 0x00, 0x3F, 0x00, 0x3F, 0x00, 0x3F, 0x00, 0x3F, 0x00, 0x3F, 0x00, 0x3F, 0x00, 0x3F, 0x00,
        0x3F, 0x00, 0x3F, 0x00, 0x3F, 0x00, 0x3F, 0x00, 0x3F, 0x00, 0x3F, 0x00, 0x3F, 0x00, 0x3F, 0x00, 0x3F, 0x00, 0x3F, 0x00, 0x3F, 0x00, 0x3F, 0x00,
        0x3F, 0x00, 0x3F, 0x00, 0x3F, 0x00, 0x3F, 0x00, 0x3F, 0x00, 0x3F, 0x00, 0x3F, 0x00, 0x3F, 0x00, 0x3F, 0x00, 0x3F, 0x00, 0x3F, 0x00, 0x3F, 0x00,
    },
    // love: 2764.svg, source sha256 05ceefcd3287
    {
        0x3F, 0x00, 0x3F, 0x00, 0x3F, 0x00, 0x3F, 0x00, 0x3F, 0x00, 0x3F, 0x00, 0x3F, 0x00, 0x3F, 0x00, 0x3F, 0x00, 0x3F, 0x00, 0x3F, 0x00, 0x3F, 0x00,
        0x3F, 0x00, 0x3F, 0x00, 0x3F, 0x00, 0x3F, 0x00, 0x3F, 0x00, 0x3F, 0x00, 0x3F, 0x00, 0x3F, 0x00, 0x3F, 0x00, 0x3F, 0x00, 0x3F, 0x00, 0x3F, 0x00,
        0x3F, 0x00, 0x3F, 0x00, 0x3F, 0x00, 0x3F, 0x00, 0x3F, 0x00, 0x3F, 0x00, 0x3F, 0x00, 0x3F, 0x00, 0x3F, 0x00, 0x3F, 0x00, 0x3F, 0x00, 0x3F, 0x00,
        0x3F, 0x00, 0x3F, 0x00, 0x3F, 0x00, 0x3F, 0x00, 0x3F, 0x00, 0x3F, 0x00, 0x3F, 0x00, 0x3F, 0x00, 0x3F, 0x00, 0x3F, 0x00, 0x3F, 0x00, 0x3F, 0x00,
        0x3F, 0x00, 0x3F, 0x00, 0x3F, 0x00, 0x3F, 0x00, 0x3F, 0x00, 0x3F, 0x00, 0x3F, 0x00, 0x3F, 0x00, 0x3F, 0x00, 0x3F, 0x00, 0x3F, 0x00, 0x3F, 0x00,
        0x3F, 0x00, 0x3F, 0x00, 0x3F, 0x00, 0x3F, 0x00, 0x3F, 0x00, 0x3F, 0x00, 0x3F, 0x00, 0x3F, 0x00, 0x3F, 0x00, 0x3F, 0x00, 0x3F, 0x00, 0x3F, 0x00,
        0x3F, 0x00, 0x3F, 0x00, 0x3F, 0x00, 0x3F, 0x00, 0x3F, 0x00, 0x3F, 0x00, 0x3F, 0x00, 0x3F, 0x00, 0x3F, 0x00, 0x3F, 0x00, 0x3F, 0x00, 0x3F, 0x00,
        0x3F, 0x00, 0x3F, 0x00, 0x3F, 0x00, 0x3F, 0x00, 0x3F, 0x00, 0x3F, 0x00, 0x3F, 0x00, 0x3F, 0x00, 0x3F, 0x00, 0x3F, 0x00, 0x3F, 0x00, 0x3F, 0x00,
        0x3F, 0x00, 0x3F, 0x00, 0x3F, 0x00, 0x3F, 0x00, 0x3F, 0x00, 0x3F, 0x00, 0x3F, 0x00, 0x3F, 0x00, 0x3F, 0x00, 0x3F, 0x00, 0x3F, 0x00, 0x3F, 0x00,
        0x3F, 0x00, 0x3F, 0x00, 0x3F, 0x00, 0x3F, 0x00, 0x3F, 0x00, 0x3F, 0x00, 0x3F, 0x00, 0x3F, 0x00, 0x3F, 0x00, 0x3F, 0x00, 0x3F, 0x00, 0x3F, 0x00,
        0x3F, 0x00, 0x3F, 0x00, 0x3F, 0x00, 0x3F, 0x00, 0x3F, 0x00, 0x3F, 0x00, 0x3F, 0x00, 0x3F, 0x00, 0x3F, 0x00, 0x3F, 0x00, 0x3F, 0x00, 0x3F, 0x00,
        0x3F, 0x00, 0x3F, 0x00, 0x3F, 0x00, 0x3F, 0x00, 0x3F, 0x00, 0x3F, 0x00, 0x3F, 0x00, 0x3F, 0x00, 0x3F, 0x00, 0x3F, 0x00, 0x3F, 0x00, 0x3F, 0x00,
        0x3F, 0x00, 0x3F, 0x00, 0x3F, 0x00, 0x3F, 0x00, 0x3F, 0x00, 0x3F, 0x00, 0x3F, 0x00, 0x3F, 0x00, 0x3F, 0x00, 0x3F, 0x00, 0x3F, 0x00, 0x3F, 0x00,
        0x3F, 0x00, 0x3F, 0x00, 0x3F, 0x00, 0x3F, 0x00, 0x3F, 0x00, 0x3F, 0x00, 0x3F, 0x00, 0x3F, 0x00, 0x3F, 0x00, 0x3F, 0x00, 0x3F, 0x00, 0x3F, 0x00,
        0x3F, 0x00, 0x3F, 0x00, 0x3F, 0x00, 0x3F, 0x00, 0x3F, 0x00, 0x3F, 0x00, 0x3F, 0x00, 0x3F, 0x00, 0x3F, 0x00, 0x3F, 0x00, 0x3F, 0x00, 0x3F, 0x00,
        0x3F, 0x00, 0x3F, 0x00, 0x3F, 0x00, 0x3F, 0x00, 0x3F, 0x00, 0x3F, 0x00, 0x3F, 0x00, 0x3F, 0x00, 0x3F, 0x00, 0x3F, 0x00, 0x3F, 0x00, 0x3F, 0x00,
        0x3F, 0x00, 0x3F, 0x00, 0x3F, 0x00, 0x3F, 0x00, 0x3F, 0x00, 0x3F, 0x00, 0x3F, 0x00, 0x3F, 0x00, 0x3F, 0x00, 0x3F, 0x00, 0x3F, 0x00, 0x3F, 0x00,
        0x3F, 0x00, 0x3F, 0x00, 0x3F, 0x00, 0x3F, 0x00, 0x3F, 0x00, 0x3F, 0x00, 0x3F, 0x00, 0x3F, 0x00, 0x3F, 0x00, 0x3F, 0x00, 0x3F, 0x00, 0x3F, 0x00,
        0x3F, 0x00, 0x3F, 0x00, 0x3F, 0x00, 0x3F, 0x00, 0x3F, 0x00, 0x3F, 0x00, 0x3F, 0x00, 0x3F, 0x00, 0x3F, 0x00, 0x3F, 0x00, 0x3F, 0x00, 0x3F, 0x00,
        0x3F, 0x00, 0x3F, 0x00, 0x3F, 0x00, 0x3F, 0x00, 0x3F, 0x00, 0x3F, 0x00, 0x3F, 0x00, 0x3F, 0x00, 0x3F, 0x00, 0x3F, 0x00, 0x3F, 0x00, 0x3F, 0x00,
        0x3F, 0x00, 0x3F, 0x00, 0x3F, 0x00, 0x3F, 0x00, 0x3F, 0x00, 0x3F, 0x00, 0x3F, 0x00, 0x3F, 0x00, 0x3F, 0x00, 0x3F, 0x00, 0x3F, 0x00, 0x3F, 0x00,
        0x3F, 0x00, 0x3F, 0x00, 0x3F, 0x02, 0x3F, 0x03, 0x3F, 0x03, 0x3F, 0x03, 0x3F, 0x02, 0x3F, 0x01, 0x3F, 0x00, 0x3F, 0x00, 0x3F, 0x00, 0x3F, 0x00,
        0x3F, 0x00, 0x3F, 0x00, 0x3F, 0x00, 0x3F, 0x00, 0x3F, 0x01, 0x3F, 0x02, 0x3F, 0x03, 0x3F, 0x03, 0x3F, 0x03, 0x3F, 0x02, 0x3F, 0x00, 0x3F, 0x00,
        0x3F, 0x00, 0x3F, 0x00, 0x3F, 0x00, 0x3F, 0x00, 0x3F, 0x00, 0x3F, 0x00, 0x3F, 0x00, 0x3F, 0x00, 0x3F, 0x00, 0x3F, 0x00, 0x3F, 0x00, 0x3F, 0x00,
        0x3F, 0x00, 0x3F, 0x00, 0x3F, 0x00, 0x3F, 0x00, 0x3F, 0x00, 0x3F, 0x00, 0x3F, 0x00, 0x3F, 0x00, 0x3F, 0x00, 0x3F, 0x00, 0x3F, 0x00, 0x3F, 0x00,
        0x3F, 0x03, 0x3F, 0x01, 0x3F, 0x00, 0x3E, 0x00, 0x3E, 0x00, 0x3E, 0x00, 0x3F, 0x00, 0x3F, 0x00, 0x3F, 0x04, 0x3F, 0x01, 0x3F, 0x00, 0x3F, 0x00,
        0x3F, 0x00, 0x3F, 0x00, 0x3F, 0x01, 0x3F, 0x04, 0x3F, 0x00, 0x3F, 0x00, 0x3E, 0x00, 0x3E, 0x00, 0x3E, 0x00, 0x3F, 0x00, 0x3F, 0x01, 0x3F, 0x03,
        0x3F, 0x00, 0x3F, 0x00, 0x3F, 0x00, 0x3F, 0x00, 0x3F, 0x00, 0x3F, 0x00, 0x3F, 0x00, 0x3F, 0x00, 0x3F, 0x00, 0x3F, 0x00, 0x3F, 0x00, 0x3F, 0x00,
        0x3F, 0x00, 0x3F, 0x00, 0x3F, 0x00, 0x3F, 0x00, 0x3F, 0x00, 0x3F, 0x00, 0x3F, 0x00, 0x3F, 0x00, 0x3F, 0x00, 0x3F, 0x00, 0x3F, 0x01, 0x3F, 0x02,
        0x3F, 0x00, 0x38, 0x00, 0x2D, 0x1D, 0x3F, 0x42, 0x3F, 0x54, 0x3F, 0x4B, 0x3A, 0x2B, 0x00, 0x03, 0x3E, 0x00, 0x3F, 0x00, 0x3F, 0x02, 0x3F, 0x00,
        0x3F, 0x00, 0x3F, 0x02, 0x3F, 0x00, 0x3E, 0x00, 0x00, 0x03, 0x3A, 0x2B, 0x3F, 0x4B, 0x3F, 0x54, 0x3F, 0x42, 0x2A, 0x1D, 0x38, 0x00, 0x3F, 0x00,
        0x3F, 0x02, 0x3F, 0x01, 0x3F, 0x00, 0x3F, 0x00, 0x3F, 0x00, 0x3F, 0x00, 0x3F, 0x00, 0x3F, 0x00, 0x3F, 0x00, 0x3F, 0x00, 0x3F, 0x00, 0x3F, 0x00,
        0x3F, 0x00, 0x3F, 0x00, 0x3F, 0x00, 0x3F, 0x00, 0x3F, 0x00, 0x3F, 0x00, 0x3F, 0x00, 0x3F, 0x00, 0x3F, 0x00, 0x3F, 0x01, 0x3F, 0x00, 0x3E, 0x00,
        0x3C, 0x4F, 0x3F, 0xBA, 0x3F, 0xF4, 0x35, 0xFF, 0x31, 0xFF, 0x34, 0xFF, 0x3F, 0xFD, 0x3F, 0xD5, 0x3F, 0x79, 0x29, 0x0D, 0x3F, 0x00, 0x3F, 0x03,
        0x3F, 0x03, 0x3F, 0x00, 0x29, 0x0D, 0x3F, 0x79, 0x3F, 0xD5, 0x3F, 0xFD, 0x34, 0xFF, 0x31, 0xFF, 0x36, 0xFF, 0x3F, 0xF4, 0x3F, 0xBA, 0x3C, 0x4F,
        0x3E, 0x00, 0x3F, 0x00, 0x3F, 0x01, 0x3F, 0x00, 0x3F, 0x00, 0x3F, 0x00, 0x3F, 0x00, 0x3F, 0x00, 0x3F, 0x00, 0x3F, 0x00, 0x3F, 0x00, 0x3F, 0x00,
        0x3F, 0x00, 0x3F, 0x00, 0x3F, 0x00, 0x3F, 0x00, 0x3F, 0x00, 0x3F, 0x00, 0x3F, 0x00, 0x3F, 0x00, 0x3F, 0x02, 0x3F, 0x00, 0x29, 0x0F, 0x3F, 0xA9,
        0x3F, 0xFF, 0x24, 0xFF, 0x1F, 0xFF, 0x1A, 0xFD, 0x18, 0xFC, 0x19, 0xFC, 0x1D, 0xFF, 0x22, 0xFF, 0x30, 0xFF, 0x3F, 0xD6, 0x34, 0x38, 0x3F, 0x00,
        0x3F, 0x00, 0x34, 0x38, 0x3F, 0xD6, 0x30, 0xFF, 0x22, 0xFF, 0x1D, 0xFF, 0x19, 0xFC, 0x18, 0xFC, 0x1A, 0xFD, 0x1F, 0xFF, 0x24, 0xFF, 0x3F, 0xFF,
        0x3F, 0xA9, 0x29, 0x0F, 0x3F, 0x00, 0x3F, 0x02, 0x3F, 0x00, 0x3F, 0x00, 0x3F, 0x00, 0x3F, 0x00, 0x3F, 0x00, 0x3F, 0x00, 0x3F, 0x00, 0x3F, 0x00,
        0x3F, 0x00, 0x3F, 0x00, 0x3F, 0x00, 0x3F, 0x00, 0x3F, 0x00, 0x3F, 0x00, 0x3F, 0x00, 0x3F, 0x01, 0x3F, 0x02, 0x30, 0x0F, 0x3F, 0xC9, 0x2B, 0xFF,
        0x1E, 0xFB, 0x02, 0xFC, 0x05, 0xFE, 0x0A, 0xFF, 0x0D, 0xFF, 0x0C, 0xFF, 0x07, 0xFE, 0x01, 0xFD, 0x18, 0xFA, 0x26, 0xFF, 0x3F, 0xF5, 0x34, 0x35,
        0x34, 0x35, 0x3F, 0xF5, 0x26, 0xFF, 0x18, 0xFA, 0x01, 0xFD, 0x07, 0xFE, 0x0C, 0xFF, 0x0D, 0xFF, 0x0A, 0xFF, 0x05, 0xFE, 0x02, 0xFC, 0x1E, 0xFB,
        0x2B, 0xFF, 0x3F, 0xC9, 0x30, 0x0F, 0x3F, 0x02, 0x3F, 0x01, 0x3F, 0x00, 0x3F, 0x00, 0x3F, 0x00, 0x3F, 0x00, 0x3F, 0x00, 0x3F, 0x00, 0x3F, 0x00,
        0x3F, 0x00, 0x3F, 0x00, 0x3F, 0x00, 0x3F, 0x00, 0x3F, 0x00, 0x3F, 0x00, 0x3F, 0x00, 0x3F, 0x02, 0x3E, 0x00, 0x3E, 0xAC, 0x2B, 0xFF, 0x19, 0xF9,
        0x02, 0xFF, 0x15, 0xFF, 0x14, 0xFF, 0x10, 0xFF, 0x10, 0xFF, 0x10, 0xFF, 0x12, 0xFF, 0x15, 0xFF, 0x0A, 0xFF, 0x07, 0xFC, 0x24, 0xFF, 0x3F, 0xE9,
        0x3F, 0xE9, 0x24, 0xFF, 0x07, 0xFC, 0x0A, 0xFF, 0x15, 0xFF, 0x12, 0xFF, 0x10, 0xFF, 0x10, 0xFF, 0x10, 0xFF, 0x14, 0xFF, 0x15, 0xFF, 0x03, 0xFF,
        0x19, 0xF9, 0x2B, 0xFF, 0x3E, 0xAC, 0x3E, 0x00, 0x3F, 0x02, 0x3F, 0x00, 0x3F, 0x00, 0x3F, 0x00, 0x3F, 0x00, 0x3F, 0x00, 0x3F, 0x00, 0x3F, 0x00,
        0x3F, 0x00, 0x3F, 0x00, 0x3F, 0x00, 0x3F, 0x00, 0x3F, 0x00, 0x3F, 0x00, 0x3F, 0x03, 0x3F, 0x00, 0x37, 0x4C, 0x3E, 0xFF, 0x1E, 0xFB, 0x01, 0xFF,
        0x15, 0xFF, 0x0E, 0xFF, 0x0E, 0xFF, 0x0E, 0xFF, 0x0E, 0xFF, 0x0E, 0xFF, 0x0E, 0xFF, 0x0E, 0xFF, 0x14, 0xFF, 0x0D, 0xFF, 0x13, 0xFE, 0x2B, 0xFF,
        0x2B, 0xFF, 0x13, 0xFE, 0x0D, 0xFF, 0x14, 0xFF, 0x0E, 0xFF, 0x0E, 0xFF, 0x0E, 0xFF, 0x0E, 0xFF, 0x0E, 0xFF, 0x0E, 0xFF, 0x0E, 0xFF, 0x15, 0xFF,
        0x02, 0xFF, 0x1E, 0xFB, 0x3E, 0xFF, 0x37, 0x4D, 0x3F, 0x00, 0x3F, 0x03, 0x3F, 0x00, 0x3F, 0x00, 0x3F, 0x00, 0x3F, 0x00, 0x3F, 0x00, 0x3F, 0x00,
        0x3F, 0x00, 0x3F, 0x00, 0x3F, 0x00, 0x3F, 0x00, 0x3F, 0x00, 0x3F, 0x00, 0x3F, 0x02, 0x38, 0x00, 0x3F, 0xBE, 0x24, 0xFE, 0x02, 0xFC, 0x15, 0xFF,
        0x0E, 0xFF, 0x0E, 0xFF, 0x0E, 0xFF, 0x0E, 0xFF, 0x0E, 0xFF, 0x0E, 0xFF, 0x0E, 0xFF, 0x0E, 0xFF, 0x0E, 0xFF, 0x12, 0xFF, 0x08, 0xFF, 0x1B, 0xFE,
        0x1B, 0xFE, 0x08, 0xFF, 0x12, 0xFF, 0x0E, 0xFF, 0x0E, 0xFF, 0x0E, 0xFF, 0x0E, 0xFF, 0x0E, 0xFF, 0x0E, 0xFF, 0x0E, 0xFF, 0x0E, 0xFF, 0x0E, 0xFF,
        0x15, 0xFF, 0x02, 0xFC, 0x24, 0xFE, 0x3F, 0xBE, 0x38, 0x00, 0x3F, 0x02, 0x3F, 0x00, 0x3F, 0x00, 0x3F, 0x00, 0x3F, 0x00, 0x3F, 0x00, 0x3F, 0x00,
        0x3F, 0x00, 0x3F, 0x00, 0x3F, 0x00, 0x3F, 0x00, 0x3F, 0x00, 0x3F, 0x02, 0x3F, 0x00, 0x2D, 0x1C, 0x3F, 0xF6, 0x1F, 0xFF, 0x05, 0xFE, 0x14, 0xFF,
        0x0E, 0xFF, 0x0E, 0xFF, 0x0E, 0xFF, 0x0E, 0xFF, 0x0E, 0xFF, 0x0E, 0xFF, 0x0E, 0xFF, 0x0E, 0xFF, 0x0E, 0xFF, 0x0E, 0xFF, 0x11, 0xFF, 0x08, 0xFF,
        0x08, 0xFF, 0x11, 0xFF, 0x0E, 0xFF, 0x0E, 0xFF, 0x0E, 0xFF, 0x0E, 0xFF, 0x0E, 0xFF, 0x0E, 0xFF, 0x0E, 0xFF, 0x0E, 0xFF, 0x0E, 0xFF, 0x0E, 0xFF,
        0x14, 0xFF, 0x05, 0xFE, 0x1F, 0xFF, 0x3F, 0xF6, 0x2D, 0x1C, 0x3F, 0x00, 0x3F, 0x02, 0x3F, 0x00, 0x3F, 0x00, 0x3F, 0x00, 0x3F, 0x00, 0x3F, 0x00,
        0x3F, 0x00, 0x3F, 0x00, 0x3F, 0x00, 0x3F, 0x00, 0x3F, 0x00, 0x3F, 0x03, 0x3E, 0x00, 0x3F, 0x43, 0x35, 0xFF, 0x1A, 0xFD, 0x0A, 0xFF, 0x10, 0xFF,
        0x0E, 0xFF, 0x0E, 0xFF, 0x0E, 0xFF, 0x0E, 0xFF, 0x0E, 0xFF, 0x0E, 0xFF, 0x0E, 0xFF, 0x0E, 0xFF, 0x0E, 0xFF, 0x0E, 0xFF, 0x0E, 0xFF, 0x11, 0xFF,
        0x11, 0xFF, 0x0E, 0xFF, 0x0E, 0xFF, 0x0E, 0xFF, 0x0E, 0xFF, 0x0E, 0xFF, 0x0E, 0xFF, 0x0E, 0xFF, 0x0E, 0xFF, 0x0E, 0xFF, 0x0E, 0xFF, 0x0E, 0xFF,
        0x10, 0xFF, 0x0A, 0xFF, 0x1A, 0xFD, 0x35, 0xFF, 0x3F, 0x43, 0x3E, 0x00, 0x3F, 0x03, 0x3F, 0x00, 0x3F, 0x00, 0x3F, 0x00, 0x3F, 0x00, 0x3F, 0x00,
        0x3F, 0x00, 0x3F, 0x00, 0x3F, 0x00, 0x3F, 0x00, 0x3F, 0x00, 0x3F, 0x03, 0x3E, 0x00, 0x3F, 0x54, 0x31, 0xFE, 0x18, 0xFC, 0x0D, 0xFF, 0x10, 0xFF,
        0x0E, 0xFF, 0x0E, 0xFF, 0x0E, 0xFF, 0x0E, 0xFF, 0x0E, 0xFF, 0x0E, 0xFF, 0x0E, 0xFF, 0x0E, 0xFF, 0x0E, 0xFF, 0x0E, 0xFF, 0x0E, 0xFF, 0x0E, 0xFF,
        0x0E, 0xFF, 0x0E, 0xFF, 0x0E, 0xFF, 0x0E, 0xFF, 0x0E, 0xFF, 0x0E, 0xFF, 0x0E, 0xFF, 0x0E, 0xFF, 0x0E, 0xFF, 0x0E, 0xFF, 0x0E, 0xFF, 0x0E, 0xFF,
        0x10, 0xFF, 0x0D, 0xFF, 0x18, 0xFC, 0x31, 0xFE, 0x3F, 0x53, 0x3E, 0x00, 0x3F, 0x03, 0x3F, 0x00, 0x3F, 0x00, 0x3F, 0x00, 0x3F, 0x00, 0x3F, 0x00,
        0x3F, 0x00, 0x3F, 0x00, 0x3F, 0x00, 0x3F, 0x00, 0x3F, 0x00, 0x3F, 0x03, 0x3E, 0x00, 0x3F, 0x4B, 0x34, 0xFF, 0x19, 0xFC, 0x0C, 0xFF, 0x10, 0xFF,
        0x0E, 0xFF, 0x0E, 0xFF, 0x0E, 0xFF, 0x0E, 0xFF, 0x0E, 0xFF, 0x0E, 0xFF, 0x0E, 0xFF, 0x0E, 0xFF, 0x0E, 0xFF, 0x0E, 0xFF, 0x0E, 0xFF, 0x0E, 0xFF,
        0x0E, 0xFF, 0x0E, 0xFF, 0x0E, 0xFF, 0x0E, 0xFF, 0x0E, 0xFF, 0x0E, 0xFF, 0x0E, 0xFF, 0x0E, 0xFF, 0x0E, 0xFF, 0x0E, 0xFF, 0x0E, 0xFF, 0x0E, 0xFF,
        0x10, 0xFF, 0x0C, 0xFF, 0x19, 0xFC, 0x34, 0xFF, 0x3F, 0x4B, 0x3E, 0x00, 0x3F, 0x03, 0x3F, 0x00, 0x3F, 0x00, 0x3F, 0x00, 0x3F, 0x00, 0x3F, 0x00,
        0x3F, 0x00, 0x3F, 0x00, 0x3F, 0x00, 0x3F, 0x00, 0x3F, 0x00, 0x3F, 0x02, 0x3F, 0x00, 0x3A, 0x2A, 0x3F, 0xFD, 0x1D, 0xFF, 0x07, 0xFF, 0x11, 0xFF,
        0x0E, 0xFF, 0x0E, 0xFF, 0x0E, 0xFF, 0x0E, 0xFF, 0x0E, 0xFF, 0x0E, 0xFF, 0x0E, 0xFF, 0x0E, 0xFF, 0x0E, 0xFF, 0x0E, 0xFF, 0x0E, 0xFF, 0x0E, 0xFF,
        0x0E, 0xFF, 0x0E, 0xFF, 0x0E, 0xFF, 0x0E, 0xFF, 0x0E, 0xFF, 0x0E, 0xFF, 0x0E, 0xFF, 0x0E, 0xFF, 0x0E, 0xFF, 0x0E, 0xFF, 0x0E, 0xFF, 0x0E, 0xFF,
        0x12, 0xFF, 0x07, 0xFF, 0x1D, 0xFF, 0x3F, 0xFC, 0x3A, 0x2A, 0x3F, 0x00, 0x3F, 0x02, 0x3F, 0x00, 0x3F, 0x00, 0x3F, 0x00, 0x3F, 0x00, 0x3F, 0x00,
        0x3F, 0x00, 0x3F, 0x00, 0x3F, 0x00, 0x3F, 0x00, 0x3F, 0x00, 0x3F, 0x01, 0x3F, 0x01, 0x17, 0x04, 0x3F, 0xD7, 0x22, 0xFE, 0x01, 0xFD, 0x15, 0xFF,
        0x0E, 0xFF, 0x0E, 0xFF, 0x0E, 0xFF, 0x0E, 0xFF, 0x0E, 0xFF, 0x0E, 0xFF, 0x0E, 0xFF, 0x0E, 0xFF, 0x0E, 0xFF, 0x0E, 0xFF, 0x0E, 0xFF, 0x0E, 0xFF,
        0x0E, 0xFF, 0x0E, 0xFF, 0x0E, 0xFF, 0x0E, 0xFF, 0x0E, 0xFF, 0x0E, 0xFF, 0x0E, 0xFF, 0x0E, 0xFF, 0x0E, 0xFF, 0x0E, 0xFF, 0x0E, 0xFF, 0x0E, 0xFF,
        0x15, 0xFF, 0x01, 0xFD, 0x22, 0xFE, 0x3F, 0xD6, 0x17, 0x04, 0x3F, 0x01, 0x3F, 0x01, 0x3F, 0x00, 0x3F, 0x00, 0x3F, 0x00, 0x3F, 0x00, 0x3F, 0x00,
        0x3F, 0x00, 0x3F, 0x00, 0x3F, 0x00, 0x3F, 0x00, 0x3F, 0x00, 0x3F, 0x00, 0x3F, 0x04, 0x3E, 0x00, 0x3D, 0x76, 0x30, 0xFF, 0x19, 0xFB, 0x08, 0xFF,
        0x11, 0xFF, 0x0E, 0xFF, 0x0E, 0xFF, 0x0E, 0xFF, 0x0E, 0xFF, 0x0E, 0xFF, 0x0E, 0xFF, 0x0E, 0xFF, 0x0E, 0xFF, 0x0E, 0xFF, 0x0E, 0xFF, 0x0E, 0xFF,
        0x0E, 0xFF, 0x0E, 0xFF, 0x0E, 0xFF, 0x0E, 0xFF, 0x0E, 0xFF, 0x0E, 0xFF, 0x0E, 0xFF, 0x0E, 0xFF, 0x0E, 0xFF, 0x0E, 0xFF, 0x0E, 0xFF, 0x11, 0xFF,
        0x08, 0xFF, 0x19, 0xFB, 0x31, 0xFF, 0x3D, 0x74, 0x3E, 0x00, 0x3F, 0x04, 0x3F, 0x00, 0x3F, 0x00, 0x3F, 0x00, 0x3F, 0x00, 0x3F, 0x00, 0x3F, 0x00,
        0x3F, 0x00, 0x3F, 0x00, 0x3F, 0x00, 0x3F, 0x00, 0x3F, 0x00, 0x3F, 0x00, 0x3F, 0x01, 0x3F, 0x01, 0x29, 0x0D, 0x3F, 0xDC, 0x26, 0xFF, 0x07, 0xFD,
        0x10, 0xFF, 0x0E, 0xFF, 0x0E, 0xFF, 0x0E, 0xFF, 0x0E, 0xFF, 0x0E, 0xFF, 0x0E, 0xFF, 0x0E, 0xFF, 0x0E, 0xFF, 0x0E, 0xFF, 0x0E, 0xFF, 0x0E, 0xFF,
        0x0E, 0xFF, 0x0E, 0xFF, 0x0E, 0xFF, 0x0E, 0xFF, 0x0E, 0xFF, 0x0E, 0xFF, 0x0E, 0xFF, 0x0E, 0xFF, 0x0E, 0xFF, 0x0E, 0xFF, 0x0E, 0xFF, 0x10, 0xFF,
        0x07, 0xFD, 0x26, 0xFF, 0x3F, 0xDB, 0x29, 0x0C, 0x3F, 0x01, 0x3F, 0x01, 0x3F, 0x00, 0x3F, 0x00, 0x3F, 0x00, 0x3F, 0x00, 0x3F, 0x00, 0x3F, 0x00,
        0x3F, 0x00, 0x3F, 0x00, 0x3F, 0x00, 0x3F, 0x00, 0x3F, 0x00, 0x3F, 0x00, 0x3F, 0x00, 0x3F, 0x03, 0x3F, 0x00, 0x2F, 0x38, 0x3F, 0xF9, 0x21, 0xFC,
        0x02, 0xFE, 0x14, 0xFF, 0x0E, 0xFF, 0x0E, 0xFF, 0x0E, 0xFF, 0x0E, 0xFF, 0x0E, 0xFF, 0x0E, 0xFF, 0x0E, 0xFF, 0x0E, 0xFF, 0x0E, 0xFF, 0x0E, 0xFF,
        0x0E, 0xFF, 0x0E, 0xFF, 0x0E, 0xFF, 0x0E, 0xFF, 0x0E, 0xFF, 0x0E, 0xFF, 0x0E, 0xFF, 0x0E, 0xFF, 0x0E, 0xFF, 0x0E, 0xFF, 0x14, 0xFF, 0x02, 0xFE,
        0x21, 0xFC, 0x3F, 0xF9, 0x2F, 0x38, 0x3F, 0x00, 0x3F, 0x03, 0x3F, 0x00, 0x3F, 0x00, 0x3F, 0x00, 0x3F, 0x00, 0x3F, 0x00, 0x3F, 0x00, 0x3F, 0x00,
        0x3F, 0x00, 0x3F, 0x00, 0x3F, 0x00, 0x3F, 0x00, 0x3F, 0x00, 0x3F, 0x00, 0x3F, 0x00, 0x3F, 0x00, 0x3F, 0x04, 0x3F, 0x00, 0x34, 0x63, 0x3F, 0xFF,
        0x1F, 0xFB, 0x02, 0xFF, 0x15, 0xFF, 0x0E, 0xFF, 0x0E, 0xFF, 0x0E, 0xFF, 0x0E, 0xFF, 0x0E, 0xFF, 0x0E, 0xFF, 0x0E, 0xFF, 0x0E, 0xFF, 0x0E, 0xFF,
        0x0E, 0xFF, 0x0E, 0xFF, 0x0E, 0xFF, 0x0E, 0xFF, 0x0E, 0xFF, 0x0E, 0xFF, 0x0E, 0xFF, 0x0E, 0xFF, 0x0E, 0xFF, 0x15, 0xFF, 0x02, 0xFF, 0x1F, 0xFB,
        0x3F, 0xFF, 0x34, 0x64, 0x3F, 0x00, 0x3F, 0x04, 0x3F, 0x00, 0x3F, 0x00, 0x3F, 0x00, 0x3F, 0x00, 0x3F, 0x00, 0x3F, 0x00, 0x3F, 0x00, 0x3F, 0x00,
        0x3F, 0x00, 0x3F, 0x00, 0x3F, 0x00, 0x3F, 0x00, 0x3F, 0x00, 0x3F, 0x00, 0x3F, 0x00, 0x3F, 0x00, 0x3F, 0x00, 0x3F, 0x04, 0x3E, 0x00, 0x3C, 0x91,
        0x34, 0xFF, 0x1B, 0xFB, 0x07, 0xFF, 0x13, 0xFF, 0x0E, 0xFF, 0x0E, 0xFF, 0x0E, 0xFF, 0x0E, 0xFF, 0x0E, 0xFF, 0x0E, 0xFF, 0x0E, 0xFF, 0x0E, 0xFF,
        0x0E, 0xFF, 0x0E, 0xFF, 0x0E, 0xFF, 0x0E, 0xFF, 0x0E, 0xFF, 0x0E, 0xFF, 0x0E, 0xFF, 0x0E, 0xFF, 0x13, 0xFF, 0x07, 0xFF, 0x1B, 0xFB, 0x34, 0xFF,
        0x3C, 0x92, 0x3E, 0x00, 0x3F, 0x04, 0x3F, 0x00, 0x3F, 0x00, 0x3F, 0x00, 0x3F, 0x00, 0x3F, 0x00, 0x3F, 0x00, 0x3F, 0x00, 0x3F, 0x00, 0x3F, 0x00,
        0x3F, 0x00, 0x3F, 0x00, 0x3F, 0x00, 0x3F, 0x00, 0x3F, 0x00, 0x3F, 0x00, 0x3F, 0x00, 0x3F, 0x00, 0x3F, 0x00, 0x3F, 0x01, 0x3F, 0x03, 0x0F, 0x02,
        0x3F, 0xBC, 0x2A, 0xFF, 0x16, 0xFC, 0x0C, 0xFF, 0x11, 0xFF, 0x0E, 0xFF, 0x0E, 0xFF, 0x0E, 0xFF, 0x0E, 0xFF, 0x0E, 0xFF, 0x0E, 0xFF, 0x0E, 0xFF,
        0x0E, 0xFF, 0x0E, 0xFF, 0x0E, 0xFF, 0x0E, 0xFF, 0x0E, 0xFF, 0x0E, 0xFF, 0x0E, 0xFF, 0x11, 0xFF, 0x0D, 0xFF, 0x16, 0xFC, 0x2A, 0xFF, 0x3F, 0xBC,
        0x0F, 0x02, 0x3F, 0x03, 0x3F, 0x01, 0x3F, 0x00, 0x3F, 0x00, 0x3F, 0x00, 0x3F, 0x00, 0x3F, 0x00, 0x3F, 0x00, 0x3F, 0x00, 0x3F, 0x00, 0x3F, 0x00,
        0x3F, 0x00, 0x3F, 0x00, 0x3F, 0x00, 0x3F, 0x00, 0x3F, 0x00, 0x3F, 0x00, 0x3F, 0x00, 0x3F, 0x00, 0x3F, 0x00, 0x3F, 0x00, 0x3F, 0x02, 0x3F, 0x01,
        0x27, 0x15, 0x3F, 0xDF, 0x26, 0xFF, 0x09, 0xFD, 0x0E, 0xFF, 0x10, 0xFF, 0x0E, 0xFF, 0x0E, 0xFF, 0x0E, 0xFF, 0x0E, 0xFF, 0x0E, 0xFF, 0x0E, 0xFF,
        0x0E, 0xFF, 0x0E, 0xFF, 0x0E, 0xFF, 0x0E, 0xFF, 0x0E, 0xFF, 0x0E, 0xFF, 0x10, 0xFF, 0x0E, 0xFF, 0x08, 0xFD, 0x26, 0xFF, 0x3F, 0xDF, 0x27, 0x15,
        0x3F, 0x01, 0x3F, 0x02, 0x3F, 0x00, 0x3F, 0x00, 0x3F, 0x00, 0x3F, 0x00, 0x3F, 0x00, 0x3F, 0x00, 0x3F, 0x00, 0x3F, 0x00, 0x3F, 0x00, 0x3F, 0x00,
        0x3F, 0x00, 0x3F, 0x00, 0x3F, 0x00, 0x3F, 0x00, 0x3F, 0x00, 0x3F, 0x00, 0x3F, 0x00, 0x3F, 0x00, 0x3F, 0x00, 0x3F, 0x00, 0x3F, 0x00, 0x3F, 0x03,
        0x3F, 0x00, 0x2B, 0x33, 0x3F, 0xF7, 0x22, 0xFD, 0x02, 0xFE, 0x13, 0xFF, 0x0E, 0xFF, 0x0E, 0xFF, 0x0E, 0xFF, 0x0E, 0xFF, 0x0E, 0xFF, 0x0E, 0xFF,
        0x0E, 0xFF, 0x0E, 0xFF, 0x0E, 0xFF, 0x0E, 0xFF, 0x0E, 0xFF, 0x0E, 0xFF, 0x13, 0xFF, 0x02, 0xFE, 0x22, 0xFC, 0x3F, 0xF6, 0x2E, 0x34, 0x3F, 0x00,
        0x3F, 0x03, 0x3F, 0x00, 0x3F, 0x00, 0x3F, 0x00, 0x3F, 0x00, 0x3F, 0x00, 0x3F, 0x00, 0x3F, 0x00, 0x3F, 0x00, 0x3F, 0x00, 0x3F, 0x00, 0x3F, 0x00,
        0x3F, 0x00, 0x3F, 0x00, 0x3F, 0x00, 0x3F, 0x00, 0x3F, 0x00, 0x3F, 0x00, 0x3F, 0x00, 0x3F, 0x00, 0x3F, 0x00, 0x3F, 0x00, 0x3F, 0x00, 0x3F, 0x00,
        0x3F, 0x04, 0x3F, 0x00, 0x34, 0x5C, 0x3F, 0xFF, 0x20, 0xFB, 0x02, 0xFF, 0x15, 0xFF, 0x0E, 0xFF, 0x0E, 0xFF, 0x0E, 0xFF, 0x0E, 0xFF, 0x0E, 0xFF,
        0x0E, 0xFF, 0x0E, 0xFF, 0x0E, 0xFF, 0x0E, 0xFF, 0x0E, 0xFF, 0x15, 0xFF, 0x02, 0xFF, 0x20, 0xFB, 0x3F, 0xFF, 0x34, 0x5C, 0x3F, 0x00, 0x3F, 0x04,
        0x3F, 0x00, 0x3F, 0x00, 0x3F, 0x00, 0x3F, 0x00, 0x3F, 0x00, 0x3F, 0x00, 0x3F, 0x00, 0x3F, 0x00, 0x3F, 0x00, 0x3F, 0x00, 0x3F, 0x00, 0x3F, 0x00,
        0x3F, 0x00, 0x3F, 0x00, 0x3F, 0x00, 0x3F, 0x00, 0x3F, 0x00, 0x3F, 0x00, 0x3F, 0x00, 0x3F, 0x00, 0x3F, 0x00, 0x3F, 0x00, 0x3F, 0x00, 0x3F, 0x00,
        0x3F, 0x00, 0x3F, 0x04, 0x3E, 0x00, 0x3C, 0x89, 0x35, 0xFF, 0x1C, 0xFB, 0x06, 0xFF, 0x13, 0xFF, 0x0E, 0xFF, 0x0E, 0xFF, 0x0E, 0xFF, 0x0E, 0xFF,
        0x0E, 0xFF, 0x0E, 0xFF, 0x0E, 0xFF, 0x0E, 0xFF, 0x13, 0xFF, 0x06, 0xFF, 0x1C, 0xFB, 0x35, 0xFF, 0x3C, 0x8A, 0x3E, 0x00, 0x3F, 0x04, 0x3F, 0x00,
        0x3F, 0x00, 0x3F, 0x00, 0x3F, 0x00, 0x3F, 0x00, 0x3F, 0x00, 0x3F, 0x00, 0x3F, 0x00, 0x3F, 0x00, 0x3F, 0x00, 0x3F, 0x00, 0x3F, 0x00, 0x3F, 0x00,
        0x3F, 0x00, 0x3F, 0x00, 0x3F, 0x00, 0x3F, 0x00, 0x3F, 0x00, 0x3F, 0x00, 0x3F, 0x00, 0x3F, 0x00, 0x3F, 0x00, 0x3F, 0x00, 0x3F, 0x00, 0x3F, 0x00,
        0x3F, 0x00, 0x3F, 0x01, 0x3F, 0x03, 0x3D, 0x00, 0x3F, 0xB5, 0x2A, 0xFF, 0x18, 0xFB, 0x0A, 0xFF, 0x11, 0xFF, 0x0E, 0xFF, 0x0E, 0xFF, 0x0E, 0xFF,
        0x0E, 0xFF, 0x0E, 0xFF, 0x0E, 0xFF, 0x11, 0xFF, 0x0A, 0xFF, 0x18, 0xFB, 0x2A, 0xFF, 0x3F, 0xB5, 0x3D, 0x00, 0x3F, 0x03, 0x3F, 0x01, 0x3F, 0x00,
        0x3F, 0x00, 0x3F, 0x00, 0x3F, 0x00, 0x3F, 0x00, 0x3F, 0x00, 0x3F, 0x00, 0x3F, 0x00, 0x3F, 0x00, 0x3F, 0x00, 0x3F, 0x00, 0x3F, 0x00, 0x3F, 0x00,
        0x3F, 0x00, 0x3F, 0x00, 0x3F, 0x00, 0x3F, 0x00, 0x3F, 0x00, 0x3F, 0x00, 0x3F, 0x00, 0x3F, 0x00, 0x3F, 0x00, 0x3F, 0x00, 0x3F, 0x00, 0x3F, 0x00,
        0x3F, 0x00, 0x3F, 0x00, 0x3F, 0x01, 0x3F, 0x01, 0x27, 0x11, 0x3F, 0xDA, 0x28, 0xFF, 0x0C, 0xFD, 0x0E, 0xFF, 0x10, 0xFF, 0x0E, 0xFF, 0x0E, 0xFF,
        0x0E, 0xFF, 0x0E, 0xFF, 0x10, 0xFF, 0x0E, 0xFF, 0x0C, 0xFD, 0x28, 0xFF, 0x3F, 0xDA, 0x27, 0x11, 0x3F, 0x01, 0x3F, 0x01, 0x3F, 0x00, 0x3F, 0x00,
        0x3F, 0x00, 0x3F, 0x00, 0x3F, 0x00, 0x3F, 0x00, 0x3F, 0x00, 0x3F, 0x00, 0x3F, 0x00, 0x3F, 0x00, 0x3F, 0x00, 0x3F, 0x00, 0x3F, 0x00, 0x3F, 0x00,
        0x3F, 0x00, 0x3F, 0x00, 0x3F, 0x00, 0x3F, 0x00, 0x3F, 0x00, 0x3F, 0x00, 0x3F, 0x00, 0x3F, 0x00, 0x3F, 0x00, 0x3F, 0x00, 0x3F, 0x00, 0x3F, 0x00,
        0x3F, 0x00, 0x3F, 0x00, 0x3F, 0x00, 0x3F, 0x03, 0x3F, 0x00, 0x2E, 0x2D, 0x3F, 0xF3, 0x23, 0xFD, 0x04, 0xFE, 0x14, 0xFF, 0x0E, 0xFF, 0x0E, 0xFF,
        0x0E, 0xFF, 0x0E, 0xFF, 0x13, 0xFF, 0x04, 0xFE, 0x23, 0xFD, 0x3F, 0xF3, 0x2E, 0x2E, 0x3F, 0x00, 0x3F, 0x03, 0x3F, 0x00, 0x3F, 0x00, 0x3F, 0x00,
        0x3F, 0x00, 0x3F, 0x00, 0x3F, 0x00, 0x3F, 0x00, 0x3F, 0x00, 0x3F, 0x00, 0x3F, 0x00, 0x3F, 0x00, 0x3F, 0x00, 0x3F, 0x00, 0x3F, 0x00, 0x3F, 0x00,
        0x3F, 0x00, 0x3F, 0x00, 0x3F, 0x00, 0x3F, 0x00, 0x3F, 0x00, 0x3F, 0x00, 0x3F, 0x00, 0x3F, 0x00, 0x3F, 0x00, 0x3F, 0x00, 0x3F, 0x00, 0x3F, 0x00,
        0x3F, 0x00, 0x3F, 0x00, 0x3F, 0x00, 0x3F, 0x00, 0x3F, 0x04, 0x3F, 0x00, 0x34, 0x54, 0x3F, 0xFF, 0x20, 0xFB, 0x01, 0xFE, 0x15, 0xFF, 0x0E, 0xFF,
        0x0E, 0xFF, 0x15, 0xFF, 0x01, 0xFE, 0x20, 0xFB, 0x3F, 0xFF, 0x32, 0x55, 0x3F, 0x00, 0x3F, 0x04, 0x3F, 0x00, 0x3F, 0x00, 0x3F, 0x00, 0x3F, 0x00,
        0x3F, 0x00, 0x3F, 0x00, 0x3F, 0x00, 0x3F, 0x00, 0x3F, 0x00, 0x3F, 0x00, 0x3F, 0x00, 0x3F, 0x00, 0x3F, 0x00, 0x3F, 0x00, 0x3F, 0x00, 0x3F, 0x00,
        0x3F, 0x00, 0x3F, 0x00, 0x3F, 0x00, 0x3F, 0x00, 0x3F, 0x00, 0x3F, 0x00, 0x3F, 0x00, 0x3F, 0x00, 0x3F, 0x00, 0x3F, 0x00, 0x3F, 0x00, 0x3F, 0x00,
        0x3F, 0x00, 0x3F, 0x00, 0x3F, 0x00, 0x3F, 0x00, 0x3F, 0x00, 0x3F, 0x04, 0x3E, 0x00, 0x39, 0x81, 0x38, 0xFF, 0x1D, 0xFB, 0x05, 0xFF, 0x14, 0xFF,
        0x14, 0xFF, 0x05, 0xFF, 0x1D, 0xFB, 0x38, 0xFF, 0x39, 0x82, 0x3E, 0x00, 0x3F, 0x05, 0x3F, 0x00, 0x3F, 0x00, 0x3F, 0x00, 0x3F, 0x00, 0x3F, 0x00,
        0x3F, 0x00, 0x3F, 0x00, 0x3F, 0x00, 0x3F, 0x00, 0x3F, 0x00, 0x3F, 0x00, 0x3F, 0x00, 0x3F, 0x00, 0x3F, 0x00, 0x3F, 0x00, 0x3F, 0x00, 0x3F, 0x00,
        0x3F, 0x00, 0x3F, 0x00, 0x3F, 0x00, 0x3F, 0x00, 0x3F, 0x00, 0x3F, 0x00, 0x3F, 0x00, 0x3F, 0x00, 0x3F, 0x00, 0x3F, 0x00, 0x3F, 0x00, 0x3F, 0x00,
        0x3F, 0x00, 0x3F, 0x00, 0x3F, 0x00, 0x3F, 0x00, 0x3F, 0x00, 0x3F, 0x01, 0x3F, 0x04, 0x3D, 0x00, 0x3F, 0xAE, 0x2B, 0xFF, 0x18, 0xFB, 0x0D, 0xFF,
        0x0D, 0xFF, 0x18, 0xFB, 0x2B, 0xFF, 0x3F, 0xAE, 0x3D, 0x00, 0x3F, 0x04, 0x3F, 0x01, 0x3F, 0x00, 0x3F, 0x00, 0x3F, 0x00, 0x3F, 0x00, 0x3F, 0x00,
        0x3F, 0x00, 0x3F, 0x00, 0x3F, 0x00, 0x3F, 0x00, 0x3F, 0x00, 0x3F, 0x00, 0x3F, 0x00, 0x3F, 0x00, 0x3F, 0x00, 0x3F, 0x00, 0x3F, 0x00, 0x3F, 0x00,
        0x3F, 0x00, 0x3F, 0x00, 0x3F, 0x00, 0x3F, 0x00, 0x3F, 0x00, 0x3F, 0x00, 0x3F, 0x00, 0x3F, 0x00, 0x3F, 0x00, 0x3F, 0x00, 0x3F, 0x00, 0x3F, 0x00,
        0x3F, 0x00, 0x3F, 0x00, 0x3F, 0x00, 0x3F, 0x00, 0x3F, 0x00, 0x3F, 0x00, 0x3F, 0x01, 0x3F, 0x02, 0x25, 0x0D, 0x3F, 0xD4, 0x28, 0xFF, 0x0B, 0xFC,
        0x0A, 0xFC, 0x28, 0xFF, 0x3F, 0xD5, 0x25, 0x0E, 0x3F, 0x02, 0x3F, 0x01, 0x3F, 0x00, 0x3F, 0x00, 0x3F, 0x00, 0x3F, 0x00, 0x3F, 0x00, 0x3F, 0x00,
        0x3F, 0x00, 0x3F, 0x00, 0x3F, 0x00, 0x3F, 0x00, 0x3F, 0x00, 0x3F, 0x00, 0x3F, 0x00, 0x3F, 0x00, 0x3F, 0x00, 0x3F, 0x00, 0x3F, 0x00, 0x3F, 0x00,
        0x3F, 0x00, 0x3F, 0x00, 0x3F, 0x00, 0x3F, 0x00, 0x3F, 0x00, 0x3F, 0x00, 0x3F, 0x00, 0x3F, 0x00, 0x3F, 0x00, 0x3F, 0x00, 0x3F, 0x00, 0x3F, 0x00,
        0x3F, 0x00, 0x3F, 0x00, 0x3F, 0x00, 0x3F, 0x00, 0x3F, 0x00, 0x3F, 0x00, 0x3F, 0x00, 0x3F, 0x03, 0x3F, 0x00, 0x2D, 0x28, 0x3F, 0xF0, 0x23, 0xFC,
        0x23, 0xFC, 0x3F, 0xF0, 0x2D, 0x28, 0x3F, 0x00, 0x3F, 0x03, 0x3F, 0x00, 0x3F, 0x00, 0x3F, 0x00, 0x3F, 0x00, 0x3F, 0x00, 0x3F, 0x00, 0x3F, 0x00,
        0x3F, 0x00, 0x3F, 0x00, 0x3F, 0x00, 0x3F, 0x00, 0x3F, 0x00, 0x3F, 0x00, 0x3F, 0x00, 0x3F, 0x00, 0x3F, 0x00, 0x3F, 0x00, 0x3F, 0x00, 0x3F, 0x00,
        0x3F, 0x00, 0x3F, 0x00, 0x3F, 0x00, 0x3F, 0x00, 0x3F, 0x00, 0x3F, 0x00, 0x3F, 0x00, 0x3F, 0x00, 0x3F, 0x00, 0x3F, 0x00, 0x3F, 0x00, 0x3F, 0x00,
        0x3F, 0x00, 0x3F, 0x00, 0x3F, 0x00, 0x3F, 0x00, 0x3F, 0x00, 0x3F, 0x00, 0x3F, 0x00, 0x3F, 0x00, 0x3F, 0x04, 0x3F, 0x00, 0x3C, 0x4D, 0x3F, 0xFF,
        0x3F, 0xFF, 0x3A, 0x4D, 0x3F, 0x00, 0x3F, 0x04, 0x3F, 0x00, 0x3F, 0x00, 0x3F, 0x00, 0x3F, 0x00, 0x3F, 0x00, 0x3F, 0x00, 0x3F, 0x00, 0x3F, 0x00,
        0x3F, 0x00, 0x3F, 0x00, 0x3F, 0x00, 0x3F, 0x00, 0x3F, 0x00, 0x3F, 0x00, 0x3F, 0x00, 0x3F, 0x00, 0x3F, 0x00, 0x3F, 0x00, 0x3F, 0x00, 0x3F, 0x00,
        0x3F, 0x00, 0x3F, 0x00, 0x3F, 0x00, 0x3F, 0x00, 0x3F, 0x00, 0x3F, 0x00, 0x3F, 0x00, 0x3F, 0x00, 0x3F, 0x00, 0x3F, 0x00, 0x3F, 0x00, 0x3F, 0x00,
        0x3F, 0x00, 0x3F, 0x00, 0x3F, 0x00, 0x3F, 0x00, 0x3F, 0x00, 0x3F, 0x00, 0x3F, 0x00, 0x3F, 0x00, 0x3F, 0x00, 0x3F, 0x03, 0x3F, 0x00, 0x3B, 0x70,
        0x3B, 0x70, 0x3F, 0x00, 0x3F, 0x03, 0x3F, 0x00, 0x3F, 0x00, 0x3F, 0x00, 0x3F, 0x00, 0x3F, 0x00, 0x3F, 0x00, 0x3F, 0x00, 0x3F, 0x00, 0x3F, 0x00,
        0x3F, 0x00, 0x3F, 0x00, 0x3F, 0x00, 0x3F, 0x00, 0x3F, 0x00, 0x3F, 0x00, 0x3F, 0x00, 0x3F, 0x00, 0x3F, 0x00, 0x3F, 0x00, 0x3F, 0x00, 0x3F, 0x00,
        0x3F, 0x00, 0x3F, 0x00, 0x3F, 0x00, 0x3F, 0x00, 0x3F, 0x00, 0x3F, 0x00, 0x3F, 0x00, 0x3F, 0x00, 0x3F, 0x00, 0x3F, 0x00, 0x3F, 0x00, 0x3F, 0x00,
        0x3F, 0x00, 0x3F, 0x00, 0x3F, 0x00, 0x3F, 0x00, 0x3F, 0x00, 0x3F, 0x00, 0x3F, 0x00, 0x3F, 0x00, 0x3F, 0x00, 0x3F, 0x00, 0x3F, 0x02, 0x3F, 0x00,
        0x3F, 0x00, 0x3F, 0x02, 0x3F, 0x00, 0x3F, 0x00, 0x3F, 0x00, 0x3F, 0x00, 0x3F, 0x00, 0x3F, 0x00, 0x3F, 0x00, 0x3F, 0x00, 0x3F, 0x00, 0x3F, 0x00,
        0x3F, 0x00, 0x3F, 0x00, 0x3F, 0x00, 0x3F, 0x00, 0x3F, 0x00, 0x3F, 0x00, 0x3F, 0x00, 0x3F, 0x00, 0x3F, 0x00, 0x3F, 0x00, 0x3F, 0x00, 0x3F, 0x00,
        0x3F, 0x00, 0x3F, 0x00, 0x3F, 0x00, 0x3F, 0x00, 0x3F, 0x00, 0x3F, 0x00, 0x3F, 0x00, 0x3F, 0x00, 0x3F, 0x00, 0x3F, 0x00, 0x3F, 0x00, 0x3F, 0x00,
        0x3F, 0x00, 0x3F, 0x00, 0x3F, 0x00, 0x3F, 0x00, 0x3F, 0x00, 0x3F, 0x00, 0x3F, 0x00, 0x3F, 0x00, 0x3F, 0x00, 0x3F, 0x00, 0x3F, 0x00, 0x3F, 0x03,
        0x3F, 0x03, 0x3F, 0x00, 0x3F, 0x00, 0x3F, 0x00, 0x3F, 0x00, 0x3F, 0x00, 0x3F, 0x00, 0x3F, 0x00, 0x3F, 0x00, 0x3F, 0x00, 0x3F, 0x00, 0x3F, 0x00,
        0x3F, 0x00, 0x3F, 0x00, 0x3F, 0x00, 0x3F, 0x00, 0x3F, 0x00, 0x3F, 0x00, 0x3F, 0x00, 0x3F, 0x00, 0x3F, 0x00, 0x3F, 0x00, 0x3F, 0x00, 0x3F, 0x00,
        0x3F, 0x00, 0x3F, 0x00, 0x3F, 0x00, 0x3F, 0x00, 0x3F, 0x00, 0x3F, 0x00, 0x3F, 0x00, 0x3F, 0x00, 0x3F, 0x00, 0x3F, 0x00, 0x3F, 0x00, 0x3F, 0x00,
        0x3F, 0x00, 0x3F, 0x00, 0x3F, 0x00, 0x3F, 0x00, 0x3F, 0x00, 0x3F, 0x00, 0x3F, 0x00, 0x3F, 0x00, 0x3F, 0x00, 0x3F, 0x00, 0x3F, 0x00, 0x3F, 0x00,
        0x3F, 0x00, 0x3F, 0x00, 0x3F, 0x00, 0x3F, 0x00, 0x3F, 0x00, 0x3F, 0x00, 0x3F, 0x00, 0x3F, 0x00, 0x3F, 0x00, 0x3F, 0x00, 0x3F, 0x00, 0x3F, 0x00,
        0x3F, 0x00, 0x3F, 0x00, 0x3F, 0x00, 0x3F, 0x00, 0x3F, 0x00, 0x3F, 0x00, 0x3F, 0x00, 0x3F, 0x00, 0x3F, 0x00, 0x3F, 0x00, 0x3F, 0x00, 0x3F, 0x00,
        0x3F, 0x00, 0x3F, 0x00, 0x3F, 0x00, 0x3F, 0x00, 0x3F, 0x00, 0x3F, 0x00, 0x3F, 0x00, 0x3F, 0x00, 0x3F, 0x00, 0x3F, 0x00, 0x3F, 0x00, 0x3F, 0x00,
        0x3F, 0x00, 0x3F, 0x00, 0x3F, 0x00, 0x3F, 0x00, 0x3F, 0x00, 0x3F, 0x00, 0x3F, 0x00, 0x3F, 0x00, 0x3F, 0x00, 0x3F, 0x00, 0x3F, 0x00, 0x3F, 0x00,
        0x3F, 0x00, 0x3F, 0x00, 0x3F, 0x00, 0x3F, 0x00, 0x3F, 0x00, 0x3F, 0x00, 0x3F, 0x00, 0x3F, 0x00, 0x3F, 0x00, 0x3F, 0x00, 0x3F, 0x00, 0x3F, 0x00,
        0x3F, 0x00, 0x3F, 0x00, 0x3F, 0x00, 0x3F, 0x00, 0x3F, 0x00, 0x3F, 0x00, 0x3F, 0x00, 0x3F, 0x00, 0x3F, 0x00, 0x3F, 0x00, 0x3F, 0x00, 0x3F, 0x00,
        0x3F, 0x00, 0x3F, 0x00, 0x3F, 0x00, 0x3F, 0x00, 0x3F, 0x00, 0x3F, 0x00, 0x3F, 0x00, 0x3F, 0x00, 0x3F, 0x00, 0x3F, 0x00, 0x3F, 0x00, 0x3F, 0x00,
        0x3F, 0x00, 0x3F, 0x00, 0x3F, 0x00, 0x3F, 0x00, 0x3F, 0x00, 0x3F, 0x00, 0x3F, 0x00, 0x3F, 0x00, 0x3F, 0x00, 0x3F, 0x00, 0x3F, 0x00, 0x3F, 0x00,
        0x3F, 0x00, 0x3F, 0x00, 0x3F, 0x00, 0x3F, 0x00, 0x3F, 0x00, 0x3F, 0x00, 0x3F, 0x00, 0x3F, 0x00, 0x3F, 0x00, 0x3F, 0x00, 0x3F, 0x00, 0x3F, 0x00,
        0x3F, 0x00, 0x3F, 0x00, 0x3F, 0x00, 0x3F, 0x00, 0x3F, 0x00, 0x3F, 0x00, 0x3F, 0x00, 0x3F, 0x00, 0x3F, 0x00, 0x3F, 0x00, 0x3F, 0x00, 0x3F, 0x00,
        0x3F, 0x00, 0x3F, 0x00, 0x3F, 0x00, 0x3F, 0x00, 0x3F, 0x00, 0x3F, 0x00, 0x3F, 0x00, 0x3F, 0x00, 0x3F, 0x00, 0x3F, 0x00, 0x3F, 0x00, 0x3F, 0x00,
        0x3F, 0x00, 0x3F, 0x00, 0x3F, 0x00, 0x3F, 0x00, 0x3F, 0x00, 0x3F, 0x00, 0x3F, 0x00, 0x3F, 0x00, 0x3F, 0x00, 0x3F, 0x00, 0x3F, 0x00, 0x3F, 0x00,
        0x3F, 0x00, 0x3F, 0x00, 0x3F, 0x00, 0x3F, 0x00, 0x3F, 0x00, 0x3F, 0x00, 0x3F, 0x00, 0x3F, 0x00, 0x3F, 0x00, 0x3F, 0x00, 0x3F, 0x00, 0x3F, 0x00,
        0x3F, 0x00, 0x3F, 0x00, 0x3F, 0x00, 0x3F, 0x00, 0x3F, 0x00, 0x3F, 0x00, 0x3F, 0x00, 0x3F, 0x00, 0x3F, 0x00, 0x3F, 0x00, 0x3F, 0x00, 0x3F, 0x00,
        0x3F, 0x00, 0x3F, 0x00, 0x3F, 0x00, 0x3F, 0x00, 0x3F, 0x00, 0x3F, 0x00, 0x3F, 0x00, 0x3F, 0x00, 0x3F, 0x00, 0x3F, 0x00, 0x3F, 0x00, 0x3F, 0x00,
        0x3F, 0x00, 0x3F, 0x00, 0x3F, 0x00, 0x3F, 0x00, 0x3F, 0x00, 0x3F, 0x00, 0x3F, 0x00, 0x3F, 0x00, 0x3F, 0x00, 0x3F, 0x00, 0x3F, 0x00, 0x3F, 0x00,
        0x3F, 0x00, 0x3F, 0x00, 0x3F, 0x00, 0x3F, 0x00, 0x3F, 0x00, 0x3F, 0x00, 0x3F, 0x00, 0x3F, 0x00, 0x3F, 0x00, 0x3F, 0x00, 0x3F, 0x00, 0x3F, 0x00,
        0x3F, 0x00, 0x3F, 0x00, 0x3F, 0x00, 0x3F, 0x00, 0x3F, 0x00, 0x3F, 0x00, 0x3F, 0x00, 0x3F, 0x00, 0x3F, 0x00, 0x3F, 0x00, 0x3F, 0x00, 0x3F, 0x00,
        0x3F, 0x00, 0x3F, 0x00, 0x3F, 0x00, 0x3F, 0x00, 0x3F, 0x00, 0x3F, 0x00, 0x3F, 0x00, 0x3F, 0x00, 0x3F, 0x00, 0x3F, 0x00, 0x3F, 0x00, 0x3F, 0x00,
        0x3F, 0x00, 0x3F, 0x00, 0x3F, 0x00, 0x3F, 0x00, 0x3F, 0x00, 0x3F, 0x00, 0x3F, 0x00, 0x3F, 0x00, 0x3F, 0x00, 0x3F, 0x00, 0x3F, 0x00, 0x3F, 0x00,
        0x3F, 0x00, 0x3F, 0x00, 0x3F, 0x00, 0x3F, 0x00, 0x3F, 0x00, 0x3F, 0x00, 0x3F, 0x00, 0x3F, 0x00, 0x3F, 0x00, 0x3F, 0x00, 0x3F, 0x00, 0x3F, 0x00,
        0x3F, 0x00, 0x3F, 0x00, 0x3F, 0x00, 0x3F, 0x00, 0x3F, 0x00, 0x3F, 0x00, 0x3F, 0x00, 0x3F, 0x00, 0x3F, 0x00, 0x3F, 0x00, 0x3F, 0x00, 0x3F, 0x00,
    },
    // crying: 1F62D.svg, source sha256 3fe2965c4152
    {
        0x3F, 0x00, 0x3F, 0x00, 0x3F, 0x00, 0x3F, 0x00, 0x3F, 0x00, 0x3F, 0x00, 0x3F, 0x00, 0x3F, 0x00, 0x3F, 0x00, 0x3F, 0x00, 0x3F, 0x00, 0x3F, 0x00,
        0x3F, 0x00, 0x3F, 0x00, 0x3F, 0x00, 0x3F, 0x00, 0x3F, 0x00, 0x3F, 0x00, 0x3F, 0x00, 0x3F, 0x00, 0x3F, 0x00, 0x3F, 0x00, 0x3F, 0x00, 0x3F, 0x00,
        0x3F, 0x00, 0x3F, 0x00, 0x3F, 0x00, 0x3F, 0x00, 0x3F, 0x00, 0x3F, 0x00, 0x3F, 0x00, 0x3F, 0x00, 0x3F, 0x00, 0x3F, 0x00, 0x3F, 0x00, 0x3F, 0x00,
        0x3F, 0x00, 0x3F, 0x00, 0x3F, 0x00, 0x3F, 0x00, 0x3F, 0x00, 0x3F, 0x00, 0x3F, 0x00, 0x3F, 0x00, 0x3F, 0x00, 0x3F, 0x00, 0x3F, 0x00, 0x3F, 0x00,
        0x3F, 0x00, 0x3F, 0x00, 0x3F, 0x00, 0x3F, 0x00, 0x3F, 0x00, 0x3F, 0x00, 0x3F, 0x00, 0x3F, 0x00, 0x3F, 0x00, 0x3F, 0x00, 0x3F, 0x00, 0x3F, 0x00,
        0x3F, 0x00, 0x3F, 0x00, 0x3F, 0x00, 0x3F, 0x00, 0x3F, 0x00, 0x3F, 0x00, 0x3F, 0x00, 0x3F, 0x00, 0x3F, 0x00, 0x3F, 0x00, 0x3F, 0x00, 0x3F, 0x00,
        0x3F, 0x00, 0x3F, 0x00, 0x3F, 0x00, 0x3F, 0x00, 0x3F, 0x00, 0x3F, 0x00, 0x3F, 0x00, 0x3F, 0x00, 0x3F, 0x00, 0x3F, 0x00, 0x3F, 0x00, 0x3F, 0x00,
        0x3F, 0x00, 0x3F, 0x00, 0x3F, 0x00, 0x3F, 0x00, 0x3F, 0x00, 0x3F, 0x00, 0x3F, 0x00, 0x3F, 0x00, 0x3F, 0x00, 0x3F, 0x00, 0x3F, 0x00, 0x3F, 0x00,
        0x3F, 0x00, 0x3F, 0x00, 0x3F, 0x00, 0x3F, 0x00, 0x3F, 0x00, 0x3F, 0x00, 0x3F, 0x00, 0x3F, 0x00, 0x3F, 0x00, 0x3F, 0x00, 0x3F, 0x00, 0x3F, 0x00,
        0x3F, 0x00, 0x3F, 0x00, 0x3F, 0x00, 0x3F, 0x00, 0x3F, 0x00, 0x3F, 0x00, 0x3F, 0x00, 0x3F, 0x00, 0x3F, 0x00, 0x3F, 0x00, 0x3F, 0x00, 0x3F, 0x00,
        0x3F, 0x00, 0x3F, 0x00, 0x3F, 0x00, 0x3F, 0x00, 0x3F, 0x00, 0x3F, 0x00, 0x3F, 0x00, 0x3F, 0x00, 0x3F, 0x00, 0x3F, 0x00, 0x3F, 0x00, 0x3F, 0x00,
        0x3F, 0x00, 0x3F, 0x00, 0x3F, 0x00, 0x3F, 0x00, 0x3F, 0x00, 0x3F, 0x00, 0x3F, 0x00, 0x3F, 0x00, 0x3F, 0x00, 0x3F, 0x00, 0x3F, 0x00, 0x3F, 0x00,
        0x3F, 0x00, 0x3F, 0x00, 0x3F, 0x00, 0x3F, 0x00, 0x3F, 0x00, 0x3F, 0x00, 0x3F, 0x00, 0x3F, 0x00, 0x3F, 0x00, 0x3F, 0x00, 0x3F, 0x00, 0x3F, 0x00,
        0x3F, 0x00, 0x3F, 0x00, 0x3F, 0x00, 0x3F, 0x00, 0x3F, 0x00, 0x3F, 0x00, 0x3F, 0x00, 0x3F, 0x00, 0x3F, 0x00, 0x3F, 0x00, 0x3F, 0x00, 0x3F, 0x00,
        0x3F, 0x00, 0x3F, 0x00, 0x3F, 0x00, 0x3F, 0x00, 0x3F, 0x00, 0x3F, 0x00, 0x3F, 0x00, 0x3F, 0x00, 0x3F, 0x00, 0x3F, 0x00, 0x3F, 0x00, 0x3F, 0x00,
        0x3F, 0x00, 0x3F, 0x00, 0x3F, 0x00, 0x3F, 0x00, 0x3F, 0x00, 0x3F, 0x00, 0x3F, 0x00, 0x3F, 0x00, 0x3F, 0x00, 0x3F, 0x00, 0x3F, 0x00, 0x3F, 0x00,
        0x3F, 0x00, 0x3F, 0x00, 0x3F, 0x00, 0x3F, 0x00, 0x3F, 0x00, 0x3F, 0x00, 0x3F, 0x00, 0x3F, 0x00, 0x3F, 0x00, 0x3F, 0x00, 0x3F, 0x00, 0x3F, 0x00,
        0x3F, 0x00, 0x3F, 0x00, 0x3F, 0x00, 0x3F, 0x00, 0x3F, 0x00, 0x3F, 0x00, 0x3F, 0x00, 0x3F, 0x00, 0x3F, 0x00, 0x3F, 0x00, 0x3F, 0x00, 0x3F, 0x00,
        0x3F, 0x00, 0x3F, 0x00, 0x3F, 0x00, 0x3F, 0x00, 0x3F, 0x00, 0x3F, 0x00, 0x3F, 0x00, 0x3F, 0x00, 0x3F, 0x00, 0x3F, 0x00, 0x3F, 0x00, 0x3F, 0x00,
        0x3F, 0x00, 0x3F, 0x00, 0x3F, 0x00, 0x3F, 0x00, 0x3F, 0x00, 0x3F, 0x00, 0x3F, 0x00, 0x3F, 0x00, 0x3F, 0x00, 0x3F, 0x00, 0x3F, 0x00, 0x3F, 0x00,
        0x3F, 0x00, 0x3F, 0x00, 0x3F, 0x00, 0x3F, 0x00, 0x3F, 0x00, 0x3F, 0x00, 0x3F, 0x00, 0x3F, 0x00, 0x3F, 0x00, 0x3F, 0x00, 0x3F, 0x00, 0x3F, 0x00,
        0x3F, 0x00, 0x3F, 0x00, 0x3F, 0x00, 0x3F, 0x00, 0x3F, 0x00, 0x3F, 0x00, 0x3F, 0x00, 0x3F, 0x00, 0x3F, 0x00, 0x3F, 0x00, 0x3F, 0x01, 0x3F, 0x01,
        0x3F, 0x01, 0x3F, 0x01, 0x3F, 0x00, 0x3F, 0x00, 0x3F, 0x00, 0x3F, 0x00, 0x3F, 0x00, 0x3F, 0x00, 0x3F, 0x00, 0x3F, 0x00, 0x3F, 0x00, 0x3F, 0x00,
        0x3F, 0x00, 0x3F, 0x00, 0x3F, 0x00, 0x3F, 0x00, 0x3F, 0x00, 0x3F, 0x00, 0x3F, 0x00, 0x3F, 0x00, 0x3F, 0x00, 0x3F, 0x00, 0x3F, 0x00, 0x3F, 0x00,
        0x3F, 0x00, 0x3F, 0x00, 0x3F, 0x00, 0x3F, 0x00, 0x3F, 0x00, 0x3F, 0x00, 0x3F, 0x00, 0x3F, 0x00, 0x3F, 0x00, 0x3F, 0x00, 0x3F, 0x00, 0x3F, 0x00,
        0x3F, 0x00, 0x3F, 0x00, 0x3F, 0x00, 0x3F, 0x00, 0x3F, 0x00, 0x3F, 0x00, 0x3F, 0x01, 0x3F, 0x04, 0x3F, 0x03, 0x3F, 0x01, 0x3F, 0x00, 0x3F, 0x00,
        0x3F, 0x00, 0x3F, 0x00, 0x3F, 0x01, 0x3F, 0x03, 0x3F, 0x04, 0x3F, 0x01, 0x3F, 0x00, 0x3F, 0x00, 0x3F, 0x00, 0x3F, 0x00, 0x3F, 0x00, 0x3F, 0x00,
        0x3F, 0x00, 0x3F, 0x00, 0x3F, 0x00, 0x3F, 0x00, 0x3F, 0x00, 0x3F, 0x00, 0x3F, 0x00, 0x3F, 0x00, 0x3F, 0x00, 0x3F, 0x00, 0x3F, 0x00, 0x3F, 0x00,
        0x3F, 0x00, 0x3F, 0x00, 0x3F, 0x00, 0x3F, 0x00, 0x3F, 0x00, 0x3F, 0x00, 0x3F, 0x00, 0x3F, 0x00, 0x3F, 0x00, 0x3F, 0x00, 0x3F, 0x00, 0x3F, 0x00,
        0x3F, 0x00, 0x3F, 0x00, 0x3F, 0x00, 0x3F, 0x00, 0x3F, 0x02, 0x3F, 0x03, 0x3F, 0x00, 0x3D, 0x00, 0x3B, 0x00, 0x3A, 0x00, 0x2E, 0x09, 0x32, 0x0F,
        0x32, 0x0F, 0x2E, 0x09, 0x3A, 0x00, 0x3B, 0x00, 0x3D, 0x00, 0x3F, 0x00, 0x3F, 0x03, 0x3F, 0x02, 0x3F, 0x00, 0x3F, 0x00, 0x3F, 0x00, 0x3F, 0x00,
        0x3F, 0x00, 0x3F, 0x00, 0x3F, 0x00, 0x3F, 0x00, 0x3F, 0x00, 0x3F, 0x00, 0x3F, 0x00, 0x3F, 0x00, 0x3F, 0x00, 0x3F, 0x00, 0x3F, 0x00, 0x3F, 0x00,
        0x3F, 0x00, 0x3F, 0x00, 0x3F, 0x00, 0x3F, 0x00, 0x3F, 0x00, 0x3F, 0x00, 0x3F, 0x00, 0x3F, 0x00, 0x3F, 0x00, 0x3F, 0x00, 0x3F, 0x00, 0x3F, 0x00,
        0x3F, 0x00, 0x3F, 0x00, 0x3F, 0x01, 0x3F, 0x03, 0x3F, 0x00, 0x3C, 0x00, 0x36, 0x19, 0x3F, 0x5D, 0x3F, 0x9B, 0x3F, 0xC7, 0x3F, 0xE0, 0x3F, 0xED,
        0x3F, 0xED, 0x3F, 0xE0, 0x3F, 0xC7, 0x3F, 0x9B, 0x3F, 0x5D, 0x36, 0x19, 0x3C, 0x00, 0x3F, 0x00, 0x3F, 0x03, 0x3F, 0x01, 0x3F, 0x00, 0x3F, 0x00,
        0x3F, 0x00, 0x3F, 0x00, 0x3F, 0x00, 0x3F, 0x00, 0x3F, 0x00, 0x3F, 0x00, 0x3F, 0x00, 0x3F, 0x00, 0x3F, 0x00, 0x3F, 0x00, 0x3F, 0x00, 0x3F, 0x00,
        0x3F, 0x00, 0x3F, 0x00, 0x3F, 0x00, 0x3F, 0x00, 0x3F, 0x00, 0x3F, 0x00, 0x3F, 0x00, 0x3F, 0x00, 0x3F, 0x00, 0x3F, 0x00, 0x3F, 0x00, 0x3F, 0x00,
        0x3F, 0x00, 0x3F, 0x02, 0x3F, 0x00, 0x3D, 0x00, 0x37, 0x2C, 0x3F, 0x99, 0x3F, 0xED, 0x39, 0xFF, 0x32, 0xFF, 0x2D, 0xFF, 0x2B, 0xFF, 0x29, 0xFF,
        0x29, 0xFF, 0x2B, 0xFF, 0x2D, 0xFF, 0x32, 0xFF, 0x39, 0xFF, 0x3F, 0xED, 0x3F, 0x99, 0x37, 0x2C, 0x3D, 0x00, 0x3F, 0x00, 0x3F, 0x02, 0x3F, 0x00,
        0x3F, 0x00, 0x3F, 0x00, 0x3F, 0x00, 0x3F, 0x00, 0x3F, 0x00, 0x3F, 0x00, 0x3F, 0x00, 0x3F, 0x00, 0x3F, 0x00, 0x3F, 0x00, 0x3F, 0x00, 0x3F, 0x00,
        0x3F, 0x00, 0x3F, 0x00, 0x3F, 0x00, 0x3F, 0x00, 0x3F, 0x00, 0x3F, 0x00, 0x3F, 0x00, 0x3F, 0x00, 0x3F, 0x00, 0x3F, 0x00, 0x3F, 0x00, 0x3F, 0x00,
        0x3F, 0x03, 0x3F, 0x00, 0x33, 0x09, 0x3F, 0x89, 0x3F, 0xF7, 0x33, 0xFF, 0x2B, 0xFF, 0x1D, 0xFC, 0x09, 0xFB, 0x04, 0xFC, 0x05, 0xFD, 0x07, 0xFE,
        0x07, 0xFE, 0x05, 0xFD, 0x04, 0xFC, 0x09, 0xFB, 0x1D, 0xFC, 0x2B, 0xFF, 0x33, 0xFF, 0x3F, 0xF7, 0x3F, 0x89, 0x33, 0x09, 0x3F, 0x00, 0x3F, 0x03,
        0x3F, 0x00, 0x3F, 0x00, 0x3F, 0x00, 0x3F, 0x00, 0x3F, 0x00, 0x3F, 0x00, 0x3F, 0x00, 0x3F, 0x00, 0x3F, 0x00, 0x3F, 0x00, 0x3F, 0x00, 0x3F, 0x00,
        0x3F, 0x00, 0x3F, 0x00, 0x3F, 0x00, 0x3F, 0x00, 0x3F, 0x00, 0x3F, 0x00, 0x3F, 0x00, 0x3F, 0x00, 0x3F, 0x00, 0x3F, 0x00, 0x3F, 0x00, 0x3F, 0x03,
        0x3F, 0x00, 0x37, 0x26, 0x3F, 0xCC, 0x37, 0xFF, 0x2B, 0xFF, 0x0E, 0xFB, 0x06, 0xFE, 0x0B, 0xFF, 0x13, 0xFF, 0x1A, 0xFF, 0x1A, 0xFF, 0x19, 0xFF,
        0x19, 0xFF, 0x1A, 0xFF, 0x1A, 0xFF, 0x13, 0xFF, 0x0B, 0xFF, 0x06, 0xFE, 0x0E, 0xFB, 0x2B, 0xFF, 0x37, 0xFF, 0x3F, 0xCC, 0x37, 0x26, 0x3F, 0x00,
        0x3F, 0x03, 0x3F, 0x00, 0x3F, 0x00, 0x3F, 0x00, 0x3F, 0x00, 0x3F, 0x00, 0x3F, 0x00, 0x3F, 0x00, 0x3F, 0x00, 0x3F, 0x00, 0x3F, 0x00, 0x3F, 0x00,
        0x3F, 0x00, 0x3F, 0x00, 0x3F, 0x00, 0x3F, 0x00, 0x3F, 0x00, 0x3F, 0x00, 0x3F, 0x00, 0x3F, 0x00, 0x3F, 0x00, 0x3F, 0x00, 0x3F, 0x03, 0x3F, 0x00,
        0x37, 0x32, 0x3F, 0xE7, 0x33, 0xFF, 0x1D, 0xFB, 0x05, 0xFE, 0x0F, 0xFF, 0x1A, 0xFF, 0x11, 0xFF, 0x0F, 0xFF, 0x0F, 0xFF, 0x0F, 0xFF, 0x0F, 0xFF,
        0x0F, 0xFF, 0x0F, 0xFF, 0x0F, 0xFF, 0x0F, 0xFF, 0x11, 0xFF, 0x1A, 0xFF, 0x0F, 0xFF, 0x05, 0xFE, 0x1D, 0xFA, 0x33, 0xFF, 0x3F, 0xE7, 0x37, 0x33,
        0x3F, 0x00, 0x3F, 0x03, 0x3F, 0x00, 0x3F, 0x00, 0x3F, 0x00, 0x3F, 0x00, 0x3F, 0x00, 0x3F, 0x00, 0x3F, 0x00, 0x3F, 0x00, 0x3F, 0x00, 0x3F, 0x00,
        0x3F, 0x00, 0x3F, 0x00, 0x3F, 0x00, 0x3F, 0x00, 0x3F, 0x00, 0x3F, 0x00, 0x3F, 0x00, 0x3F, 0x00, 0x3F, 0x00, 0x3F, 0x02, 0x3F, 0x00, 0x37, 0x25,
        0x3F, 0xE8, 0x30, 0xFF, 0x10, 0xFB, 0x0A, 0xFF, 0x1A, 0xFF, 0x0F, 0xFF, 0x0F, 0xFF, 0x0F, 0xFF, 0x0F, 0xFF, 0x0F, 0xFF, 0x0F, 0xFF, 0x0F, 0xFF,
        0x0F, 0xFF, 0x0F, 0xFF, 0x0F, 0xFF, 0x0F, 0xFF, 0x0F, 0xFF, 0x0F, 0xFF, 0x0F, 0xFF, 0x1A, 0xFF, 0x0A, 0xFF, 0x10, 0xFB, 0x30, 0xFF, 0x3F, 0xE9,
        0x37, 0x25, 0x3F, 0x00, 0x3F, 0x02, 0x3F, 0x00, 0x3F, 0x00, 0x3F, 0x00, 0x3F, 0x00, 0x3F, 0x00, 0x3F, 0x00, 0x3F, 0x00, 0x3F, 0x00, 0x3F, 0x00,
        0x3F, 0x00, 0x3F, 0x00, 0x3F, 0x00, 0x3F, 0x00, 0x3F, 0x00, 0x3F, 0x00, 0x3F, 0x00, 0x3F, 0x00, 0x3F, 0x01, 0x3F, 0x03, 0x32, 0x09, 0x3F, 0xCF,
        0x33, 0xFF, 0x10, 0xFB, 0x0B, 0xFF, 0x1A, 0xFF, 0x0F, 0xFF, 0x0F, 0xFF, 0x0F, 0xFF, 0x0F, 0xFF, 0x0F, 0xFF, 0x0F, 0xFF, 0x0F, 0xFF, 0x0F, 0xFF,
        0x0F, 0xFF, 0x0F, 0xFF, 0x0F, 0xFF, 0x0F, 0xFF, 0x0F, 0xFF, 0x0F, 0xFF, 0x0F, 0xFF, 0x0F, 0xFF, 0x1A, 0xFF, 0x0B, 0xFF, 0x10, 0xFB, 0x33, 0xFF,
        0x3F, 0xCF, 0x32, 0x09, 0x3F, 0x03, 0x3F, 0x01, 0x3F, 0x00, 0x3F, 0x00, 0x3F, 0x00, 0x3F, 0x00, 0x3F, 0x00, 0x3F, 0x00, 0x3F, 0x00, 0x3F, 0x00,
        0x3F, 0x00, 0x3F, 0x00, 0x3F, 0x00, 0x3F, 0x00, 0x3F, 0x00, 0x3F, 0x00, 0x3F, 0x00, 0x3F, 0x00, 0x3F, 0x03, 0x3D, 0x00, 0x3B, 0x8A, 0x37, 0xFF,
        0x1D, 0xFA, 0x0A, 0xFF, 0x1A, 0xFF, 0x0F, 0xFF, 0x0F, 0xFF, 0x0F, 0xFF, 0x0F, 0xFF, 0x0F, 0xFF, 0x0F, 0xFF, 0x0F, 0xFF, 0x0F, 0xFF, 0x0F, 0xFF,
        0x0F, 0xFF, 0x0F, 0xFF, 0x0F, 0xFF, 0x0F, 0xFF, 0x0F, 0xFF, 0x0F, 0xFF, 0x0F, 0xFF, 0x0F, 0xFF, 0x0F, 0xFF, 0x1A, 0xFF, 0x0A, 0xFF, 0x1D, 0xFA,
        0x37, 0xFF, 0x3B, 0x88, 0x3D, 0x00, 0x3F, 0x03, 0x3F, 0x00, 0x3F, 0x00, 0x3F, 0x00, 0x3F, 0x00, 0x3F, 0x00, 0x3F, 0x00, 0x3F, 0x00, 0x3F, 0x00,
        0x3F, 0x00, 0x3F, 0x00, 0x3F, 0x00, 0x3F, 0x00, 0x3F, 0x00, 0x3F, 0x00, 0x3F, 0x00, 0x3F, 0x02, 0x3F, 0x01, 0x37, 0x28, 0x3F, 0xF9, 0x2B, 0xFC,
        0x04, 0xFE, 0x1A, 0xFF, 0x0F, 0xFF, 0x0F, 0xFF, 0x0F, 0xFF, 0x0F, 0xFF, 0x0F, 0xFF, 0x0F, 0xFF, 0x0F, 0xFF, 0x0F, 0xFF, 0x0F, 0xFF, 0x0F, 0xFF,
        0x0F, 0xFF, 0x0F, 0xFF, 0x0F, 0xFF, 0x0F, 0xFF, 0x0F, 0xFF, 0x0F, 0xFF, 0x0F, 0xFF, 0x0F, 0xFF, 0x0F, 0xFF, 0x0F, 0xFF, 0x1A, 0xFF, 0x04, 0xFE,
        0x2B, 0xFC, 0x3F, 0xF9, 0x37, 0x27, 0x3F, 0x01, 0x3F, 0x02, 0x3F, 0x00, 0x3F, 0x00, 0x3F, 0x00, 0x3F, 0x00, 0x3F, 0x00, 0x3F, 0x00, 0x3F, 0x00,
        0x3F, 0x00, 0x3F, 0x00, 0x3F, 0x00, 0x3F, 0x00, 0x3F, 0x00, 0x3F, 0x00, 0x3F, 0x00, 0x3F, 0x03, 0x3C, 0x00, 0x3F, 0x9C, 0x35, 0xFF, 0x0E, 0xFB,
        0x0C, 0xFF, 0x0F, 0xFF, 0x0F, 0xFF, 0x0F, 0xFF, 0x0F, 0xFF, 0x0F, 0xFF, 0x0C, 0xFF, 0x0F, 0xFF, 0x0F, 0xFF, 0x0F, 0xFF, 0x0F, 0xFF, 0x0F, 0xFF,
        0x0F, 0xFF, 0x0F, 0xFF, 0x0F, 0xFF, 0x0F, 0xFF, 0x0F, 0xFF, 0x0F, 0xFF, 0x0C, 0xFF, 0x0F, 0xFF, 0x0F, 0xFF, 0x0F, 0xFF, 0x0C, 0xFF, 0x0C, 0xFF,
        0x0E, 0xFB, 0x35, 0xFF, 0x3F, 0x9B, 0x3C, 0x00, 0x3F, 0x03, 0x3F, 0x00, 0x3F, 0x00, 0x3F, 0x00, 0x3F, 0x00, 0x3F, 0x00, 0x3F, 0x00, 0x3F, 0x00,
        0x3F, 0x00, 0x3F, 0x00, 0x3F, 0x00, 0x3F, 0x00, 0x3F, 0x00, 0x3F, 0x00, 0x3F, 0x01, 0x3F, 0x00, 0x35, 0x17, 0x3F, 0xF1, 0x2B, 0xFE, 0x06, 0xFE,
        0x1A, 0xFF, 0x0F, 0xFF, 0x0F, 0xFF, 0x14, 0xFF, 0x19, 0xFF, 0x0F, 0xFF, 0x0F, 0xFF, 0x19, 0xFF, 0x14, 0xFF, 0x0F, 0xFF, 0x0F, 0xFF, 0x0F, 0xFF,
        0x0F, 0xFF, 0x0F, 0xFF, 0x0F, 0xFF, 0x14, 0xFF, 0x19, 0xFF, 0x0F, 0xFF, 0x0F, 0xFF, 0x19, 0xFF, 0x14, 0xFF, 0x0F, 0xFF, 0x0F, 0xFF, 0x1A, 0xFF,
        0x06, 0xFE, 0x2B, 0xFE, 0x3F, 0xEF, 0x35, 0x14, 0x3F, 0x00, 0x3F, 0x01, 0x3F, 0x00, 0x3F, 0x00, 0x3F, 0x00, 0x3F, 0x00, 0x3F, 0x00, 0x3F, 0x00,
        0x3F, 0x00, 0x3F, 0x00, 0x3F, 0x00, 0x3F, 0x00, 0x3F, 0x00, 0x3F, 0x00, 0x3F, 0x04, 0x3D, 0x00, 0x3F, 0x5C, 0x39, 0xFF, 0x1D, 0xFC, 0x0B, 0xFF,
        0x11, 0xFF, 0x0F, 0xFF, 0x11, 0xFF, 0x09, 0xFF, 0x02, 0xFF, 0x03, 0xFF, 0x03, 0xFF, 0x02, 0xFF, 0x09, 0xFF, 0x11, 0xFF, 0x0F, 0xFF, 0x0F, 0xFF,
        0x0F, 0xFF, 0x0F, 0xFF, 0x11, 0xFF, 0x09, 0xFF, 0x02, 0xFF, 0x03, 0xFF, 0x03, 0xFF, 0x02, 0xFF, 0x09, 0xFF, 0x11, 0xFF, 0x0F, 0xFF, 0x11, 0xFF,
        0x0B, 0xFF, 0x1D, 0xFC, 0x39, 0xFF, 0x3F, 0x5A, 0x3D, 0x00, 0x3F, 0x04, 0x3F, 0x00, 0x3F, 0x00, 0x3F, 0x00, 0x3F, 0x00, 0x3F, 0x00, 0x3F, 0x00,
        0x3F, 0x00, 0x3F, 0x00, 0x3F, 0x00, 0x3F, 0x00, 0x3F, 0x00, 0x3F, 0x00, 0x3F, 0x04, 0x3B, 0x00, 0x3F, 0x9C, 0x32, 0xFE, 0x09, 0xFB, 0x13, 0xFF,
        0x0F, 0xFF, 0x11, 0xFF, 0x0A, 0xFF, 0x29, 0xFF, 0x30, 0xFF, 0x36, 0xFF, 0x36, 0xFF, 0x30, 0xFF, 0x29, 0xFF, 0x0A, 0xFF, 0x11, 0xFF, 0x0F, 0xFF,
        0x0F, 0xFF, 0x11, 0xFF, 0x0A, 0xFF, 0x29, 0xFF, 0x30, 0xFF, 0x36, 0xFF, 0x36, 0xFF, 0x30, 0xFF, 0x29, 0xFF, 0x0A, 0xFF, 0x11, 0xFF, 0x0F, 0xFF,
        0x12, 0xFF, 0x0A, 0xFB, 0x32, 0xFE, 0x3F, 0x9C, 0x3B, 0x00, 0x3F, 0x04, 0x3F, 0x00, 0x3F, 0x00, 0x3F, 0x00, 0x3F, 0x00, 0x3F, 0x00, 0x3F, 0x00,
        0x3F, 0x00, 0x3F, 0x00, 0x3F, 0x00, 0x3F, 0x00, 0x3F, 0x00, 0x3F, 0x00, 0x3F, 0x01, 0x3A, 0x00, 0x3F, 0xC9, 0x2D, 0xFF, 0x05, 0xFD, 0x1A, 0xFF,
        0x19, 0xFF, 0x02, 0xFF, 0x2D, 0xFF, 0x3F, 0xFF, 0x34, 0xFF, 0x2F, 0xFF, 0x2F, 0xFF, 0x34, 0xFF, 0x3F, 0xFF, 0x2D, 0xFF, 0x07, 0xFF, 0x19, 0xFF,
        0x19, 0xFF, 0x07, 0xFF, 0x2D, 0xFF, 0x3F, 0xFF, 0x34, 0xFF, 0x2F, 0xFF, 0x2F, 0xFF, 0x34, 0xFF, 0x3F, 0xFF, 0x2D, 0xFF, 0x02, 0xFF, 0x19, 0xFF,
        0x1A, 0xFF, 0x05, 0xFD, 0x2D, 0xFF, 0x3F, 0xC8, 0x3A, 0x00, 0x3F, 0x01, 0x3F, 0x00, 0x3F, 0x00, 0x3F, 0x00, 0x3F, 0x00, 0x3F, 0x00, 0x3F, 0x00,
        0x3F, 0x00, 0x3F, 0x00, 0x3F, 0x00, 0x3F, 0x00, 0x3F, 0x00, 0x3F, 0x01, 0x3F, 0x00, 0x2E, 0x08, 0x3F, 0xE1, 0x2B, 0xFF, 0x05, 0xFD, 0x1A, 0xFF,
        0x13, 0xFF, 0x0A, 0xFF, 0x2C, 0xFF, 0x2F, 0xFF, 0x20, 0xFF, 0x20, 0xFF, 0x20, 0xFF, 0x1C, 0xFF, 0x29, 0xFF, 0x29, 0xFF, 0x0A, 0xFF, 0x12, 0xFF,
        0x12, 0xFF, 0x0A, 0xFF, 0x29, 0xFF, 0x29, 0xFF, 0x00, 0xFF, 0x20, 0xFF, 0x20, 0xFF, 0x20, 0xFF, 0x2F, 0xFF, 0x29, 0xFF, 0x0A, 0xFF, 0x13, 0xFF,
        0x1A, 0xFF, 0x05, 0xFD, 0x2B, 0xFF, 0x3F, 0xE0, 0x2E, 0x08, 0x3F, 0x00, 0x3F, 0x01, 0x3F, 0x00, 0x3F, 0x00, 0x3F, 0x00, 0x3F, 0x00, 0x3F, 0x00,
        0x3F, 0x00, 0x3F, 0x00, 0x3F, 0x00, 0x3F, 0x00, 0x3F, 0x00, 0x3F, 0x01, 0x3F, 0x00, 0x33, 0x10, 0x3F, 0xED, 0x29, 0xFF, 0x07, 0xFE, 0x19, 0xFF,
        0x0C, 0xFF, 0x18, 0xFF, 0x1E, 0xFF, 0x20, 0xFF, 0x21, 0xFF, 0x27, 0xFF, 0x25, 0xFF, 0x18, 0xFF, 0x02, 0xFF, 0x09, 0xFF, 0x11, 0xFF, 0x0F, 0xFF,
        0x0F, 0xFF, 0x11, 0xFF, 0x09, 0xFF, 0x07, 0xFF, 0x18, 0xFF, 0x25, 0xFF, 0x26, 0xFF, 0x21, 0xFF, 0x20, 0xFF, 0x25, 0xFF, 0x18, 0xFF, 0x08, 0xFF,
        0x19, 0xFF, 0x07, 0xFE, 0x29, 0xFF, 0x3F, 0xEC, 0x32, 0x0F, 0x3F, 0x00, 0x3F, 0x01, 0x3F, 0x00, 0x3F, 0x00, 0x3F, 0x00, 0x3F, 0x00, 0x3F, 0x00,
        0x3F, 0x00, 0x3F, 0x00, 0x3F, 0x00, 0x3F, 0x00, 0x3F, 0x00, 0x3F, 0x01, 0x3F, 0x00, 0x33, 0x10, 0x3F, 0xED, 0x29, 0xFF, 0x07, 0xFE, 0x0D, 0xFF,
        0x16, 0xFF, 0x1C, 0xFF, 0x24, 0xFF, 0x22, 0xFF, 0x22, 0xFF, 0x24, 0xFF, 0x1C, 0xFF, 0x16, 0xFF, 0x0D, 0xFF, 0x13, 0xFF, 0x0F, 0xFF, 0x0F, 0xFF,
        0x0F, 0xFF, 0x0F, 0xFF, 0x13, 0xFF, 0x0D, 0xFF, 0x16, 0xFF, 0x1F, 0xFF, 0x27, 0xFF, 0x22, 0xFF, 0x22, 0xFF, 0x22, 0xFF, 0x1C, 0xFF, 0x16, 0xFF,
        0x0D, 0xFF, 0x07, 0xFE, 0x29, 0xFF, 0x3F, 0xEC, 0x32, 0x0F, 0x3F, 0x00, 0x3F, 0x01, 0x3F, 0x00, 0x3F, 0x00, 0x3F, 0x00, 0x3F, 0x00, 0x3F, 0x00,
        0x3F, 0x00, 0x3F, 0x00, 0x3F, 0x00, 0x3F, 0x00, 0x3F, 0x00, 0x3F, 0x01, 0x3F, 0x00, 0x2E, 0x08, 0x3F, 0xE0, 0x2B, 0xFF, 0x05, 0xFD, 0x0D, 0xFF,
        0x16, 0xFF, 0x1F, 0xFF, 0x27, 0xFF, 0x21, 0xFF, 0x27, 0xFF, 0x1E, 0xFF, 0x17, 0xFF, 0x0C, 0xFF, 0x0F, 0xFF, 0x11, 0xFF, 0x19, 0xFF, 0x13, 0xFF,
        0x13, 0xFF, 0x19, 0xFF, 0x11, 0xFF, 0x0F, 0xFF, 0x0F, 0xFF, 0x0C, 0xFF, 0x1E, 0xFF, 0x26, 0xFF, 0x21, 0xFF, 0x27, 0xFF, 0x1F, 0xFF, 0x16, 0xFF,
        0x0D, 0xFF, 0x05, 0xFD, 0x2B, 0xFF, 0x3F, 0xE0, 0x2E, 0x08, 0x3F, 0x00, 0x3F, 0x01, 0x3F, 0x00, 0x3F, 0x00, 0x3F, 0x00, 0x3F, 0x00, 0x3F, 0x00,
        0x3F, 0x00, 0x3F, 0x00, 0x3F, 0x00, 0x3F, 0x00, 0x3F, 0x00, 0x3F, 0x00, 0x3F, 0x01, 0x3A, 0x00, 0x3F, 0xC8, 0x2D, 0xFF, 0x05, 0xFD, 0x0D, 0xFF,
        0x16, 0xFF, 0x25, 0xFF, 0x27, 0xFF, 0x21, 0xFF, 0x27, 0xFF, 0x1F, 0xFF, 0x16, 0xFF, 0x08, 0xFF, 0x11, 0xFF, 0x0E, 0xFF, 0x02, 0xFF, 0x02, 0xFF,
        0x02, 0xFF, 0x02, 0xFF, 0x0E, 0xFF, 0x11, 0xFF, 0x08, 0xFF, 0x16, 0xFF, 0x25, 0xFF, 0x27, 0xFF, 0x21, 0xFF, 0x27, 0xFF, 0x1E, 0xFF, 0x17, 0xFF,
        0x1A, 0xFF, 0x05, 0xFD, 0x2D, 0xFF, 0x3F, 0xC8, 0x3A, 0x00, 0x3F, 0x01, 0x3F, 0x00, 0x3F, 0x00, 0x3F, 0x00, 0x3F, 0x00, 0x3F, 0x00, 0x3F, 0x00,
        0x3F, 0x00, 0x3F, 0x00, 0x3F, 0x00, 0x3F, 0x00, 0x3F, 0x00, 0x3F, 0x00, 0x3F, 0x04, 0x3B, 0x00, 0x3F, 0x9C, 0x32, 0xFE, 0x09, 0xFB, 0x17, 0xFF,
        0x01, 0xFF, 0x21, 0xFF, 0x24, 0xFF, 0x22, 0xFF, 0x27, 0xFF, 0x1F, 0xFF, 0x16, 0xFF, 0x08, 0xFF, 0x0E, 0xFF, 0x0D, 0xFF, 0x2B, 0xFF, 0x33, 0xFF,
        0x33, 0xFF, 0x2B, 0xFF, 0x0D, 0xFF, 0x0E, 0xFF, 0x08, 0xFF, 0x16, 0xFF, 0x1F, 0xFF, 0x27, 0xFF, 0x22, 0xFF, 0x24, 0xFF, 0x21, 0xFF, 0x01, 0xFF,
        0x17, 0xFF, 0x0A, 0xFB, 0x32, 0xFE, 0x3F, 0x9B, 0x3B, 0x00, 0x3F, 0x04, 0x3F, 0x00, 0x3F, 0x00, 0x3F, 0x00, 0x3F, 0x00, 0x3F, 0x00, 0x3F, 0x00,
        0x3F, 0x00, 0x3F, 0x00, 0x3F, 0x00, 0x3F, 0x00, 0x3F, 0x00, 0x3F, 0x00, 0x3F, 0x04, 0x3D, 0x00, 0x3F, 0x5C, 0x39, 0xFF, 0x1D, 0xFC, 0x15, 0xFF,
        0x1C, 0xFF, 0x23, 0xFF, 0x23, 0xFF, 0x23, 0xFF, 0x24, 0xFF, 0x1C, 0xFF, 0x18, 0xFF, 0x0C, 0xFF, 0x0D, 0xFF, 0x33, 0xFF, 0x3E, 0xFF, 0x2F, 0xFF,
        0x2F, 0xFF, 0x3E, 0xFF, 0x33, 0xFF, 0x0D, 0xFF, 0x0C, 0xFF, 0x18, 0xFF, 0x1C, 0xFF, 0x24, 0xFF, 0x23, 0xFF, 0x22, 0xFF, 0x27, 0xFF, 0x1C, 0xFF,
        0x15, 0xFF, 0x1D, 0xFC, 0x39, 0xFF, 0x3F, 0x5A, 0x3D, 0x00, 0x3F, 0x04, 0x3F, 0x00, 0x3F, 0x00, 0x3F, 0x00, 0x3F, 0x00, 0x3F, 0x00, 0x3F, 0x00,
        0x3F, 0x00, 0x3F, 0x00, 0x3F, 0x00, 0x3F, 0x00, 0x3F, 0x00, 0x3F, 0x00, 0x3F, 0x01, 0x3F, 0x00, 0x35, 0x16, 0x3F, 0xF1, 0x2B, 0xFE, 0x15, 0xFE,
        0x1C, 0xFF, 0x27, 0xFF, 0x22, 0xFF, 0x24, 0xFF, 0x21, 0xFF, 0x01, 0xFF, 0x1B, 0xFF, 0x02, 0xFF, 0x2D, 0xFF, 0x38, 0xFF, 0x1E, 0xFF, 0x1E, 0xFF,
        0x1E, 0xFF, 0x1E, 0xFF, 0x38, 0xFF, 0x2D, 0xFF, 0x02, 0xFF, 0x1B, 0xFF, 0x01, 0xFF, 0x21, 0xFF, 0x24, 0xFF, 0x22, 0xFF, 0x27, 0xFF, 0x1F, 0xFF,
        0x15, 0xFE, 0x2B, 0xFE, 0x3F, 0xEF, 0x35, 0x14, 0x3F, 0x00, 0x3F, 0x01, 0x3F, 0x00, 0x3F, 0x00, 0x3F, 0x00, 0x3F, 0x00, 0x3F, 0x00, 0x3F, 0x00,
        0x3F, 0x00, 0x3F, 0x00, 0x3F, 0x00, 0x3F, 0x00, 0x3F, 0x00, 0x3F, 0x00, 0x3F, 0x00, 0x3F, 0x03, 0x3C, 0x00, 0x3F, 0x9B, 0x35, 0xFF, 0x15, 0xFB,
        0x1F, 0xFF, 0x27, 0xFF, 0x22, 0xFF, 0x24, 0xFF, 0x21, 0xFF, 0x01, 0xFF, 0x17, 0xFF, 0x03, 0xFF, 0x33, 0xFF, 0x34, 0xFF, 0x25, 0xFF, 0x25, 0xFF,
        0x25, 0xFF, 0x25, 0xFF, 0x34, 0xFF, 0x33, 0xFF, 0x03, 0xFF, 0x17, 0xFF, 0x01, 0xFF, 0x21, 0xFF, 0x24, 0xFF, 0x22, 0xFF, 0x27, 0xFF, 0x1F, 0xFF,
        0x15, 0xFB, 0x35, 0xFF, 0x3F, 0x9B, 0x3C, 0x00, 0x3F, 0x03, 0x3F, 0x00, 0x3F, 0x00, 0x3F, 0x00, 0x3F, 0x00, 0x3F, 0x00, 0x3F, 0x00, 0x3F, 0x00,
        0x3F, 0x00, 0x3F, 0x00, 0x3F, 0x00, 0x3F, 0x00, 0x3F, 0x00, 0x3F, 0x00, 0x3F, 0x00, 0x3F, 0x02, 0x3F, 0x01, 0x37, 0x27, 0x3F, 0xF9, 0x2A, 0xFC,
        0x00, 0xFE, 0x27, 0xFF, 0x22, 0xFF, 0x24, 0xFF, 0x21, 0xFF, 0x01, 0xFF, 0x17, 0xFF, 0x0B, 0xFF, 0x33, 0xFF, 0x3F, 0xFF, 0x3F, 0xFF, 0x3F, 0xFF,
        0x3F, 0xFF, 0x3F, 0xFF, 0x3F, 0xFF, 0x33, 0xFF, 0x0B, 0xFF, 0x17, 0xFF, 0x01, 0xFF, 0x21, 0xFF, 0x24, 0xFF, 0x22, 0xFF, 0x27, 0xFF, 0x00, 0xFE,
        0x2A, 0xFC, 0x3F, 0xF9, 0x37, 0x27, 0x3F, 0x01, 0x3F, 0x02, 0x3F, 0x00, 0x3F, 0x00, 0x3F, 0x00, 0x3F, 0x00, 0x3F, 0x00, 0x3F, 0x00, 0x3F, 0x00,
        0x3F, 0x00, 0x3F, 0x00, 0x3F, 0x00, 0x3F, 0x00, 0x3F, 0x00, 0x3F, 0x00, 0x3F, 0x00, 0x3F, 0x00, 0x3F, 0x03, 0x3D, 0x00, 0x3B, 0x88, 0x37, 0xFF,
        0x1F, 0xFA, 0x20, 0xFF, 0x22, 0xFF, 0x23, 0xFF, 0x22, 0xFF, 0x1C, 0xFF, 0x1B, 0xFF, 0x02, 0xFF, 0x2D, 0xFF, 0x3F, 0xFF, 0x39, 0xFF, 0x3B, 0xFF,
        0x3B, 0xFF, 0x39, 0xFF, 0x3F, 0xFF, 0x2D, 0xFF, 0x02, 0xFF, 0x1B, 0xFF, 0x1C, 0xFF, 0x22, 0xFF, 0x23, 0xFF, 0x22, 0xFF, 0x20, 0xFF, 0x1F, 0xFA,
        0x37, 0xFF, 0x3B, 0x88, 0x3D, 0x00, 0x3F, 0x03, 0x3F, 0x00, 0x3F, 0x00, 0x3F, 0x00, 0x3F, 0x00, 0x3F, 0x00, 0x3F, 0x00, 0x3F, 0x00, 0x3F, 0x00,
        0x3F, 0x00, 0x3F, 0x00, 0x3F, 0x00, 0x3F, 0x00, 0x3F, 0x00, 0x3F, 0x00, 0x3F, 0x00, 0x3F, 0x00, 0x3F, 0x01, 0x3F, 0x03, 0x32, 0x09, 0x3F, 0xCF,
        0x35, 0xFF, 0x21, 0xFB, 0x20, 0xFF, 0x22, 0xFF, 0x23, 0xFF, 0x1C, 0xFF, 0x18, 0xFF, 0x0E, 0xFF, 0x1D, 0xFF, 0x35, 0xFF, 0x3F, 0xFF, 0x3F, 0xFF,
        0x3F, 0xFF, 0x3F, 0xFF, 0x35, 0xFF, 0x1D, 0xFF, 0x0E, 0xFF, 0x18, 0xFF, 0x1C, 0xFF, 0x24, 0xFF, 0x22, 0xFF, 0x20, 0xFF, 0x21, 0xFB, 0x34, 0xFF,
        0x3F, 0xCF, 0x31, 0x09, 0x3F, 0x03, 0x3F, 0x01, 0x3F, 0x00, 0x3F, 0x00, 0x3F, 0x00, 0x3F, 0x00, 0x3F, 0x00, 0x3F, 0x00, 0x3F, 0x00, 0x3F, 0x00,
        0x3F, 0x00, 0x3F, 0x00, 0x3F, 0x00, 0x3F, 0x00, 0x3F, 0x00, 0x3F, 0x00, 0x3F, 0x00, 0x3F, 0x00, 0x3F, 0x00, 0x3F, 0x02, 0x3F, 0x00, 0x38, 0x24,
        0x3F, 0xE8, 0x31, 0xFF, 0x22, 0xFB, 0x20, 0xFF, 0x26, 0xFF, 0x1C, 0xFF, 0x16, 0xFF, 0x0D, 0xFF, 0x0B, 0xFF, 0x1D, 0xFF, 0x2D, 0xFF, 0x33, 0xFF,
        0x33, 0xFF, 0x2D, 0xFF, 0x1D, 0xFF, 0x0B, 0xFF, 0x0D, 0xFF, 0x16, 0xFF, 0x1C, 0xFF, 0x26, 0xFF, 0x20, 0xFF, 0x22, 0xFB, 0x31, 0xFF, 0x3F, 0xE9,
        0x38, 0x24, 0x3F, 0x00, 0x3F, 0x02, 0x3F, 0x00, 0x3F, 0x00, 0x3F, 0x00, 0x3F, 0x00, 0x3F, 0x00, 0x3F, 0x00, 0x3F, 0x00, 0x3F, 0x00, 0x3F, 0x00,
        0x3F, 0x00, 0x3F, 0x00, 0x3F, 0x00, 0x3F, 0x00, 0x3F, 0x00, 0x3F, 0x00, 0x3F, 0x00, 0x3F, 0x00, 0x3F, 0x00, 0x3F, 0x00, 0x3F, 0x03, 0x3F, 0x00,
        0x38, 0x34, 0x3F, 0xE7, 0x34, 0xFF, 0x28, 0xFB, 0x20, 0xFE, 0x1C, 0xFF, 0x1B, 0xFF, 0x0C, 0xFF, 0x13, 0xFF, 0x0B, 0xFF, 0x07, 0xFF, 0x0F, 0xFF,
        0x0F, 0xFF, 0x07, 0xFF, 0x0B, 0xFF, 0x13, 0xFF, 0x08, 0xFF, 0x1B, 0xFF, 0x1F, 0xFF, 0x20, 0xFE, 0x28, 0xFA, 0x34, 0xFF, 0x3F, 0xE7, 0x38, 0x34,
        0x3F, 0x00, 0x3F, 0x03, 0x3F, 0x00, 0x3F, 0x00, 0x3F, 0x00, 0x3F, 0x00, 0x3F, 0x00, 0x3F, 0x00, 0x3F, 0x00, 0x3F, 0x00, 0x3F, 0x00, 0x3F, 0x00,
        0x3F, 0x00, 0x3F, 0x00, 0x3F, 0x00, 0x3F, 0x00, 0x3F, 0x00, 0x3F, 0x00, 0x3F, 0x00, 0x3F, 0x00, 0x3F, 0x00, 0x3F, 0x00, 0x3F, 0x00, 0x3F, 0x03,
        0x3F, 0x00, 0x38, 0x26, 0x3F, 0xCB, 0x38, 0xFF, 0x2F, 0xFF, 0x1F, 0xFB, 0x15, 0xFE, 0x03, 0xFF, 0x13, 0xFF, 0x1A, 0xFF, 0x1A, 0xFF, 0x19, 0xFF,
        0x19, 0xFF, 0x1A, 0xFF, 0x1A, 0xFF, 0x13, 0xFF, 0x03, 0xFF, 0x15, 0xFE, 0x1F, 0xFB, 0x2F, 0xFF, 0x38, 0xFF, 0x3F, 0xCB, 0x38, 0x26, 0x3F, 0x00,
        0x3F, 0x03, 0x3F, 0x00, 0x3F, 0x00, 0x3F, 0x00, 0x3F, 0x00, 0x3F, 0x00, 0x3F, 0x00, 0x3F, 0x00, 0x3F, 0x00, 0x3F, 0x00, 0x3F, 0x00, 0x3F, 0x00,
        0x3F, 0x00, 0x3F, 0x00, 0x3F, 0x00, 0x3F, 0x00, 0x3F, 0x00, 0x3F, 0x00, 0x3F, 0x00, 0x3F, 0x00, 0x3F, 0x00, 0x3F, 0x00, 0x3F, 0x00, 0x3F, 0x00,
        0x3F, 0x03, 0x3F, 0x00, 0x31, 0x08, 0x3F, 0x88, 0x3F, 0xF6, 0x35, 0xFF, 0x2B, 0xFF, 0x1D, 0xFC, 0x09, 0xFB, 0x04, 0xFC, 0x05, 0xFD, 0x07, 0xFE,
        0x07, 0xFE, 0x05, 0xFD, 0x04, 0xFC, 0x09, 0xFB, 0x1D, 0xFC, 0x2B, 0xFF, 0x35, 0xFF, 0x3F, 0xF7, 0x3F, 0x88, 0x31, 0x09, 0x3F, 0x00, 0x3F, 0x03,
        0x3F, 0x00, 0x3F, 0x00, 0x3F, 0x00, 0x3F, 0x00, 0x3F, 0x00, 0x3F, 0x00, 0x3F, 0x00, 0x3F, 0x00, 0x3F, 0x00, 0x3F, 0x00, 0x3F, 0x00, 0x3F, 0x00,
        0x3F, 0x00, 0x3F, 0x00, 0x3F, 0x00, 0x3F, 0x00, 0x3F, 0x00, 0x3F, 0x00, 0x3F, 0x00, 0x3F, 0x00, 0x3F, 0x00, 0x3F, 0x00, 0x3F, 0x00, 0x3F, 0x00,
        0x3F, 0x00, 0x3F, 0x02, 0x3F, 0x00, 0x3D, 0x00, 0x38, 0x2B, 0x3F, 0x98, 0x3F, 0xE9, 0x39, 0xFF, 0x32, 0xFF, 0x2D, 0xFF, 0x2B, 0xFF, 0x29, 0xFF,
        0x29, 0xFF, 0x2B, 0xFF, 0x2D, 0xFF, 0x32, 0xFF, 0x39, 0xFF, 0x3F, 0xEB, 0x3F, 0x98, 0x38, 0x2B, 0x3D, 0x00, 0x3F, 0x00, 0x3F, 0x02, 0x3F, 0x00,
        0x3F, 0x00, 0x3F, 0x00, 0x3F, 0x00, 0x3F, 0x00, 0x3F, 0x00, 0x3F, 0x00, 0x3F, 0x00, 0x3F, 0x00, 0x3F, 0x00, 0x3F, 0x00, 0x3F, 0x00, 0x3F, 0x00,
        0x3F, 0x00, 0x3F, 0x00, 0x3F, 0x00, 0x3F, 0x00, 0x3F, 0x00, 0x3F, 0x00, 0x3F, 0x00, 0x3F, 0x00, 0x3F, 0x00, 0x3F, 0x00, 0x3F, 0x00, 0x3F, 0x00,
        0x3F, 0x00, 0x3F, 0x00, 0x3F, 0x01, 0x3F, 0x03, 0x3F, 0x00, 0x3C, 0x00, 0x35, 0x15, 0x3F, 0x5B, 0x3F, 0x9A, 0x3F, 0xC7, 0x3F, 0xE0, 0x3F, 0xEC,
        0x3F, 0xEC, 0x3F, 0xE0, 0x3F, 0xC7, 0x3F, 0x9A, 0x3F, 0x5C, 0x35, 0x17, 0x3C, 0x00, 0x3F, 0x00, 0x3F, 0x03, 0x3F, 0x01, 0x3F, 0x00, 0x3F, 0x00,
        0x3F, 0x00, 0x3F, 0x00, 0x3F, 0x00, 0x3F, 0x00, 0x3F, 0x00, 0x3F, 0x00, 0x3F, 0x00, 0x3F, 0x00, 0x3F, 0x00, 0x3F, 0x00, 0x3F, 0x00, 0x3F, 0x00,
        0x3F, 0x00, 0x3F, 0x00, 0x3F, 0x00, 0x3F, 0x00, 0x3F, 0x00, 0x3F, 0x00, 0x3F, 0x00, 0x3F, 0x00, 0x3F, 0x00, 0x3F, 0x00, 0x3F, 0x00, 0x3F, 0x00,
        0x3F, 0x00, 0x3F, 0x00, 0x3F, 0x00, 0x3F, 0x00, 0x3F, 0x02, 0x3F, 0x03, 0x3F, 0x00, 0x3D, 0x00, 0x3B, 0x00, 0x3A, 0x00, 0x2E, 0x08, 0x32, 0x0F,
        0x32, 0x0F, 0x2E, 0x08, 0x3A, 0x00, 0x3B, 0x00, 0x3D, 0x00, 0x3F, 0x00, 0x3F, 0x03, 0x3F, 0x02, 0x3F, 0x00, 0x3F, 0x00, 0x3F, 0x00, 0x3F, 0x00,
        0x3F, 0x00, 0x3F, 0x00, 0x3F, 0x00, 0x3F, 0x00, 0x3F, 0x00, 0x3F, 0x00, 0x3F, 0x00, 0x3F, 0x00, 0x3F, 0x00, 0x3F, 0x00, 0x3F, 0x00, 0x3F, 0x00,
        0x3F, 0x00, 0x3F, 0x00, 0x3F, 0x00, 0x3F, 0x00, 0x3F, 0x00, 0x3F, 0x00, 0x3F, 0x00, 0x3F, 0x00, 0x3F, 0x00, 0x3F, 0x00, 0x3F, 0x00, 0x3F, 0x00,
        0x3F, 0x00, 0x3F, 0x00, 0x3F, 0x00, 0x3F, 0x00, 0x3F, 0x00, 0x3F, 0x00, 0x3F, 0x01, 0x3F, 0x04, 0x3F, 0x04, 0x3F, 0x01, 0x3F, 0x00, 0x3F, 0x00,
        0x3F, 0x00, 0x3F, 0x00, 0x3F, 0x01, 0x3F, 0x04, 0x3F, 0x04, 0x3F, 0x01, 0x3F, 0x00, 0x3F, 0x00, 0x3F, 0x00, 0x3F, 0x00, 0x3F, 0x00, 0x3F, 0x00,
        0x3F, 0x00, 0x3F, 0x00, 0x3F, 0x00, 0x3F, 0x00, 0x3F, 0x00, 0x3F, 0x00, 0x3F, 0x00, 0x3F, 0x00, 0x3F, 0x00, 0x3F, 0x00, 0x3F, 0x00, 0x3F, 0x00,
        0x3F, 0x00, 0x3F, 0x00, 0x3F, 0x00, 0x3F, 0x00, 0x3F, 0x00, 0x3F, 0x00, 0x3F, 0x00, 0x3F, 0x00, 0x3F, 0x00, 0x3F, 0x00, 0x3F, 0x00, 0x3F, 0x00,
        0x3F, 0x00, 0x3F, 0x00, 0x3F, 0x00, 0x3F, 0x00, 0x3F, 0x00, 0x3F, 0x00, 0x3F, 0x00, 0x3F, 0x00, 0x3F, 0x00, 0x3F, 0x00, 0x3F, 0x01, 0x3F, 0x01,
        0x3F, 0x01, 0x3F, 0x01, 0x3F, 0x00, 0x3F, 0x00, 0x3F, 0x00, 0x3F, 0x00, 0x3F, 0x00, 0x3F, 0x00, 0x3F, 0x00, 0x3F, 0x00, 0x3F, 0x00, 0x3F, 0x00,
        0x3F, 0x00, 0x3F, 0x00, 0x3F, 0x00, 0x3F, 0x00, 0x3F, 0x00, 0x3F, 0x00, 0x3F, 0x00, 0x3F, 0x00, 0x3F, 0x00, 0x3F, 0x00, 0x3F, 0x00, 0x3F, 0x00,
        0x3F, 0x00, 0x3F, 0x00, 0x3F, 0x00, 0x3F, 0x00, 0x3F, 0x00, 0x3F, 0x00, 0x3F, 0x00, 0x3F, 0x00, 0x3F, 0x00, 0x3F, 0x00, 0x3F, 0x00, 0x3F, 0x00,
        0x3F, 0x00, 0x3F, 0x00, 0x3F, 0x00, 0x3F, 0x00, 0x3F, 0x00, 0x3F, 0x00, 0x3F, 0x00, 0x3F, 0x00, 0x3F, 0x00, 0x3F, 0x00, 0x3F, 0x00, 0x3F, 0x00,
        0x3F, 0x00, 0x3F, 0x00, 0x3F, 0x00, 0x3F, 0x00, 0x3F, 0x00, 0x3F, 0x00, 0x3F, 0x00, 0x3F, 0x00, 0x3F, 0x00, 0x3F, 0x00, 0x3F, 0x00, 0x3F, 0x00,
        0x3F, 0x00, 0x3F, 0x00, 0x3F, 0x00, 0x3F, 0x00, 0x3F, 0x00, 0x3F, 0x00, 0x3F, 0x00, 0x3F, 0x00, 0x3F, 0x00, 0x3F, 0x00, 0x3F, 0x00, 0x3F, 0x00,
        0x3F, 0x00, 0x3F, 0x00, 0x3F, 0x00, 0x3F, 0x00, 0x3F, 0x00, 0x3F, 0x00, 0x3F, 0x00, 0x3F, 0x00, 0x3F, 0x00, 0x3F, 0x00, 0x3F, 0x00, 0x3F, 0x00,
        0x3F, 0x00, 0x3F, 0x00, 0x3F, 0x00, 0x3F, 0x00, 0x3F, 0x00, 0x3F, 0x00, 0x3F, 0x00, 0x3F, 0x00, 0x3F, 0x00, 0x3F, 0x00, 0x3F, 0x00, 0x3F, 0x00,
        0x3F, 0x00, 0x3F, 0x00, 0x3F, 0x00, 0x3F, 0x00, 0x3F, 0x00, 0x3F, 0x00, 0x3F, 0x00, 0x3F, 0x00, 0x3F, 0x00, 0x3F, 0x00, 0x3F, 0x00, 0x3F, 0x00,
        0x3F, 0x00, 0x3F, 0x00, 0x3F, 0x00, 0x3F, 0x00, 0x3F, 0x00, 0x3F, 0x00, 0x3F, 0x00, 0x3F, 0x00, 0x3F, 0x00, 0x3F, 0x00, 0x3F, 0x00, 0x3F, 0x00,
        0x3F, 0x00, 0x3F, 0x00, 0x3F, 0x00, 0x3F, 0x00, 0x3F, 0x00, 0x3F, 0x00, 0x3F, 0x00, 0x3F, 0x00, 0x3F, 0x00, 0x3F, 0x00, 0x3F, 0x00, 0x3F, 0x00,
        0x3F, 0x00, 0x3F, 0x00, 0x3F, 0x00, 0x3F, 0x00, 0x3F, 0x00, 0x3F, 0x00, 0x3F, 0x00, 0x3F, 0x00, 0x3F, 0x00, 0x3F, 0x00, 0x3F, 0x00, 0x3F, 0x00,
        0x3F, 0x00, 0x3F, 0x00, 0x3F, 0x00, 0x3F, 0x00, 0x3F, 0x00, 0x3F, 0x00, 0x3F, 0x00, 0x3F, 0x00, 0x3F, 0x00, 0x3F, 0x00, 0x3F, 0x00, 0x3F, 0x00,
        0x3F, 0x00, 0x3F, 0x00, 0x3F, 0x00, 0x3F, 0x00, 0x3F, 0x00, 0x3F, 0x00, 0x3F, 0x00, 0x3F, 0x00, 0x3F, 0x00, 0x3F, 0x00, 0x3F, 0x00, 0x3F, 0x00,
        0x3F, 0x00, 0x3F, 0x00, 0x3F, 0x00, 0x3F, 0x00, 0x3F, 0x00, 0x3F, 0x00, 0x3F, 0x00, 0x3F, 0x00, 0x3F, 0x00, 0x3F, 0x00, 0x3F, 0x00, 0x3F, 0x00,
        0x3F, 0x00, 0x3F, 0x00, 0x3F, 0x00, 0x3F, 0x00, 0x3F, 0x00, 0x3F, 0x00, 0x3F, 0x00, 0x3F, 0x00, 0x3F, 0x00, 0x3F, 0x00, 0x3F, 0x00, 0x3F, 0x00,
        0x3F, 0x00, 0x3F, 0x00, 0x3F, 0x00, 0x3F, 0x00, 0x3F, 0x00, 0x3F, 0x00, 0x3F, 0x00, 0x3F, 0x00, 0x3F, 0x00, 0x3F, 0x00, 0x3F, 0x00, 0x3F, 0x00,
        0x3F, 0x00, 0x3F, 0x00, 0x3F, 0x00, 0x3F, 0x00, 0x3F, 0x00, 0x3F, 0x00, 0x3F, 0x00, 0x3F, 0x00, 0x3F, 0x00, 0x3F, 0x00, 0x3F, 0x00, 0x3F, 0x00,
        0x3F, 0x00, 0x3F, 0x00, 0x3F, 0x00, 0x3F, 0x00, 0x3F, 0x00, 0x3F, 0x00, 0x3F, 0x00, 0x3F, 0x00, 0x3F, 0x00, 0x3F, 0x00, 0x3F, 0x00, 0x3F, 0x00,
        0x3F, 0x00, 0x3F, 0x00, 0x3F, 0x00, 0x3F, 0x00, 0x3F, 0x00, 0x3F, 0x00, 0x3F, 0x00, 0x3F, 0x00, 0x3F, 0x00, 0x3F, 0x00, 0x3F, 0x00, 0x3F, 0x00,
        0x3F, 0x00, 0x3F, 0x00, 0x3F, 0x00, 0x3F, 0x00, 0x3F, 0x00, 0x3F, 0x00, 0x3F, 0x00, 0x3F, 0x00, 0x3F, 0x00, 0x3F, 0x00, 0x3F, 0x00, 0x3F, 0x00,
        0x3F, 0x00, 0x3F, 0x00, 0x3F, 0x00, 0x3F, 0x00, 0x3F, 0x00, 0x3F, 0x00, 0x3F, 0x00, 0x3F, 0x00, 0x3F, 0x00, 0x3F, 0x00, 0x3F, 0x00, 0x3F, 0x00,
    },
    // angry: 1F621.svg, source sha256 c55c039c6662
    {
        0x3F, 0x00, 0x3F, 0x00, 0x3F, 0x00, 0x3F, 0x00, 0x3F, 0x00, 0x3F, 0x00, 0x3F, 0x00, 0x3F, 0x00, 0x3F, 0x00, 0x3F, 0x00, 0x3F, 0x00, 0x3F, 0x00,
        0x3F, 0x00, 0x3F, 0x00, 0x3F, 0x00, 0x3F, 0x00, 0x3F, 0x00, 0x3F, 0x00, 0x3F, 0x00, 0x3F, 0x00, 0x3F, 0x00, 0x3F, 0x00, 0x3F, 0x00, 0x3F, 0x00,
        0x3F, 0x00, 0x3F, 0x00, 0x3F, 0x00, 0x3F, 0x00, 0x3F, 0x00, 0x3F, 0x00, 0x3F, 0x00, 0x3F, 0x00, 0x3F, 0x00, 0x3F, 0x00, 0x3F, 0x00, 0x3F, 0x00,
        0x3F, 0x00, 0x3F, 0x00, 0x3F, 0x00, 0x3F, 0x00, 0x3F, 0x00, 0x3F, 0x00, 0x3F, 0x00, 0x3F, 0x00, 0x3F, 0x00, 0x3F, 0x00, 0x3F, 0x00, 0x3F, 0x00,
        0x3F, 0x00, 0x3F, 0x00, 0x3F, 0x00, 0x3F, 0x00, 0x3F, 0x00, 0x3F, 0x00, 0x3F, 0x00, 0x3F, 0x00, 0x3F, 0x00, 0x3F, 0x00, 0x3F, 0x00, 0x3F, 0x00,
        0x3F, 0x00, 0x3F, 0x00, 0x3F, 0x00, 0x3F, 0x00, 0x3F, 0x00, 0x3F, 0x00, 0x3F, 0x00, 0x3F, 0x00, 0x3F, 0x00, 0x3F, 0x00, 0x3F, 0x00, 0x3F, 0x00,
        0x3F, 0x00, 0x3F, 0x00, 0x3F, 0x00, 0x3F, 0x00, 0x3F, 0x00, 0x3F, 0x00, 0x3F, 0x00, 0x3F, 0x00, 0x3F, 0x00, 0x3F, 0x00, 0x3F, 0x00, 0x3F, 0x00,
        0x3F, 0x00, 0x3F, 0x00, 0x3F, 0x00, 0x3F, 0x00, 0x3F, 0x00, 0x3F, 0x00, 0x3F, 0x00, 0x3F, 0x00, 0x3F, 0x00, 0x3F, 0x00, 0x3F, 0x00, 0x3F, 0x00,
        0x3F, 0x00, 0x3F, 0x00, 0x3F, 0x00, 0x3F, 0x00, 0x3F, 0x00, 0x3F, 0x00, 0x3F, 0x00, 0x3F, 0x00, 0x3F, 0x00, 0x3F, 0x00, 0x3F, 0x00, 0x3F, 0x00,
        0x3F, 0x00, 0x3F, 0x00, 0x3F, 0x00, 0x3F, 0x00, 0x3F, 0x00, 0x3F, 0x00, 0x3F, 0x00, 0x3F, 0x00, 0x3F, 0x00, 0x3F, 0x00, 0x3F, 0x00, 0x3F, 0x00,
        0x3F, 0x00, 0x3F, 0x00, 0x3F, 0x00, 0x3F, 0x00, 0x3F, 0x00, 0x3F, 0x00, 0x3F, 0x00, 0x3F, 0x00, 0x3F, 0x00, 0x3F, 0x00, 0x3F, 0x00, 0x3F, 0x00,
        0x3F, 0x00, 0x3F, 0x00, 0x3F, 0x00, 0x3F, 0x00, 0x3F, 0x00, 0x3F, 0x00, 0x3F, 0x00, 0x3F, 0x00, 0x3F, 0x00, 0x3F, 0x00, 0x3F, 0x00, 0x3F, 0x00,
        0x3F, 0x00, 0x3F, 0x00, 0x3F, 0x00, 0x3F, 0x00, 0x3F, 0x00, 0x3F, 0x00, 0x3F, 0x00, 0x3F, 0x00, 0x3F, 0x00, 0x3F, 0x00, 0x3F, 0x00, 0x3F, 0x00,
        0x3F, 0x00, 0x3F, 0x00, 0x3F, 0x00, 0x3F, 0x00, 0x3F, 0x00, 0x3F, 0x00, 0x3F, 0x00, 0x3F, 0x00, 0x3F, 0x00, 0x3F, 0x00, 0x3F, 0x00, 0x3F, 0x00,
        0x3F, 0x00, 0x3F, 0x00, 0x3F, 0x00, 0x3F, 0x00, 0x3F, 0x00, 0x3F, 0x00, 0x3F, 0x00, 0x3F, 0x00, 0x3F, 0x00, 0x3F, 0x00, 0x3F, 0x00, 0x3F, 0x00,
        0x3F, 0x00, 0x3F, 0x00, 0x3F, 0x00, 0x3F, 0x00, 0x3F, 0x00, 0x3F, 0x00, 0x3F, 0x00, 0x3F, 0x00, 0x3F, 0x00, 0x3F, 0x00, 0x3F, 0x00, 0x3F, 0x00,
        0x3F, 0x00, 0x3F, 0x00, 0x3F, 0x00, 0x3F, 0x00, 0x3F, 0x00, 0x3F, 0x00, 0x3F, 0x00, 0x3F, 0x00, 0x3F, 0x00, 0x3F, 0x00, 0x3F, 0x00, 0x3F, 0x00,
        0x3F, 0x00, 0x3F, 0x00, 0x3F, 0x00, 0x3F, 0x00, 0x3F, 0x00, 0x3F, 0x00, 0x3F, 0x00, 0x3F, 0x00, 0x3F, 0x00, 0x3F, 0x00, 0x3F, 0x00, 0x3F, 0x00,
        0x3F, 0x00, 0x3F, 0x00, 0x3F, 0x00, 0x3F, 0x00, 0x3F, 0x00, 0x3F, 0x00, 0x3F, 0x00, 0x3F, 0x00, 0x3F, 0x00, 0x3F, 0x00, 0x3F, 0x00, 0x3F, 0x00,
        0x3F, 0x00, 0x3F, 0x00, 0x3F, 0x00, 0x3F, 0x00, 0x3F, 0x00, 0x3F, 0x00, 0x3F, 0x00, 0x3F, 0x00, 0x3F, 0x00, 0x3F, 0x00, 0x3F, 0x00, 0x3F, 0x00,
        0x3F, 0x00, 0x3F, 0x00, 0x3F, 0x00, 0x3F, 0x00, 0x3F, 0x00, 0x3F, 0x00, 0x3F, 0x00, 0x3F, 0x00, 0x3F, 0x00, 0x3F, 0x00, 0x3F, 0x00, 0x3F, 0x00,
        0x3F, 0x00, 0x3F, 0x00, 0x3F, 0x00, 0x3F, 0x00, 0x3F, 0x00, 0x3F, 0x00, 0x3F, 0x00, 0x3F, 0x00, 0x3F, 0x00, 0x3F, 0x00, 0x3F, 0x01, 0x3F, 0x01,
        0x3F, 0x01, 0x3F, 0x01, 0x3F, 0x00, 0x3F, 0x00, 0x3F, 0x00, 0x3F, 0x00, 0x3F, 0x00, 0x3F, 0x00, 0x3F, 0x00, 0x3F, 0x00, 0x3F, 0x00, 0x3F, 0x00,
        0x3F, 0x00, 0x3F, 0x00, 0x3F, 0x00, 0x3F, 0x00, 0x3F, 0x00, 0x3F, 0x00, 0x3F, 0x00, 0x3F, 0x00, 0x3F, 0x00, 0x3F, 0x00, 0x3F, 0x00, 0x3F, 0x00,
        0x3F, 0x00, 0x3F, 0x00, 0x3F, 0x00, 0x3F, 0x00, 0x3F, 0x00, 0x3F, 0x00, 0x3F, 0x00, 0x3F, 0x00, 0x3F, 0x00, 0x3F, 0x00, 0x3F, 0x00, 0x3F, 0x00,
        0x3F, 0x00, 0x3F, 0x00, 0x3F, 0x00, 0x3F, 0x00, 0x3F, 0x00, 0x3F, 0x00, 0x3F, 0x01, 0x3F, 0x04, 0x3F, 0x03, 0x3F, 0x01, 0x3F, 0x00, 0x3F, 0x00,
        0x3F, 0x00, 0x3F, 0x00, 0x3F, 0x01, 0x3F, 0x03, 0x3F, 0x04, 0x3F, 0x01, 0x3F, 0x00, 0x3F, 0x00, 0x3F, 0x00, 0x3F, 0x00, 0x3F, 0x00, 0x3F, 0x00,
        0x3F, 0x00, 0x3F, 0x00, 0x3F, 0x00, 0x3F, 0x00, 0x3F, 0x00, 0x3F, 0x00, 0x3F, 0x00, 0x3F, 0x00, 0x3F, 0x00, 0x3F, 0x00, 0x3F, 0x00, 0x3F, 0x00,
        0x3F, 0x00, 0x3F, 0x00, 0x3F, 0x00, 0x3F, 0x00, 0x3F, 0x00, 0x3F, 0x00, 0x3F, 0x00, 0x3F, 0x00, 0x3F, 0x00, 0x3F, 0x00, 0x3F, 0x00, 0x3F, 0x00,
        0x3F, 0x00, 0x3F, 0x00, 0x3F, 0x00, 0x3F, 0x00, 0x3F, 0x02, 0x3F, 0x03, 0x3F, 0x00, 0x3E, 0x00, 0x3C, 0x00, 0x3B, 0x00, 0x2B, 0x09, 0x32, 0x0F,
        0x32, 0x0F, 0x2B, 0x09, 0x3B, 0x00, 0x3C, 0x00, 0x3E, 0x00, 0x3F, 0x00, 0x3F, 0x03, 0x3F, 0x02, 0x3F, 0x00, 0x3F, 0x00, 0x3F, 0x00, 0x3F, 0x00,
        0x3F, 0x00, 0x3F, 0x00, 0x3F, 0x00, 0x3F, 0x00, 0x3F, 0x00, 0x3F, 0x00, 0x3F, 0x00, 0x3F, 0x00, 0x3F, 0x00, 0x3F, 0x00, 0x3F, 0x00, 0x3F, 0x00,
        0x3F, 0x00, 0x3F, 0x00, 0x3F, 0x00, 0x3F, 0x00, 0x3F, 0x00, 0x3F, 0x00, 0x3F, 0x00, 0x3F, 0x00, 0x3F, 0x00, 0x3F, 0x00, 0x3F, 0x00, 0x3F, 0x00,
        0x3F, 0x00, 0x3F, 0x00, 0x3F, 0x01, 0x3F, 0x03, 0x3F, 0x00, 0x3D, 0x00, 0x33, 0x19, 0x3F, 0x5D, 0x3F, 0x9B, 0x3F, 0xC7, 0x3F, 0xE0, 0x3F, 0xED,
        0x3F, 0xED, 0x3F, 0xE0, 0x3F, 0xC7, 0x3F, 0x9B, 0x3F, 0x5D, 0x33, 0x19, 0x3D, 0x00, 0x3F, 0x00, 0x3F, 0x03, 0x3F, 0x01, 0x3F, 0x00, 0x3F, 0x00,
        0x3F, 0x00, 0x3F, 0x00, 0x3F, 0x00, 0x3F, 0x00, 0x3F, 0x00, 0x3F, 0x00, 0x3F, 0x00, 0x3F, 0x00, 0x3F, 0x00, 0x3F, 0x00, 0x3F, 0x00, 0x3F, 0x00,
        0x3F, 0x00, 0x3F, 0x00, 0x3F, 0x00, 0x3F, 0x00, 0x3F, 0x00, 0x3F, 0x00, 0x3F, 0x00, 0x3F, 0x00, 0x3F, 0x00, 0x3F, 0x00, 0x3F, 0x00, 0x3F, 0x00,
        0x3F, 0x00, 0x3F, 0x02, 0x3F, 0x00, 0x3E, 0x00, 0x38, 0x2C, 0x3F, 0x99, 0x3F, 0xED, 0x39, 0xFF, 0x2E, 0xFF, 0x2C, 0xFF, 0x28, 0xFF, 0x26, 0xFF,
        0x26, 0xFF, 0x28, 0xFF, 0x2C, 0xFF, 0x2E, 0xFF, 0x39, 0xFF, 0x3F, 0xED, 0x3F, 0x99, 0x38, 0x2C, 0x3E, 0x00, 0x3F, 0x00, 0x3F, 0x02, 0x3F, 0x00,
        0x3F, 0x00, 0x3F, 0x00, 0x3F, 0x00, 0x3F, 0x00, 0x3F, 0x00, 0x3F, 0x00, 0x3F, 0x00, 0x3F, 0x00, 0x3F, 0x00, 0x3F, 0x00, 0x3F, 0x00, 0x3F, 0x00,
        0x3F, 0x00, 0x3F, 0x00, 0x3F, 0x00, 0x3F, 0x00, 0x3F, 0x00, 0x3F, 0x00, 0x3F, 0x00, 0x3F, 0x00, 0x3F, 0x00, 0x3F, 0x00, 0x3F, 0x00, 0x3F, 0x00,
        0x3F, 0x03, 0x3F, 0x00, 0x2F, 0x09, 0x3F, 0x89, 0x3F, 0xF7, 0x31, 0xFF, 0x27, 0xFF, 0x22, 0xFC, 0x08, 0xFB, 0x00, 0xFC, 0x02, 0xFD, 0x06, 0xFE,
        0x06, 0xFE, 0x02, 0xFD, 0x00, 0xFC, 0x08, 0xFB, 0x22, 0xFC, 0x27, 0xFF, 0x31, 0xFF, 0x3F, 0xF7, 0x3F, 0x89, 0x2F, 0x09, 0x3F, 0x00, 0x3F, 0x03,
        0x3F, 0x00, 0x3F, 0x00, 0x3F, 0x00, 0x3F, 0x00, 0x3F, 0x00, 0x3F, 0x00, 0x3F, 0x00, 0x3F, 0x00, 0x3F, 0x00, 0x3F, 0x00, 0x3F, 0x00, 0x3F, 0x00,
        0x3F, 0x00, 0x3F, 0x00, 0x3F, 0x00, 0x3F, 0x00, 0x3F, 0x00, 0x3F, 0x00, 0x3F, 0x00, 0x3F, 0x00, 0x3F, 0x00, 0x3F, 0x00, 0x3F, 0x00, 0x3F, 0x03,
        0x3F, 0x00, 0x37, 0x26, 0x3F, 0xCC, 0x39, 0xFF, 0x27, 0xFF, 0x0E, 0xFB, 0x05, 0xFE, 0x0C, 0xFF, 0x18, 0xFF, 0x1D, 0xFF, 0x1B, 0xFF, 0x1A, 0xFF,
        0x1A, 0xFF, 0x1B, 0xFF, 0x1D, 0xFF, 0x18, 0xFF, 0x0C, 0xFF, 0x05, 0xFE, 0x0E, 0xFB, 0x27, 0xFF, 0x38, 0xFF, 0x3F, 0xCC, 0x37, 0x26, 0x3F, 0x00,
        0x3F, 0x03, 0x3F, 0x00, 0x3F, 0x00, 0x3F, 0x00, 0x3F, 0x00, 0x3F, 0x00, 0x3F, 0x00, 0x3F, 0x00, 0x3F, 0x00, 0x3F, 0x00, 0x3F, 0x00, 0x3F, 0x00,
        0x3F, 0x00, 0x3F, 0x00, 0x3F, 0x00, 0x3F, 0x00, 0x3F, 0x00, 0x3F, 0x00, 0x3F, 0x00, 0x3F, 0x00, 0x3F, 0x00, 0x3F, 0x00, 0x3F, 0x03, 0x3F, 0x00,
        0x38, 0x32, 0x3F, 0xE7, 0x30, 0xFF, 0x22, 0xFB, 0x01, 0xFE, 0x12, 0xFF, 0x1D, 0xFF, 0x17, 0xFF, 0x12, 0xFF, 0x12, 0xFF, 0x12, 0xFF, 0x12, 0xFF,
        0x12, 0xFF, 0x12, 0xFF, 0x12, 0xFF, 0x12, 0xFF, 0x17, 0xFF, 0x1D, 0xFF, 0x12, 0xFF, 0x01, 0xFE, 0x22, 0xFA, 0x30, 0xFF, 0x3F, 0xE7, 0x38, 0x33,
        0x3F, 0x00, 0x3F, 0x03, 0x3F, 0x00, 0x3F, 0x00, 0x3F, 0x00, 0x3F, 0x00, 0x3F, 0x00, 0x3F, 0x00, 0x3F, 0x00, 0x3F, 0x00, 0x3F, 0x00, 0x3F, 0x00,
        0x3F, 0x00, 0x3F, 0x00, 0x3F, 0x00, 0x3F, 0x00, 0x3F, 0x00, 0x3F, 0x00, 0x3F, 0x00, 0x3F, 0x00, 0x3F, 0x00, 0x3F, 0x02, 0x3F, 0x00, 0x34, 0x25,
        0x3F, 0xE8, 0x2E, 0xFF, 0x16, 0xFB, 0x0B, 0xFF, 0x20, 0xFF, 0x12, 0xFF, 0x12, 0xFF, 0x12, 0xFF, 0x12, 0xFF, 0x12, 0xFF, 0x12, 0xFF, 0x12, 0xFF,
        0x12, 0xFF, 0x12, 0xFF, 0x12, 0xFF, 0x12, 0xFF, 0x12, 0xFF, 0x12, 0xFF, 0x12, 0xFF, 0x20, 0xFF, 0x0B, 0xFF, 0x13, 0xFB, 0x2E, 0xFF, 0x3F, 0xE9,
        0x34, 0x25, 0x3F, 0x00, 0x3F, 0x02, 0x3F, 0x00, 0x3F, 0x00, 0x3F, 0x00, 0x3F, 0x00, 0x3F, 0x00, 0x3F, 0x00, 0x3F, 0x00, 0x3F, 0x00, 0x3F, 0x00,
        0x3F, 0x00, 0x3F, 0x00, 0x3F, 0x00, 0x3F, 0x00, 0x3F, 0x00, 0x3F, 0x00, 0x3F, 0x00, 0x3F, 0x00, 0x3F, 0x01, 0x3F, 0x03, 0x2F, 0x09, 0x3F, 0xCF,
        0x30, 0xFF, 0x14, 0xFB, 0x08, 0xFF, 0x07, 0xFF, 0x0A, 0xFF, 0x1D, 0xFF, 0x17, 0xFF, 0x12, 0xFF, 0x12, 0xFF, 0x12, 0xFF, 0x12, 0xFF, 0x12, 0xFF,
        0x12, 0xFF, 0x12, 0xFF, 0x12, 0xFF, 0x12, 0xFF, 0x12, 0xFF, 0x15, 0xFF, 0x1D, 0xFF, 0x0A, 0xFF, 0x07, 0xFF, 0x09, 0xFF, 0x13, 0xFB, 0x30, 0xFF,
        0x3F, 0xCF, 0x2F, 0x09, 0x3F, 0x03, 0x3F, 0x01, 0x3F, 0x00, 0x3F, 0x00, 0x3F, 0x00, 0x3F, 0x00, 0x3F, 0x00, 0x3F, 0x00, 0x3F, 0x00, 0x3F, 0x00,
        0x3F, 0x00, 0x3F, 0x00, 0x3F, 0x00, 0x3F, 0x00, 0x3F, 0x00, 0x3F, 0x00, 0x3F, 0x00, 0x3F, 0x00, 0x3F, 0x03, 0x3D, 0x00, 0x3C, 0x8A, 0x38, 0xFF,
        0x22, 0xFA, 0x00, 0xFF, 0x24, 0xFF, 0x2D, 0xFF, 0x23, 0xFF, 0x00, 0xFF, 0x0E, 0xFF, 0x1D, 0xFF, 0x12, 0xFF, 0x12, 0xFF, 0x12, 0xFF, 0x12, 0xFF,
        0x12, 0xFF, 0x12, 0xFF, 0x12, 0xFF, 0x12, 0xFF, 0x1D, 0xFF, 0x0E, 0xFF, 0x00, 0xFF, 0x23, 0xFF, 0x2D, 0xFF, 0x24, 0xFF, 0x00, 0xFF, 0x22, 0xFA,
        0x39, 0xFF, 0x3C, 0x88, 0x3D, 0x00, 0x3F, 0x03, 0x3F, 0x00, 0x3F, 0x00, 0x3F, 0x00, 0x3F, 0x00, 0x3F, 0x00, 0x3F, 0x00, 0x3F, 0x00, 0x3F, 0x00,
        0x3F, 0x00, 0x3F, 0x00, 0x3F, 0x00, 0x3F, 0x00, 0x3F, 0x00, 0x3F, 0x00, 0x3F, 0x00, 0x3F, 0x02, 0x3F, 0x01, 0x37, 0x28, 0x3F, 0xF9, 0x29, 0xFC,
        0x04, 0xFE, 0x0F, 0xFF, 0x23, 0xFF, 0x35, 0xFF, 0x3F, 0xFF, 0x2C, 0xFF, 0x20, 0xFF, 0x04, 0xFF, 0x10, 0xFF, 0x12, 0xFF, 0x12, 0xFF, 0x12, 0xFF,
        0x12, 0xFF, 0x12, 0xFF, 0x12, 0xFF, 0x10, 0xFF, 0x04, 0xFF, 0x20, 0xFF, 0x2C, 0xFF, 0x3F, 0xFF, 0x35, 0xFF, 0x23, 0xFF, 0x0F, 0xFF, 0x04, 0xFE,
        0x29, 0xFC, 0x3F, 0xF9, 0x37, 0x27, 0x3F, 0x01, 0x3F, 0x02, 0x3F, 0x00, 0x3F, 0x00, 0x3F, 0x00, 0x3F, 0x00, 0x3F, 0x00, 0x3F, 0x00, 0x3F, 0x00,
        0x3F, 0x00, 0x3F, 0x00, 0x3F, 0x00, 0x3F, 0x00, 0x3F, 0x00, 0x3F, 0x00, 0x3F, 0x00, 0x3F, 0x03, 0x3D, 0x00, 0x3F, 0x9C, 0x31, 0xFF, 0x0E, 0xFB,
        0x12, 0xFF, 0x18, 0xFF, 0x0B, 0xFF, 0x0D, 0xFF, 0x29, 0xFF, 0x3B, 0xFF, 0x39, 0xFF, 0x27, 0xFF, 0x12, 0xFF, 0x12, 0xFF, 0x12, 0xFF, 0x12, 0xFF,
        0x12, 0xFF, 0x12, 0xFF, 0x12, 0xFF, 0x12, 0xFF, 0x27, 0xFF, 0x39, 0xFF, 0x3B, 0xFF, 0x29, 0xFF, 0x0E, 0xFF, 0x0B, 0xFF, 0x18, 0xFF, 0x12, 0xFF,
        0x0E, 0xFB, 0x31, 0xFF, 0x3F, 0x9B, 0x3D, 0x00, 0x3F, 0x03, 0x3F, 0x00, 0x3F, 0x00, 0x3F, 0x00, 0x3F, 0x00, 0x3F, 0x00, 0x3F, 0x00, 0x3F, 0x00,
        0x3F, 0x00, 0x3F, 0x00, 0x3F, 0x00, 0x3F, 0x00, 0x3F, 0x00, 0x3F, 0x00, 0x3F, 0x01, 0x3F, 0x00, 0x36, 0x17, 0x3F, 0xF1, 0x27, 0xFE, 0x04, 0xFE,
        0x1C, 0xFF, 0x12, 0xFF, 0x18, 0xFF, 0x12, 0xFF, 0x06, 0xFF, 0x21, 0xFF, 0x2C, 0xFF, 0x3F, 0xFF, 0x2C, 0xFF, 0x05, 0xFF, 0x1A, 0xFF, 0x12, 0xFF,
        0x12, 0xFF, 0x1A, 0xFF, 0x05, 0xFF, 0x2C, 0xFF, 0x3F, 0xFF, 0x2C, 0xFF, 0x21, 0xFF, 0x06, 0xFF, 0x0F, 0xFF, 0x18, 0xFF, 0x12, 0xFF, 0x1C, 0xFF,
        0x02, 0xFE, 0x28, 0xFE, 0x3F, 0xEF, 0x33, 0x14, 0x3F, 0x00, 0x3F, 0x01, 0x3F, 0x00, 0x3F, 0x00, 0x3F, 0x00, 0x3F, 0x00, 0x3F, 0x00, 0x3F, 0x00,
        0x3F, 0x00, 0x3F, 0x00, 0x3F, 0x00, 0x3F, 0x00, 0x3F, 0x00, 0x3F, 0x00, 0x3F, 0x04, 0x3E, 0x00, 0x3F, 0x5C, 0x39, 0xFF, 0x22, 0xFC, 0x0C, 0xFF,
        0x17, 0xFF, 0x12, 0xFF, 0x12, 0xFF, 0x17, 0xFF, 0x0B, 0xFF, 0x20, 0xFF, 0x0B, 0xFF, 0x23, 0xFF, 0x23, 0xFF, 0x0B, 0xFF, 0x15, 0xFF, 0x12, 0xFF,
        0x12, 0xFF, 0x15, 0xFF, 0x0B, 0xFF, 0x24, 0xFF, 0x23, 0xFF, 0x0B, 0xFF, 0x20, 0xFF, 0x0B, 0xFF, 0x17, 0xFF, 0x12, 0xFF, 0x12, 0xFF, 0x17, 0xFF,
        0x0C, 0xFF, 0x22, 0xFC, 0x3A, 0xFF, 0x3F, 0x5A, 0x3E, 0x00, 0x3F, 0x04, 0x3F, 0x00, 0x3F, 0x00, 0x3F, 0x00, 0x3F, 0x00, 0x3F, 0x00, 0x3F, 0x00,
        0x3F, 0x00, 0x3F, 0x00, 0x3F, 0x00, 0x3F, 0x00, 0x3F, 0x00, 0x3F, 0x00, 0x3F, 0x04, 0x3C, 0x00, 0x3F, 0x9C, 0x2E, 0xFE, 0x08, 0xFB, 0x18, 0xFF,
        0x12, 0xFF, 0x12, 0xFF, 0x18, 0xFF, 0x09, 0xFF, 0x26, 0xFF, 0x37, 0xFF, 0x37, 0xFF, 0x25, 0xFF, 0x00, 0xFF, 0x1C, 0xFF, 0x12, 0xFF, 0x12, 0xFF,
        0x12, 0xFF, 0x12, 0xFF, 0x1C, 0xFF, 0x00, 0xFF, 0x25, 0xFF, 0x37, 0xFF, 0x37, 0xFF, 0x26, 0xFF, 0x09, 0xFF, 0x18, 0xFF, 0x12, 0xFF, 0x12, 0xFF,
        0x18, 0xFF, 0x08, 0xFB, 0x2E, 0xFE, 0x3F, 0x9C, 0x3D, 0x00, 0x3F, 0x04, 0x3F, 0x00, 0x3F, 0x00, 0x3F, 0x00, 0x3F, 0x00, 0x3F, 0x00, 0x3F, 0x00,
        0x3F, 0x00, 0x3F, 0x00, 0x3F, 0x00, 0x3F, 0x00, 0x3F, 0x00, 0x3F, 0x00, 0x3F, 0x01, 0x3B, 0x00, 0x3F, 0xC9, 0x2C, 0xFF, 0x01, 0xFD, 0x1D, 0xFF,
        0x12, 0xFF, 0x15, 0xFF, 0x0F, 0xFF, 0x20, 0xFF, 0x37, 0xFF, 0x3F, 0xFF, 0x3F, 0xFF, 0x37, 0xFF, 0x20, 0xFF, 0x0F, 0xFF, 0x15, 0xFF, 0x12, 0xFF,
        0x12, 0xFF, 0x15, 0xFF, 0x0F, 0xFF, 0x20, 0xFF, 0x37, 0xFF, 0x3F, 0xFF, 0x3F, 0xFF, 0x37, 0xFF, 0x20, 0xFF, 0x0F, 0xFF, 0x15, 0xFF, 0x12, 0xFF,
        0x1D, 0xFF, 0x01, 0xFD, 0x2C, 0xFF, 0x3F, 0xC8, 0x3B, 0x00, 0x3F, 0x01, 0x3F, 0x00, 0x3F, 0x00, 0x3F, 0x00, 0x3F, 0x00, 0x3F, 0x00, 0x3F, 0x00,
        0x3F, 0x00, 0x3F, 0x00, 0x3F, 0x00, 0x3F, 0x00, 0x3F, 0x00, 0x3F, 0x01, 0x3F, 0x00, 0x2B, 0x08, 0x3F, 0xE1, 0x28, 0xFF, 0x03, 0xFD, 0x1D, 0xFF,
        0x12, 0xFF, 0x15, 0xFF, 0x10, 0xFF, 0x1D, 0xFF, 0x35, 0xFF, 0x3F, 0xFF, 0x3F, 0xFF, 0x35, 0xFF, 0x1D, 0xFF, 0x10, 0xFF, 0x15, 0xFF, 0x12, 0xFF,
        0x12, 0xFF, 0x15, 0xFF, 0x10, 0xFF, 0x1D, 0xFF, 0x35, 0xFF, 0x3F, 0xFF, 0x3F, 0xFF, 0x35, 0xFF, 0x1D, 0xFF, 0x10, 0xFF, 0x15, 0xFF, 0x12, 0xFF,
        0x1D, 0xFF, 0x03, 0xFD, 0x29, 0xFF, 0x3F, 0xE0, 0x2B, 0x08, 0x3F, 0x00, 0x3F, 0x01, 0x3F, 0x00, 0x3F, 0x00, 0x3F, 0x00, 0x3F, 0x00, 0x3F, 0x00,
        0x3F, 0x00, 0x3F, 0x00, 0x3F, 0x00, 0x3F, 0x00, 0x3F, 0x00, 0x3F, 0x01, 0x3F, 0x00, 0x32, 0x10, 0x3F, 0xED, 0x26, 0xFF, 0x06, 0xFE, 0x1A, 0xFF,
        0x12, 0xFF, 0x12, 0xFF, 0x18, 0xFF, 0x0A, 0xFF, 0x25, 0xFF, 0x31, 0xFF, 0x31, 0xFF, 0x25, 0xFF, 0x0A, 0xFF, 0x18, 0xFF, 0x12, 0xFF, 0x12, 0xFF,
        0x12, 0xFF, 0x12, 0xFF, 0x18, 0xFF, 0x0A, 0xFF, 0x25, 0xFF, 0x31, 0xFF, 0x31, 0xFF, 0x25, 0xFF, 0x0A, 0xFF, 0x18, 0xFF, 0x12, 0xFF, 0x12, 0xFF,
        0x1A, 0xFF, 0x06, 0xFE, 0x26, 0xFF, 0x3F, 0xEC, 0x32, 0x0F, 0x3F, 0x00, 0x3F, 0x01, 0x3F, 0x00, 0x3F, 0x00, 0x3F, 0x00, 0x3F, 0x00, 0x3F, 0x00,
        0x3F, 0x00, 0x3F, 0x00, 0x3F, 0x00, 0x3F, 0x00, 0x3F, 0x00, 0x3F, 0x01, 0x3F, 0x00, 0x32, 0x10, 0x3F, 0xED, 0x26, 0xFF, 0x06, 0xFE, 0x1A, 0xFF,
        0x12, 0xFF, 0x12, 0xFF, 0x12, 0xFF, 0x17, 0xFF, 0x09, 0xFF, 0x18, 0xFF, 0x18, 0xFF, 0x09, 0xFF, 0x17, 0xFF, 0x12, 0xFF, 0x12, 0xFF, 0x12, 0xFF,
        0x12, 0xFF, 0x12, 0xFF, 0x12, 0xFF, 0x17, 0xFF, 0x09, 0xFF, 0x18, 0xFF, 0x18, 0xFF, 0x09, 0xFF, 0x17, 0xFF, 0x12, 0xFF, 0x12, 0xFF, 0x12, 0xFF,
        0x1A, 0xFF, 0x06, 0xFE, 0x26, 0xFF, 0x3F, 0xEC, 0x32, 0x0F, 0x3F, 0x00, 0x3F, 0x01, 0x3F, 0x00, 0x3F, 0x00, 0x3F, 0x00, 0x3F, 0x00, 0x3F, 0x00,
        0x3F, 0x00, 0x3F, 0x00, 0x3F, 0x00, 0x3F, 0x00, 0x3F, 0x00, 0x3F, 0x01, 0x3F, 0x00, 0x2B, 0x08, 0x3F, 0xE0, 0x28, 0xFF, 0x03, 0xFD, 0x1D, 0xFF,
        0x12, 0xFF, 0x12, 0xFF, 0x12, 0xFF, 0x12, 0xFF, 0x18, 0xFF, 0x10, 0xFF, 0x10, 0xFF, 0x18, 0xFF, 0x12, 0xFF, 0x19, 0xFF, 0x1D, 0xFF, 0x19, 0xFF,
        0x19, 0xFF, 0x1D, 0xFF, 0x19, 0xFF, 0x12, 0xFF, 0x18, 0xFF, 0x10, 0xFF, 0x10, 0xFF, 0x18, 0xFF, 0x12, 0xFF, 0x12, 0xFF, 0x12, 0xFF, 0x12, 0xFF,
        0x1D, 0xFF, 0x03, 0xFD, 0x29, 0xFF, 0x3F, 0xE0, 0x2B, 0x08, 0x3F, 0x00, 0x3F, 0x01, 0x3F, 0x00, 0x3F, 0x00, 0x3F, 0x00, 0x3F, 0x00, 0x3F, 0x00,
        0x3F, 0x00, 0x3F, 0x00, 0x3F, 0x00, 0x3F, 0x00, 0x3F, 0x00, 0x3F, 0x00, 0x3F, 0x01, 0x3B, 0x00, 0x3F, 0xC8, 0x2C, 0xFF, 0x01, 0xFD, 0x1D, 0xFF,
        0x12, 0xFF, 0x12, 0xFF, 0x12, 0xFF, 0x12, 0xFF, 0x12, 0xFF, 0x15, 0xFF, 0x12, 0xFF, 0x18, 0xFF, 0x12, 0xFF, 0x07, 0xFF, 0x00, 0xFF, 0x02, 0xFF,
        0x02, 0xFF, 0x00, 0xFF, 0x07, 0xFF, 0x12, 0xFF, 0x19, 0xFF, 0x12, 0xFF, 0x15, 0xFF, 0x12, 0xFF, 0x12, 0xFF, 0x12, 0xFF, 0x12, 0xFF, 0x12, 0xFF,
        0x1D, 0xFF, 0x01, 0xFD, 0x2C, 0xFF, 0x3F, 0xC8, 0x3B, 0x00, 0x3F, 0x01, 0x3F, 0x00, 0x3F, 0x00, 0x3F, 0x00, 0x3F, 0x00, 0x3F, 0x00, 0x3F, 0x00,
        0x3F, 0x00, 0x3F, 0x00, 0x3F, 0x00, 0x3F, 0x00, 0x3F, 0x00, 0x3F, 0x00, 0x3F, 0x04, 0x3C, 0x00, 0x3F, 0x9C, 0x2E, 0xFE, 0x08, 0xFB, 0x18, 0xFF,
        0x12, 0xFF, 0x12, 0xFF, 0x12, 0xFF, 0x12, 0xFF, 0x12, 0xFF, 0x12, 0xFF, 0x19, 0xFF, 0x09, 0xFF, 0x0D, 0xFF, 0x24, 0xFF, 0x2C, 0xFF, 0x2E, 0xFF,
        0x2E, 0xFF, 0x2C, 0xFF, 0x24, 0xFF, 0x0D, 0xFF, 0x09, 0xFF, 0x19, 0xFF, 0x12, 0xFF, 0x12, 0xFF, 0x12, 0xFF, 0x12, 0xFF, 0x12, 0xFF, 0x12, 0xFF,
        0x18, 0xFF, 0x08, 0xFB, 0x2E, 0xFE, 0x3F, 0x9B, 0x3D, 0x00, 0x3F, 0x04, 0x3F, 0x00, 0x3F, 0x00, 0x3F, 0x00, 0x3F, 0x00, 0x3F, 0x00, 0x3F, 0x00,
        0x3F, 0x00, 0x3F, 0x00, 0x3F, 0x00, 0x3F, 0x00, 0x3F, 0x00, 0x3F, 0x00, 0x3F, 0x04, 0x3E, 0x00, 0x3F, 0x5C, 0x39, 0xFF, 0x22, 0xFC, 0x0C, 0xFF,
        0x17, 0xFF, 0x12, 0xFF, 0x12, 0xFF, 0x12, 0xFF, 0x12, 0xFF, 0x18, 0xFF, 0x07, 0xFF, 0x24, 0xFF, 0x31, 0xFF, 0x3F, 0xFF, 0x35, 0xFF, 0x2E, 0xFF,
        0x2E, 0xFF, 0x35, 0xFF, 0x3F, 0xFF, 0x31, 0xFF, 0x24, 0xFF, 0x07, 0xFF, 0x18, 0xFF, 0x12, 0xFF, 0x12, 0xFF, 0x12, 0xFF, 0x12, 0xFF, 0x17, 0xFF,
        0x0C, 0xFF, 0x22, 0xFC, 0x3A, 0xFF, 0x3F, 0x5A, 0x3E, 0x00, 0x3F, 0x04, 0x3F, 0x00, 0x3F, 0x00, 0x3F, 0x00, 0x3F, 0x00, 0x3F, 0x00, 0x3F, 0x00,
        0x3F, 0x00, 0x3F, 0x00, 0x3F, 0x00, 0x3F, 0x00, 0x3F, 0x00, 0x3F, 0x00, 0x3F, 0x01, 0x3F, 0x00, 0x36, 0x16, 0x3F, 0xF1, 0x27, 0xFE, 0x04, 0xFE,
        0x1D, 0xFF, 0x12, 0xFF, 0x12, 0xFF, 0x12, 0xFF, 0x18, 0xFF, 0x09, 0xFF, 0x25, 0xFF, 0x3F, 0xFF, 0x2E, 0xFF, 0x23, 0xFF, 0x0B, 0xFF, 0x05, 0xFF,
        0x05, 0xFF, 0x0B, 0xFF, 0x23, 0xFF, 0x2E, 0xFF, 0x3F, 0xFF, 0x25, 0xFF, 0x09, 0xFF, 0x18, 0xFF, 0x12, 0xFF, 0x12, 0xFF, 0x12, 0xFF, 0x1D, 0xFF,
        0x02, 0xFE, 0x28, 0xFE, 0x3F, 0xEF, 0x33, 0x14, 0x3F, 0x00, 0x3F, 0x01, 0x3F, 0x00, 0x3F, 0x00, 0x3F, 0x00, 0x3F, 0x00, 0x3F, 0x00, 0x3F, 0x00,
        0x3F, 0x00, 0x3F, 0x00, 0x3F, 0x00, 0x3F, 0x00, 0x3F, 0x00, 0x3F, 0x00, 0x3F, 0x00, 0x3F, 0x03, 0x3D, 0x00, 0x3F, 0x9B, 0x31, 0xFF, 0x0E, 0xFB,
        0x12, 0xFF, 0x12, 0xFF, 0x12, 0xFF, 0x15, 0xFF, 0x10, 0xFF, 0x15, 0xFF, 0x3A, 0xFF, 0x2D, 0xFF, 0x02, 0xFF, 0x09, 0xFF, 0x15, 0xFF, 0x19, 0xFF,
        0x19, 0xFF, 0x15, 0xFF, 0x09, 0xFF, 0x02, 0xFF, 0x2D, 0xFF, 0x3A, 0xFF, 0x17, 0xFF, 0x10, 0xFF, 0x15, 0xFF, 0x12, 0xFF, 0x12, 0xFF, 0x12, 0xFF,
        0x0E, 0xFB, 0x31, 0xFF, 0x3F, 0x9B, 0x3D, 0x00, 0x3F, 0x03, 0x3F, 0x00, 0x3F, 0x00, 0x3F, 0x00, 0x3F, 0x00, 0x3F, 0x00, 0x3F, 0x00, 0x3F, 0x00,
        0x3F, 0x00, 0x3F, 0x00, 0x3F, 0x00, 0x3F, 0x00, 0x3F, 0x00, 0x3F, 0x00, 0x3F, 0x00, 0x3F, 0x02, 0x3F, 0x01, 0x37, 0x27, 0x3F, 0xF9, 0x29, 0xFC,
        0x00, 0xFE, 0x1F, 0xFF, 0x12, 0xFF, 0x12, 0xFF, 0x10, 0xFF, 0x15, 0xFF, 0x24, 0xFF, 0x20, 0xFF, 0x0D, 0xFF, 0x1C, 0xFF, 0x12, 0xFF, 0x12, 0xFF,
        0x12, 0xFF, 0x12, 0xFF, 0x1A, 0xFF, 0x0D, 0xFF, 0x20, 0xFF, 0x24, 0xFF, 0x15, 0xFF, 0x10, 0xFF, 0x12, 0xFF, 0x12, 0xFF, 0x1E, 0xFF, 0x00, 0xFE,
        0x29, 0xFC, 0x3F, 0xF9, 0x37, 0x27, 0x3F, 0x01, 0x3F, 0x02, 0x3F, 0x00, 0x3F, 0x00, 0x3F, 0x00, 0x3F, 0x00, 0x3F, 0x00, 0x3F, 0x00, 0x3F, 0x00,
        0x3F, 0x00, 0x3F, 0x00, 0x3F, 0x00, 0x3F, 0x00, 0x3F, 0x00, 0x3F, 0x00, 0x3F, 0x00, 0x3F, 0x00, 0x3F, 0x03, 0x3D, 0x00, 0x3C, 0x88, 0x39, 0xFF,
        0x22, 0xFA, 0x0A, 0xFF, 0x1C, 0xFF, 0x12, 0xFF, 0x12, 0xFF, 0x12, 0xFF, 0x07, 0xFF, 0x0F, 0xFF, 0x17, 0xFF, 0x12, 0xFF, 0x12, 0xFF, 0x12, 0xFF,
        0x12, 0xFF, 0x12, 0xFF, 0x12, 0xFF, 0x17, 0xFF, 0x0F, 0xFF, 0x07, 0xFF, 0x12, 0xFF, 0x12, 0xFF, 0x12, 0xFF, 0x1C, 0xFF, 0x0A, 0xFF, 0x22, 0xFA,
        0x39, 0xFF, 0x3C, 0x88, 0x3D, 0x00, 0x3F, 0x03, 0x3F, 0x00, 0x3F, 0x00, 0x3F, 0x00, 0x3F, 0x00, 0x3F, 0x00, 0x3F, 0x00, 0x3F, 0x00, 0x3F, 0x00,
        0x3F, 0x00, 0x3F, 0x00, 0x3F, 0x00, 0x3F, 0x00, 0x3F, 0x00, 0x3F, 0x00, 0x3F, 0x00, 0x3F, 0x00, 0x3F, 0x01, 0x3F, 0x03, 0x2F, 0x09, 0x3F, 0xCF,
        0x30, 0xFF, 0x11, 0xFB, 0x0C, 0xFF, 0x1C, 0xFF, 0x12, 0xFF, 0x12, 0xFF, 0x18, 0xFF, 0x15, 0xFF, 0x12, 0xFF, 0x12, 0xFF, 0x12, 0xFF, 0x12, 0xFF,
        0x12, 0xFF, 0x12, 0xFF, 0x12, 0xFF, 0x12, 0xFF, 0x15, 0xFF, 0x18, 0xFF, 0x12, 0xFF, 0x12, 0xFF, 0x1C, 0xFF, 0x0C, 0xFF, 0x11, 0xFB, 0x30, 0xFF,
        0x3F, 0xCF, 0x2F, 0x09, 0x3F, 0x03, 0x3F, 0x01, 0x3F, 0x00, 0x3F, 0x00, 0x3F, 0x00, 0x3F, 0x00, 0x3F, 0x00, 0x3F, 0x00, 0x3F, 0x00, 0x3F, 0x00,
        0x3F, 0x00, 0x3F, 0x00, 0x3F, 0x00, 0x3F, 0x00, 0x3F, 0x00, 0x3F, 0x00, 0x3F, 0x00, 0x3F, 0x00, 0x3F, 0x00, 0x3F, 0x02, 0x3F, 0x00, 0x34, 0x24,
        0x3F, 0xE8, 0x2E, 0xFF, 0x13, 0xFB, 0x0A, 0xFF, 0x1E, 0xFF, 0x12, 0xFF, 0x12, 0xFF, 0x12, 0xFF, 0x12, 0xFF, 0x12, 0xFF, 0x12, 0xFF, 0x12, 0xFF,
        0x12, 0xFF, 0x12, 0xFF, 0x12, 0xFF, 0x12, 0xFF, 0x12, 0xFF, 0x12, 0xFF, 0x12, 0xFF, 0x1E, 0xFF, 0x0A, 0xFF, 0x11, 0xFB, 0x2E, 0xFF, 0x3F, 0xE8,
        0x34, 0x24, 0x3F, 0x00, 0x3F, 0x02, 0x3F, 0x00, 0x3F, 0x00, 0x3F, 0x00, 0x3F, 0x00, 0x3F, 0x00, 0x3F, 0x00, 0x3F, 0x00, 0x3F, 0x00, 0x3F, 0x00,
        0x3F, 0x00, 0x3F, 0x00, 0x3F, 0x00, 0x3F, 0x00, 0x3F, 0x00, 0x3F, 0x00, 0x3F, 0x00, 0x3F, 0x00, 0x3F, 0x00, 0x3F, 0x00, 0x3F, 0x03, 0x3F, 0x00,
        0x38, 0x32, 0x3F, 0xE6, 0x30, 0xFF, 0x22, 0xFB, 0x01, 0xFE, 0x12, 0xFF, 0x1D, 0xFF, 0x17, 0xFF, 0x12, 0xFF, 0x12, 0xFF, 0x12, 0xFF, 0x12, 0xFF,
        0x12, 0xFF, 0x12, 0xFF, 0x12, 0xFF, 0x12, 0xFF, 0x17, 0xFF, 0x1D, 0xFF, 0x12, 0xFF, 0x01, 0xFE, 0x22, 0xFA, 0x30, 0xFF, 0x3F, 0xE7, 0x38, 0x33,
        0x3F, 0x00, 0x3F, 0x03, 0x3F, 0x00, 0x3F, 0x00, 0x3F, 0x00, 0x3F, 0x00, 0x3F, 0x00, 0x3F, 0x00, 0x3F, 0x00, 0x3F, 0x00, 0x3F, 0x00, 0x3F, 0x00,
        0x3F, 0x00, 0x3F, 0x00, 0x3F, 0x00, 0x3F, 0x00, 0x3F, 0x00, 0x3F, 0x00, 0x3F, 0x00, 0x3F, 0x00, 0x3F, 0x00, 0x3F, 0x00, 0x3F, 0x00, 0x3F, 0x03,
        0x3F, 0x00, 0x37, 0x26, 0x3F, 0xCB, 0x39, 0xFF, 0x28, 0xFF, 0x0E, 0xFB, 0x04, 0xFE, 0x0B, 0xFF, 0x18, 0xFF, 0x1D, 0xFF, 0x1B, 0xFF, 0x1A, 0xFF,
        0x1A, 0xFF, 0x1B, 0xFF, 0x1D, 0xFF, 0x18, 0xFF, 0x0C, 0xFF, 0x04, 0xFE, 0x0E, 0xFB, 0x27, 0xFF, 0x39, 0xFF, 0x3F, 0xCB, 0x37, 0x26, 0x3F, 0x00,
        0x3F, 0x03, 0x3F, 0x00, 0x3F, 0x00, 0x3F, 0x00, 0x3F, 0x00, 0x3F, 0x00, 0x3F, 0x00, 0x3F, 0x00, 0x3F, 0x00, 0x3F, 0x00, 0x3F, 0x00, 0x3F, 0x00,
        0x3F, 0x00, 0x3F, 0x00, 0x3F, 0x00, 0x3F, 0x00, 0x3F, 0x00, 0x3F, 0x00, 0x3F, 0x00, 0x3F, 0x00, 0x3F, 0x00, 0x3F, 0x00, 0x3F, 0x00, 0x3F, 0x00,
        0x3F, 0x03, 0x3F, 0x00, 0x2F, 0x08, 0x3F, 0x88, 0x3F, 0xF6, 0x31, 0xFF, 0x28, 0xFF, 0x22, 0xFC, 0x08, 0xFB, 0x00, 0xFC, 0x02, 0xFD, 0x06, 0xFE,
        0x06, 0xFE, 0x02, 0xFD, 0x00, 0xFC, 0x08, 0xFB, 0x22, 0xFC, 0x28, 0xFF, 0x31, 0xFF, 0x3F, 0xF7, 0x3F, 0x88, 0x2F, 0x09, 0x3F, 0x00, 0x3F, 0x03,
        0x3F, 0x00, 0x3F, 0x00, 0x3F, 0x00, 0x3F, 0x00, 0x3F, 0x00, 0x3F, 0x00, 0x3F, 0x00, 0x3F, 0x00, 0x3F, 0x00, 0x3F, 0x00, 0x3F, 0x00, 0x3F, 0x00,
        0x3F, 0x00, 0x3F, 0x00, 0x3F, 0x00, 0x3F, 0x00, 0x3F, 0x00, 0x3F, 0x00, 0x3F, 0x00, 0x3F, 0x00, 0x3F, 0x00, 0x3F, 0x00, 0x3F, 0x00, 0x3F, 0x00,
        0x3F, 0x00, 0x3F, 0x02, 0x3F, 0x00, 0x3E, 0x00, 0x38, 0x2B, 0x3F, 0x98, 0x3F, 0xE9, 0x3A, 0xFF, 0x2E, 0xFF, 0x2C, 0xFF, 0x29, 0xFF, 0x26, 0xFF,
        0x26, 0xFF, 0x29, 0xFF, 0x2C, 0xFF, 0x2E, 0xFF, 0x3A, 0xFF, 0x3F, 0xEB, 0x3F, 0x98, 0x38, 0x2B, 0x3E, 0x00, 0x3F, 0x00, 0x3F, 0x02, 0x3F, 0x00,
        0x3F, 0x00, 0x3F, 0x00, 0x3F, 0x00, 0x3F, 0x00, 0x3F, 0x00, 0x3F, 0x00, 0x3F, 0x00, 0x3F, 0x00, 0x3F, 0x00, 0x3F, 0x00, 0x3F, 0x00, 0x3F, 0x00,
        0x3F, 0x00, 0x3F, 0x00, 0x3F, 0x00, 0x3F, 0x00, 0x3F, 0x00, 0x3F, 0x00, 0x3F, 0x00, 0x3F, 0x00, 0x3F, 0x00, 0x3F, 0x00, 0x3F, 0x00, 0x3F, 0x00,
        0x3F, 0x00, 0x3F, 0x00, 0x3F, 0x01, 0x3F, 0x03, 0x3F, 0x00, 0x3D, 0x00, 0x33, 0x15, 0x3F, 0x5B, 0x3F, 0x9A, 0x3F, 0xC7, 0x3F, 0xE0, 0x3F, 0xEC,
        0x3F, 0xEC, 0x3F, 0xE0, 0x3F, 0xC7, 0x3F, 0x9A, 0x3F, 0x5C, 0x33, 0x17, 0x3D, 0x00, 0x3F, 0x00, 0x3F, 0x03, 0x3F, 0x01, 0x3F, 0x00, 0x3F, 0x00,
        0x3F, 0x00, 0x3F, 0x00, 0x3F, 0x00, 0x3F, 0x00, 0x3F, 0x00, 0x3F, 0x00, 0x3F, 0x00, 0x3F, 0x00, 0x3F, 0x00, 0x3F, 0x00, 0x3F, 0x00, 0x3F, 0x00,
        0x3F, 0x00, 0x3F, 0x00, 0x3F, 0x00, 0x3F, 0x00, 0x3F, 0x00, 0x3F, 0x00, 0x3F, 0x00, 0x3F, 0x00, 0x3F, 0x00, 0x3F, 0x00, 0x3F, 0x00, 0x3F, 0x00,
        0x3F, 0x00, 0x3F, 0x00, 0x3F, 0x00, 0x3F, 0x00, 0x3F, 0x02, 0x3F, 0x03, 0x3F, 0x00, 0x3E, 0x00, 0x3C, 0x00, 0x3B, 0x00, 0x2B, 0x08, 0x32, 0x0F,
        0x32, 0x0F, 0x2B, 0x08, 0x3B, 0x00, 0x3C, 0x00, 0x3E, 0x00, 0x3F, 0x00, 0x3F, 0x03, 0x3F, 0x02, 0x3F, 0x00, 0x3F, 0x00, 0x3F, 0x00, 0x3F, 0x00,
        0x3F, 0x00, 0x3F, 0x00, 0x3F, 0x00, 0x3F, 0x00, 0x3F, 0x00, 0x3F, 0x00, 0x3F, 0x00, 0x3F, 0x00, 0x3F, 0x00, 0x3F, 0x00, 0x3F, 0x00, 0x3F, 0x00,
        0x3F, 0x00, 0x3F, 0x00, 0x3F, 0x00, 0x3F, 0x00, 0x3F, 0x00, 0x3F, 0x00, 0x3F, 0x00, 0x3F, 0x00, 0x3F, 0x00, 0x3F, 0x00, 0x3F, 0x00, 0x3F, 0x00,
        0x3F, 0x00, 0x3F, 0x00, 0x3F, 0x00, 0x3F, 0x00, 0x3F, 0x00, 0x3F, 0x00, 0x3F, 0x01, 0x3F, 0x04, 0x3F, 0x04, 0x3F, 0x01, 0x3F, 0x00, 0x3F, 0x00,
        0x3F, 0x00, 0x3F, 0x00, 0x3F, 0x01, 0x3F, 0x04, 0x3F, 0x04, 0x3F, 0x01, 0x3F, 0x00, 0x3F, 0x00, 0x3F, 0x00, 0x3F, 0x00, 0x3F, 0x00, 0x3F, 0x00,
        0x3F, 0x00, 0x3F, 0x00, 0x3F, 0x00, 0x3F, 0x00, 0x3F, 0x00, 0x3F, 0x00, 0x3F, 0x00, 0x3F, 0x00, 0x3F, 0x00, 0x3F, 0x00, 0x3F, 0x00, 0x3F, 0x00,
        0x3F, 0x00, 0x3F, 0x00, 0x3F, 0x00, 0x3F, 0x00, 0x3F, 0x00, 0x3F, 0x00, 0x3F, 0x00, 0x3F, 0x00, 0x3F, 0x00, 0x3F, 0x00, 0x3F, 0x00, 0x3F, 0x00,
        0x3F, 0x00, 0x3F, 0x00, 0x3F, 0x00, 0x3F, 0x00, 0x3F, 0x00, 0x3F, 0x00, 0x3F, 0x00, 0x3F, 0x00, 0x3F, 0x00, 0x3F, 0x00, 0x3F, 0x01, 0x3F, 0x01,
        0x3F, 0x01, 0x3F, 0x01, 0x3F, 0x00, 0x3F, 0x00, 0x3F, 0x00, 0x3F, 0x00, 0x3F, 0x00, 0x3F, 0x00, 0x3F, 0x00, 0x3F, 0x00, 0x3F, 0x00, 0x3F, 0x00,
        0x3F, 0x00, 0x3F, 0x00, 0x3F, 0x00, 0x3F, 0x00, 0x3F, 0x00, 0x3F, 0x00, 0x3F, 0x00, 0x3F, 0x00, 0x3F, 0x00, 0x3F, 0x00, 0x3F, 0x00, 0x3F, 0x00,
        0x3F, 0x00, 0x3F, 0x00, 0x3F, 0x00, 0x3F, 0x00, 0x3F, 0x00, 0x3F, 0x00, 0x3F, 0x00, 0x3F, 0x00, 0x3F, 0x00, 0x3F, 0x00, 0x3F, 0x00, 0x3F, 0x00,
        0x3F, 0x00, 0x3F, 0x00, 0x3F, 0x00, 0x3F, 0x00, 0x3F, 0x00, 0x3F, 0x00, 0x3F, 0x00, 0x3F, 0x00, 0x3F, 0x00, 0x3F, 0x00, 0x3F, 0x00, 0x3F, 0x00,
        0x3F, 0x00, 0x3F, 0x00, 0x3F, 0x00, 0x3F, 0x00, 0x3F, 0x00, 0x3F, 0x00, 0x3F, 0x00, 0x3F, 0x00, 0x3F, 0x00, 0x3F, 0x00, 0x3F, 0x00, 0x3F, 0x00,
        0x3F, 0x00, 0x3F, 0x00, 0x3F, 0x00, 0x3F, 0x00, 0x3F, 0x00, 0x3F, 0x00, 0x3F, 0x00, 0x3F, 0x00, 0x3F, 0x00, 0x3F, 0x00, 0x3F, 0x00, 0x3F, 0x00,
        0x3F, 0x00, 0x3F, 0x00, 0x3F, 0x00, 0x3F, 0x00, 0x3F, 0x00, 0x3F, 0x00, 0x3F, 0x00, 0x3F, 0x00, 0x3F, 0x00, 0x3F, 0x00, 0x3F, 0x00, 0x3F, 0x00,
        0x3F, 0x00, 0x3F, 0x00, 0x3F, 0x00, 0x3F, 0x00, 0x3F, 0x00, 0x3F, 0x00, 0x3F, 0x00, 0x3F, 0x00, 0x3F, 0x00, 0x3F, 0x00, 0x3F, 0x00, 0x3F, 0x00,
        0x3F, 0x00, 0x3F, 0x00, 0x3F, 0x00, 0x3F, 0x00, 0x3F, 0x00, 0x3F, 0x00, 0x3F, 0x00, 0x3F, 0x00, 0x3F, 0x00, 0x3F, 0x00, 0x3F, 0x00, 0x3F, 0x00,
        0x3F, 0x00, 0x3F, 0x00, 0x3F, 0x00, 0x3F, 0x00, 0x3F, 0x00, 0x3F, 0x00, 0x3F, 0x00, 0x3F, 0x00, 0x3F, 0x00, 0x3F, 0x00, 0x3F, 0x00, 0x3F, 0x00,
        0x3F, 0x00, 0x3F, 0x00, 0x3F, 0x00, 0x3F, 0x00, 0x3F, 0x00, 0x3F, 0x00, 0x3F, 0x00, 0x3F, 0x00, 0x3F, 0x00, 0x3F, 0x00, 0x3F, 0x00, 0x3F, 0x00,
        0x3F, 0x00, 0x3F, 0x00, 0x3F, 0x00, 0x3F, 0x00, 0x3F, 0x00, 0x3F, 0x00, 0x3F, 0x00, 0x3F, 0x00, 0x3F, 0x00, 0x3F, 0x00, 0x3F, 0x00, 0x3F, 0x00,
        0x3F, 0x00, 0x3F, 0x00, 0x3F, 0x00, 0x3F, 0x00, 0x3F, 0x00, 0x3F, 0x00, 0x3F, 0x00, 0x3F, 0x00, 0x3F, 0x00, 0x3F, 0x00, 0x3F, 0x00, 0x3F, 0x00,
        0x3F, 0x00, 0x3F, 0x00, 0x3F, 0x00, 0x3F, 0x00, 0x3F, 0x00, 0x3F, 0x00, 0x3F, 0x00, 0x3F, 0x00, 0x3F, 0x00, 0x3F, 0x00, 0x3F, 0x00, 0x3F, 0x00,
        0x3F, 0x00, 0x3F, 0x00, 0x3F, 0x00, 0x3F, 0x00, 0x3F, 0x00, 0x3F, 0x00, 0x3F, 0x00, 0x3F, 0x00, 0x3F, 0x00, 0x3F, 0x00, 0x3F, 0x00, 0x3F, 0x00,
        0x3F, 0x00, 0x3F, 0x00, 0x3F, 0x00, 0x3F, 0x00, 0x3F, 0x00, 0x3F, 0x00, 0x3F, 0x00, 0x3F, 0x00, 0x3F, 0x00, 0x3F, 0x00, 0x3F, 0x00, 0x3F, 0x00,
        0x3F, 0x00, 0x3F, 0x00, 0x3F, 0x00, 0x3F, 0x00, 0x3F, 0x00, 0x3F, 0x00, 0x3F, 0x00, 0x3F, 0x00, 0x3F, 0x00, 0x3F, 0x00, 0x3F, 0x00, 0x3F, 0x00,
        0x3F, 0x00, 0x3F, 0x00, 0x3F, 0x00, 0x3F, 0x00, 0x3F, 0x00, 0x3F, 0x00, 0x3F, 0x00, 0x3F, 0x00, 0x3F, 0x00, 0x3F, 0x00, 0x3F, 0x00, 0x3F, 0x00,
        0x3F, 0x00, 0x3F, 0x00, 0x3F, 0x00, 0x3F, 0x00, 0x3F, 0x00, 0x3F, 0x00, 0x3F, 0x00, 0x3F, 0x00, 0x3F, 0x00, 0x3F, 0x00, 0x3F, 0x00, 0x3F, 0x00,
        0x3F, 0x00, 0x3F, 0x00, 0x3F, 0x00, 0x3F, 0x00, 0x3F, 0x00, 0x3F, 0x00, 0x3F, 0x00, 0x3F, 0x00, 0x3F, 0x00, 0x3F, 0x00, 0x3F, 0x00, 0x3F, 0x00,
        0x3F, 0x00, 0x3F, 0x00, 0x3F, 0x00, 0x3F, 0x00, 0x3F, 0x00, 0x3F, 0x00, 0x3F, 0x00, 0x3F, 0x00, 0x3F, 0x00, 0x3F, 0x00, 0x3F, 0x00, 0x3F, 0x00,
        0x3F, 0x00, 0x3F, 0x00, 0x3F, 0x00, 0x3F, 0x00, 0x3F, 0x00, 0x3F, 0x00, 0x3F, 0x00, 0x3F, 0x00, 0x3F, 0x00, 0x3F, 0x00, 0x3F, 0x00, 0x3F, 0x00,
    },
    // poop: 1F4A9.svg, source sha256 92d781cb9f22
    {
        0x3F, 0x00, 0x3F, 0x00, 0x3F, 0x00, 0x3F, 0x00, 0x3F, 0x00, 0x3F, 0x00, 0x3F, 0x00, 0x3F, 0x00, 0x3F, 0x00, 0x3F, 0x00, 0x3F, 0x00, 0x3F, 0x00,
        0x3F, 0x00, 0x3F, 0x00, 0x3F, 0x00, 0x3F, 0x00, 0x3F, 0x00, 0x3F, 0x00, 0x3F, 0x00, 0x3F, 0x00, 0x3F, 0x00, 0x3F, 0x00, 0x3F, 0x00, 0x3F, 0x00,
        0x3F, 0x00, 0x3F, 0x00, 0x3F, 0x00, 0x3F, 0x00, 0x3F, 0x00, 0x3F, 0x00, 0x3F, 0x00, 0x3F, 0x00, 0x3F, 0x00, 0x3F, 0x00, 0x3F, 0x00, 0x3F, 0x00,
        0x3F, 0x00, 0x3F, 0x00, 0x3F, 0x00, 0x3F, 0x00, 0x3F, 0x00, 0x3F, 0x00, 0x3F, 0x00, 0x3F, 0x00, 0x3F, 0x00, 0x3F, 0x00, 0x3F, 0x00, 0x3F, 0x00,
        0x3F, 0x00, 0x3F, 0x00, 0x3F, 0x00, 0x3F, 0x00, 0x3F, 0x00, 0x3F, 0x00, 0x3F, 0x00, 0x3F, 0x00, 0x3F, 0x00, 0x3F, 0x00, 0x3F, 0x00, 0x3F, 0x00,
        0x3F, 0x00, 0x3F, 0x00, 0x3F, 0x00, 0x3F, 0x00, 0x3F, 0x00, 0x3F, 0x00, 0x3F, 0x00, 0x3F, 0x00, 0x3F, 0x00, 0x3F, 0x00, 0x3F, 0x00, 0x3F, 0x00,
        0x3F, 0x00, 0x3F, 0x00, 0x3F, 0x00, 0x3F, 0x00, 0x3F, 0x00, 0x3F, 0x00, 0x3F, 0x00, 0x3F, 0x00, 0x3F, 0x00, 0x3F, 0x00, 0x3F, 0x00, 0x3F, 0x00,
        0x3F, 0x00, 0x3F, 0x00, 0x3F, 0x00, 0x3F, 0x00, 0x3F, 0x00, 0x3F, 0x00, 0x3F, 0x00, 0x3F, 0x00, 0x3F, 0x00, 0x3F, 0x00, 0x3F, 0x00, 0x3F, 0x00,
        0x3F, 0x00, 0x3F, 0x00, 0x3F, 0x00, 0x3F, 0x00, 0x3F, 0x00, 0x3F, 0x00, 0x3F, 0x00, 0x3F, 0x00, 0x3F, 0x00, 0x3F, 0x00, 0x3F, 0x00, 0x3F, 0x00,
        0x3F, 0x00, 0x3F, 0x00, 0x3F, 0x00, 0x3F, 0x00, 0x3F, 0x00, 0x3F, 0x00, 0x3F, 0x00, 0x3F, 0x00, 0x3F, 0x00, 0x3F, 0x00, 0x3F, 0x00, 0x3F, 0x00,
        0x3F, 0x00, 0x3F, 0x00, 0x3F, 0x00, 0x3F, 0x00, 0x3F, 0x00, 0x3F, 0x00, 0x3F, 0x00, 0x3F, 0x00, 0x3F, 0x00, 0x3F, 0x00, 0x3F, 0x00, 0x3F, 0x00,
        0x3F, 0x00, 0x3F, 0x00, 0x3F, 0x00, 0x3F, 0x00, 0x3F, 0x00, 0x3F, 0x00, 0x3F, 0x00, 0x3F, 0x00, 0x3F, 0x00, 0x3F, 0x00, 0x3F, 0x00, 0x3F, 0x00,
        0x3F, 0x00, 0x3F, 0x00, 0x3F, 0x00, 0x3F, 0x00, 0x3F, 0x00, 0x3F, 0x00, 0x3F, 0x00, 0x3F, 0x00, 0x3F, 0x00, 0x3F, 0x00, 0x3F, 0x00, 0x3F, 0x00,
        0x3F, 0x00, 0x3F, 0x00, 0x3F, 0x00, 0x3F, 0x00, 0x3F, 0x00, 0x3F, 0x00, 0x3F, 0x00, 0x3F, 0x00, 0x3F, 0x00, 0x3F, 0x00, 0x3F, 0x00, 0x3F, 0x00,
        0x3F, 0x00, 0x3F, 0x00, 0x3F, 0x00, 0x3F, 0x00, 0x3F, 0x00, 0x3F, 0x00, 0x3F, 0x00, 0x3F, 0x00, 0x3F, 0x00, 0x3F, 0x00, 0x3F, 0x00, 0x3F, 0x00,
        0x3F, 0x00, 0x3F, 0x00, 0x3F, 0x00, 0x3F, 0x00, 0x3F, 0x00, 0x3F, 0x00, 0x3F, 0x00, 0x3F, 0x00, 0x3F, 0x00, 0x3F, 0x00, 0x3F, 0x00, 0x3F, 0x00,
        0x3F, 0x00, 0x3F, 0x00, 0x3F, 0x00, 0x3F, 0x00, 0x3F, 0x00, 0x3F, 0x00, 0x3F, 0x00, 0x3F, 0x00, 0x3F, 0x00, 0x3F, 0x00, 0x3F, 0x00, 0x3F, 0x00,
        0x3F, 0x00, 0x3F, 0x00, 0x3F, 0x00, 0x3F, 0x00, 0x3F, 0x00, 0x3F, 0x00, 0x3F, 0x00, 0x3F, 0x00, 0x3F, 0x00, 0x3F, 0x00, 0x3F, 0x00, 0x3F, 0x00,
        0x3F, 0x00, 0x3F, 0x00, 0x3F, 0x00, 0x3F, 0x00, 0x3F, 0x00, 0x3F, 0x00, 0x3F, 0x00, 0x3F, 0x00, 0x3F, 0x00, 0x3F, 0x00, 0x3F, 0x00, 0x3F, 0x00,
        0x3F, 0x00, 0x3F, 0x00, 0x3F, 0x00, 0x3F, 0x00, 0x3F, 0x00, 0x3F, 0x00, 0x3F, 0x00, 0x3F, 0x00, 0x3F, 0x00, 0x3F, 0x00, 0x3F, 0x00, 0x3F, 0x00,
        0x3F, 0x00, 0x3F, 0x00, 0x3F, 0x00, 0x3F, 0x00, 0x3F, 0x00, 0x3F, 0x00, 0x3F, 0x00, 0x3F, 0x00, 0x3F, 0x00, 0x3F, 0x00, 0x3F, 0x00, 0x3F, 0x00,
        0x3F, 0x00, 0x3F, 0x00, 0x3F, 0x00, 0x3F, 0x00, 0x3F, 0x00, 0x3F, 0x00, 0x3F, 0x00, 0x3F, 0x00, 0x3F, 0x01, 0x3F, 0x00, 0x3F, 0x00, 0x3F, 0x00,
        0x3F, 0x00, 0x3F, 0x00, 0x3F, 0x00, 0x3F, 0x00, 0x3F, 0x00, 0x3F, 0x00, 0x3F, 0x00, 0x3F, 0x00, 0x3F, 0x00, 0x3F, 0x00, 0x3F, 0x00, 0x3F, 0x00,
        0x3F, 0x00, 0x3F, 0x00, 0x3F, 0x00, 0x3F, 0x00, 0x3F, 0x00, 0x3F, 0x00, 0x3F, 0x00, 0x3F, 0x00, 0x3F, 0x00, 0x3F, 0x00, 0x3F, 0x00, 0x3F, 0x00,
        0x3F, 0x00, 0x3F, 0x00, 0x3F, 0x00, 0x3F, 0x00, 0x3F, 0x00, 0x3F, 0x00, 0x3F, 0x00, 0x3F, 0x00, 0x3F, 0x00, 0x3F, 0x00, 0x3F, 0x00, 0x3F, 0x00,
        0x3F, 0x00, 0x3F, 0x00, 0x3F, 0x00, 0x3F, 0x00, 0x3F, 0x00, 0x3F, 0x00, 0x3F, 0x00, 0x3F, 0x00, 0x3F, 0x00, 0x3F, 0x02, 0x3F, 0x02, 0x3F, 0x00,
        0x3F, 0x00, 0x3F, 0x00, 0x3F, 0x00, 0x3F, 0x00, 0x3F, 0x00, 0x3F, 0x00, 0x3F, 0x00, 0x3F, 0x00, 0x3F, 0x00, 0x3F, 0x00, 0x3F, 0x00, 0x3F, 0x00,
        0x3F, 0x00, 0x3F, 0x00, 0x3F, 0x00, 0x3F, 0x00, 0x3F, 0x00, 0x3F, 0x00, 0x3F, 0x00, 0x3F, 0x00, 0x3F, 0x00, 0x3F, 0x00, 0x3F, 0x00, 0x3F, 0x00,
        0x3F, 0x00, 0x3F, 0x00, 0x3F, 0x00, 0x3F, 0x00, 0x3F, 0x00, 0x3F, 0x00, 0x3F, 0x00, 0x3F, 0x00, 0x3F, 0x00, 0x3F, 0x00, 0x3F, 0x00, 0x3F, 0x00,
        0x3F, 0x00, 0x3F, 0x00, 0x3F, 0x00, 0x3F, 0x00, 0x3F, 0x00, 0x3F, 0x00, 0x3F, 0x00, 0x3F, 0x00, 0x3F, 0x07, 0x3D, 0x00, 0x3F, 0x00, 0x3F, 0x03,
        0x3F, 0x02, 0x3F, 0x00, 0x3F, 0x00, 0x3F, 0x00, 0x3F, 0x00, 0x3F, 0x00, 0x3F, 0x00, 0x3F, 0x00, 0x3F, 0x00, 0x3F, 0x00, 0x3F, 0x00, 0x3F, 0x00,
        0x3F, 0x00, 0x3F, 0x00, 0x3F, 0x00, 0x3F, 0x00, 0x3F, 0x00, 0x3F, 0x00, 0x3F, 0x00, 0x3F, 0x00, 0x3F, 0x00, 0x3F, 0x00, 0x3F, 0x00, 0x3F, 0x00,
        0x3F, 0x00, 0x3F, 0x00, 0x3F, 0x00, 0x3F, 0x00, 0x3F, 0x00, 0x3F, 0x00, 0x3F, 0x00, 0x3F, 0x00, 0x3F, 0x00, 0x3F, 0x00, 0x3F, 0x00, 0x3F, 0x00,
        0x3F, 0x00, 0x3F, 0x00, 0x3F, 0x00, 0x3F, 0x00, 0x3F, 0x00, 0x3F, 0x01, 0x3F, 0x00, 0x3F, 0x08, 0x3F, 0xCE, 0x3F, 0xAC, 0x34, 0x33, 0x3A, 0x00,
        0x3F, 0x00, 0x3F, 0x03, 0x3F, 0x02, 0x3F, 0x00, 0x3F, 0x00, 0x3F, 0x00, 0x3F, 0x00, 0x3F, 0x00, 0x3F, 0x00, 0x3F, 0x00, 0x3F, 0x00, 0x3F, 0x00,
        0x3F, 0x00, 0x3F, 0x00, 0x3F, 0x00, 0x3F, 0x00, 0x3F, 0x00, 0x3F, 0x00, 0x3F, 0x00, 0x3F, 0x00, 0x3F, 0x00, 0x3F, 0x00, 0x3F, 0x00, 0x3F, 0x00,
        0x3F, 0x00, 0x3F, 0x00, 0x3F, 0x00, 0x3F, 0x00, 0x3F, 0x00, 0x3F, 0x00, 0x3F, 0x00, 0x3F, 0x00, 0x3F, 0x00, 0x3F, 0x00, 0x3F, 0x00, 0x3F, 0x00,
        0x3F, 0x00, 0x3F, 0x00, 0x3F, 0x00, 0x3F, 0x00, 0x3F, 0x00, 0x3F, 0x01, 0x3F, 0x00, 0x3F, 0x08, 0x3F, 0xE4, 0x32, 0xFF, 0x3F, 0xFC, 0x3F, 0xA7,
        0x35, 0x34, 0x3B, 0x00, 0x3F, 0x00, 0x3F, 0x03, 0x3F, 0x01, 0x3F, 0x00, 0x3F, 0x00, 0x3F, 0x00, 0x3F, 0x00, 0x3F, 0x00, 0x3F, 0x00, 0x3F, 0x00,
        0x3F, 0x00, 0x3F, 0x00, 0x3F, 0x00, 0x3F, 0x00, 0x3F, 0x00, 0x3F, 0x00, 0x3F, 0x00, 0x3F, 0x00, 0x3F, 0x00, 0x3F, 0x00, 0x3F, 0x00, 0x3F, 0x00,
        0x3F, 0x00, 0x3F, 0x00, 0x3F, 0x00, 0x3F, 0x00, 0x3F, 0x00, 0x3F, 0x00, 0x3F, 0x00, 0x3F, 0x00, 0x3F, 0x00, 0x3F, 0x00, 0x3F, 0x00, 0x3F, 0x00,
        0x3F, 0x00, 0x3F, 0x00, 0x3F, 0x00, 0x3F, 0x00, 0x3F, 0x00, 0x3F, 0x01, 0x3F, 0x00, 0x2E, 0x10, 0x3F, 0xE9, 0x1E, 0xFC, 0x1B, 0xFE, 0x2E, 0xFF,
        0x3F, 0xFC, 0x3F, 0xA7, 0x34, 0x33, 0x3F, 0x00, 0x3F, 0x00, 0x3F, 0x01, 0x3F, 0x00, 0x3F, 0x00, 0x3F, 0x00, 0x3F, 0x00, 0x3F, 0x00, 0x3F, 0x00,
        0x3F, 0x00, 0x3F, 0x00, 0x3F, 0x00, 0x3F, 0x00, 0x3F, 0x00, 0x3F, 0x00, 0x3F, 0x00, 0x3F, 0x00, 0x3F, 0x00, 0x3F, 0x00, 0x3F, 0x00, 0x3F, 0x00,
        0x3F, 0x00, 0x3F, 0x00, 0x3F, 0x00, 0x3F, 0x00, 0x3F, 0x00, 0x3F, 0x00, 0x3F, 0x00, 0x3F, 0x00, 0x3F, 0x00, 0x3F, 0x00, 0x3F, 0x00, 0x3F, 0x00,
        0x3F, 0x00, 0x3F, 0x00, 0x3F, 0x00, 0x3F, 0x00, 0x3F, 0x00, 0x3F, 0x02, 0x3F, 0x00, 0x36, 0x35, 0x3F, 0xFF, 0x19, 0xFE, 0x06, 0xFE, 0x16, 0xFC,
        0x26, 0xFF, 0x2F, 0xFF, 0x3F, 0xFC, 0x3F, 0x95, 0x31, 0x0A, 0x3F, 0x00, 0x3F, 0x01, 0x3F, 0x00, 0x3F, 0x00, 0x3F, 0x00, 0x3F, 0x00, 0x3F, 0x00,
        0x3F, 0x00, 0x3F, 0x00, 0x3F, 0x00, 0x3F, 0x00, 0x3F, 0x00, 0x3F, 0x00, 0x3F, 0x00, 0x3F, 0x00, 0x3F, 0x00, 0x3F, 0x00, 0x3F, 0x00, 0x3F, 0x00,
        0x3F, 0x00, 0x3F, 0x00, 0x3F, 0x00, 0x3F, 0x00, 0x3F, 0x00, 0x3F, 0x00, 0x3F, 0x00, 0x3F, 0x00, 0x3F, 0x00, 0x3F, 0x00, 0x3F, 0x00, 0x3F, 0x00,
        0x3F, 0x00, 0x3F, 0x00, 0x3F, 0x00, 0x3F, 0x00, 0x3F, 0x00, 0x3F, 0x04, 0x3D, 0x00, 0x36, 0x64, 0x30, 0xFF, 0x16, 0xFB, 0x0D, 0xFF, 0x08, 0xFF,
        0x18, 0xFF, 0x22, 0xFC, 0x26, 0xFE, 0x32, 0xFF, 0x3F, 0xC5, 0x3F, 0x0F, 0x3F, 0x02, 0x3F, 0x01, 0x3F, 0x00, 0x3F, 0x00, 0x3F, 0x00, 0x3F, 0x00,
        0x3F, 0x00, 0x3F, 0x00, 0x3F, 0x00, 0x3F, 0x00, 0x3F, 0x00, 0x3F, 0x00, 0x3F, 0x00, 0x3F, 0x00, 0x3F, 0x00, 0x3F, 0x00, 0x3F, 0x00, 0x3F, 0x00,
        0x3F, 0x00, 0x3F, 0x00, 0x3F, 0x00, 0x3F, 0x00, 0x3F, 0x00, 0x3F, 0x00, 0x3F, 0x00, 0x3F, 0x00, 0x3F, 0x00, 0x3F, 0x00, 0x3F, 0x00, 0x3F, 0x00,
        0x3F, 0x00, 0x3F, 0x00, 0x3F, 0x00, 0x3F, 0x00, 0x3F, 0x00, 0x3F, 0x05, 0x03, 0x02, 0x3F, 0x9D, 0x2E, 0xFF, 0x06, 0xFB, 0x19, 0xFF, 0x27, 0xFF,
        0x15, 0xFF, 0x1D, 0xFF, 0x1F, 0xFF, 0x22, 0xF8, 0x32, 0xFF, 0x3F, 0x92, 0x3B, 0x00, 0x3F, 0x03, 0x3F, 0x00, 0x3F, 0x00, 0x3F, 0x00, 0x3F, 0x00,
        0x3F, 0x00, 0x3F, 0x00, 0x3F, 0x00, 0x3F, 0x00, 0x3F, 0x00, 0x3F, 0x00, 0x3F, 0x00, 0x3F, 0x00, 0x3F, 0x00, 0x3F, 0x00, 0x3F, 0x00, 0x3F, 0x00,
        0x3F, 0x00, 0x3F, 0x00, 0x3F, 0x00, 0x3F, 0x00, 0x3F, 0x00, 0x3F, 0x00, 0x3F, 0x00, 0x3F, 0x00, 0x3F, 0x00, 0x3F, 0x00, 0x3F, 0x00, 0x3F, 0x00,
        0x3F, 0x00, 0x3F, 0x00, 0x3F, 0x00, 0x3F, 0x01, 0x3F, 0x03, 0x3F, 0x00, 0x32, 0x00, 0x1E, 0xD8, 0x1B, 0xFF, 0x18, 0xFD, 0x35, 0xFF, 0x2D, 0xFF,
        0x0B, 0xFF, 0x18, 0xFF, 0x22, 0xFF, 0x1F, 0xFD, 0x29, 0xFD, 0x3F, 0xE9, 0x2D, 0x0E, 0x3F, 0x00, 0x3F, 0x01, 0x3F, 0x00, 0x3F, 0x00, 0x3F, 0x00,
        0x3F, 0x00, 0x3F, 0x00, 0x3F, 0x00, 0x3F, 0x00, 0x3F, 0x00, 0x3F, 0x00, 0x3F, 0x00, 0x3F, 0x00, 0x3F, 0x00, 0x3F, 0x00, 0x3F, 0x00, 0x3F, 0x00,
        0x3F, 0x00, 0x3F, 0x00, 0x3F, 0x00, 0x3F, 0x00, 0x3F, 0x00, 0x3F, 0x00, 0x3F, 0x00, 0x3F, 0x00, 0x3F, 0x00, 0x3F, 0x00, 0x3F, 0x00, 0x3F, 0x00,
        0x3F, 0x00, 0x3F, 0x00, 0x3F, 0x01, 0x3F, 0x00, 0x39, 0x00, 0x31, 0x25, 0x2D, 0x6A, 0x1E, 0xFE, 0x28, 0xFF, 0x3F, 0xFF, 0x2B, 0xFF, 0x12, 0xFF,
        0x0D, 0xFF, 0x14, 0xFF, 0x1F, 0xFF, 0x1F, 0xFE, 0x25, 0xFF, 0x3F, 0xF9, 0x34, 0x20, 0x3F, 0x03, 0x3F, 0x02, 0x3F, 0x00, 0x3F, 0x00, 0x3F, 0x00,
        0x3F, 0x00, 0x3F, 0x00, 0x3F, 0x00, 0x3F, 0x00, 0x3F, 0x00, 0x3F, 0x00, 0x3F, 0x00, 0x3F, 0x00, 0x3F, 0x00, 0x3F, 0x00, 0x3F, 0x00, 0x3F, 0x00,
        0x3F, 0x00, 0x3F, 0x00, 0x3F, 0x00, 0x3F, 0x00, 0x3F, 0x00, 0x3F, 0x00, 0x3F, 0x00, 0x3F, 0x00, 0x3F, 0x00, 0x3F, 0x00, 0x3F, 0x00, 0x3F, 0x00,
        0x3F, 0x00, 0x3F, 0x01, 0x3F, 0x01, 0x2E, 0x07, 0x3F, 0x97, 0x3F, 0xF8, 0x33, 0xFF, 0x35, 0xFF, 0x2D, 0xFF, 0x20, 0xFF, 0x0C, 0xFF, 0x0E, 0xFF,
        0x13, 0xFF, 0x0D, 0xFF, 0x1B, 0xFF, 0x1F, 0xFD, 0x29, 0xFF, 0x3A, 0xD0, 0x37, 0x00, 0x3F, 0x00, 0x3F, 0x00, 0x3F, 0x02, 0x3F, 0x00, 0x3F, 0x00,
        0x3F, 0x00, 0x3F, 0x00, 0x3F, 0x00, 0x3F, 0x00, 0x3F, 0x00, 0x3F, 0x00, 0x3F, 0x00, 0x3F, 0x00, 0x3F, 0x00, 0x3F, 0x00, 0x3F, 0x00, 0x3F, 0x00,
        0x3F, 0x00, 0x3F, 0x00, 0x3F, 0x00, 0x3F, 0x00, 0x3F, 0x00, 0x3F, 0x00, 0x3F, 0x00, 0x3F, 0x00, 0x3F, 0x00, 0x3F, 0x00, 0x3F, 0x00, 0x3F, 0x00,
        0x3F, 0x00, 0x3F, 0x02, 0x3C, 0x02, 0x3F, 0xB1, 0x32, 0xFF, 0x1E, 0xFE, 0x16, 0xFC, 0x15, 0xFF, 0x0A, 0xFF, 0x09, 0xFF, 0x11, 0xFF, 0x11, 0xFF,
        0x11, 0xFF, 0x0E, 0xFF, 0x18, 0xFF, 0x22, 0xFD, 0x30, 0xFF, 0x3F, 0xDA, 0x3F, 0x7C, 0x3F, 0x47, 0x27, 0x04, 0x3F, 0x00, 0x3F, 0x01, 0x3F, 0x00,
        0x3F, 0x00, 0x3F, 0x00, 0x3F, 0x00, 0x3F, 0x00, 0x3F, 0x00, 0x3F, 0x00, 0x3F, 0x00, 0x3F, 0x00, 0x3F, 0x00, 0x3F, 0x00, 0x3F, 0x00, 0x3F, 0x00,
        0x3F, 0x00, 0x3F, 0x00, 0x3F, 0x00, 0x3F, 0x00, 0x3F, 0x00, 0x3F, 0x00, 0x3F, 0x00, 0x3F, 0x00, 0x3F, 0x00, 0x3F, 0x00, 0x3F, 0x00, 0x3F, 0x00,
        0x3F, 0x04, 0x3D, 0x00, 0x37, 0x62, 0x35, 0xFF, 0x19, 0xF9, 0x08, 0xFE, 0x10, 0xFF, 0x10, 0xFF, 0x11, 0xFF, 0x13, 0xFF, 0x10, 0xFF, 0x10, 0xFF,
        0x13, 0xFF, 0x0E, 0xFF, 0x16, 0xFF, 0x2C, 0xFF, 0x3F, 0xFF, 0x2E, 0xFF, 0x30, 0xFF, 0x3F, 0xFF, 0x3F, 0xCD, 0x3F, 0x2A, 0x3F, 0x00, 0x3F, 0x02,
        0x3F, 0x00, 0x3F, 0x00, 0x3F, 0x00, 0x3F, 0x00, 0x3F, 0x00, 0x3F, 0x00, 0x3F, 0x00, 0x3F, 0x00, 0x3F, 0x00, 0x3F, 0x00, 0x3F, 0x00, 0x3F, 0x00,
        0x3F, 0x00, 0x3F, 0x00, 0x3F, 0x00, 0x3F, 0x00, 0x3F, 0x00, 0x3F, 0x00, 0x3F, 0x00, 0x3F, 0x00, 0x3F, 0x00, 0x3F, 0x00, 0x3F, 0x00, 0x3F, 0x00,
        0x3F, 0x01, 0x00, 0x01, 0x3F, 0xC7, 0x27, 0xFD, 0x08, 0xFC, 0x13, 0xFF, 0x0D, 0xFF, 0x10, 0xFF, 0x13, 0xFF, 0x10, 0xFF, 0x11, 0xFF, 0x13, 0xFF,
        0x0E, 0xFF, 0x08, 0xFF, 0x25, 0xFF, 0x3F, 0xFF, 0x26, 0xFF, 0x1C, 0xFE, 0x1F, 0xFB, 0x24, 0xFB, 0x2F, 0xFF, 0x3F, 0xCD, 0x23, 0x04, 0x3F, 0x02,
        0x3F, 0x00, 0x3F, 0x00, 0x3F, 0x00, 0x3F, 0x00, 0x3F, 0x00, 0x3F, 0x00, 0x3F, 0x00, 0x3F, 0x00, 0x3F, 0x00, 0x3F, 0x00, 0x3F, 0x00, 0x3F, 0x00,
        0x3F, 0x00, 0x3F, 0x00, 0x3F, 0x00, 0x3F, 0x00, 0x3F, 0x00, 0x3F, 0x00, 0x3F, 0x00, 0x3F, 0x00, 0x3F, 0x00, 0x3F, 0x00, 0x3F, 0x00, 0x3F, 0x01,
        0x3F, 0x00, 0x2C, 0x0E, 0x3F, 0xEB, 0x1E, 0xFF, 0x06, 0xFE, 0x16, 0xFF, 0x18, 0xFF, 0x15, 0xFF, 0x0A, 0xFF, 0x12, 0xFF, 0x10, 0xFF, 0x08, 0xFF,
        0x13, 0xFF, 0x28, 0xFF, 0x3F, 0xFF, 0x27, 0xFF, 0x25, 0xFF, 0x29, 0xFF, 0x25, 0xFF, 0x1F, 0xFE, 0x25, 0xFD, 0x3F, 0xFC, 0x34, 0x24, 0x3F, 0x00,
        0x3F, 0x02, 0x3F, 0x00, 0x3F, 0x00, 0x3F, 0x00, 0x3F, 0x00, 0x3F, 0x00, 0x3F, 0x00, 0x3F, 0x00, 0x3F, 0x00, 0x3F, 0x00, 0x3F, 0x00, 0x3F, 0x00,
        0x3F, 0x00, 0x3F, 0x00, 0x3F, 0x00, 0x3F, 0x00, 0x3F, 0x00, 0x3F, 0x00, 0x3F, 0x00, 0x3F, 0x00, 0x3F, 0x00, 0x3F, 0x00, 0x3F, 0x00, 0x3F, 0x01,
        0x3F, 0x02, 0x2C, 0x0C, 0x3F, 0xE6, 0x1E, 0xFF, 0x1E, 0xFE, 0x36, 0xFF, 0x3F, 0xFF, 0x32, 0xFF, 0x1E, 0xFF, 0x09, 0xFF, 0x15, 0xFF, 0x1E, 0xFF,
        0x31, 0xFF, 0x32, 0xFF, 0x1E, 0xFF, 0x2D, 0xFF, 0x3F, 0xFF, 0x3F, 0xFF, 0x3F, 0xFF, 0x2C, 0xFE, 0x26, 0xFF, 0x3F, 0xF1, 0x32, 0x14, 0x3F, 0x03,
        0x3F, 0x02, 0x3F, 0x00, 0x3F, 0x00, 0x3F, 0x00, 0x3F, 0x00, 0x3F, 0x00, 0x3F, 0x00, 0x3F, 0x00, 0x3F, 0x00, 0x3F, 0x00, 0x3F, 0x00, 0x3F, 0x00,
        0x3F, 0x00, 0x3F, 0x00, 0x3F, 0x00, 0x3F, 0x00, 0x3F, 0x00, 0x3F, 0x00, 0x3F, 0x00, 0x3F, 0x00, 0x3F, 0x00, 0x3F, 0x00, 0x3F, 0x00, 0x3F, 0x02,
        0x3F, 0x00, 0x37, 0x00, 0x3B, 0xC4, 0x30, 0xFF, 0x3F, 0xFC, 0x2A, 0xFF, 0x17, 0xFF, 0x2A, 0xFF, 0x3F, 0xFF, 0x2B, 0xFF, 0x32, 0xFF, 0x3F, 0xFF,
        0x27, 0xFF, 0x15, 0xFF, 0x28, 0xFF, 0x3F, 0xFF, 0x05, 0xFF, 0x04, 0xFF, 0x17, 0xFF, 0x3F, 0xFD, 0x33, 0xFF, 0x3F, 0xDB, 0x33, 0x20, 0x3F, 0x00,
        0x3F, 0x00, 0x3F, 0x00, 0x3F, 0x00, 0x3F, 0x00, 0x3F, 0x00, 0x3F, 0x00, 0x3F, 0x00, 0x3F, 0x00, 0x3F, 0x00, 0x3F, 0x00, 0x3F, 0x00, 0x3F, 0x00,
        0x3F, 0x00, 0x3F, 0x00, 0x3F, 0x00, 0x3F, 0x00, 0x3F, 0x00, 0x3F, 0x00, 0x3F, 0x00, 0x3F, 0x00, 0x3F, 0x00, 0x3F, 0x00, 0x3F, 0x02, 0x3F, 0x00,
        0x35, 0x36, 0x3F, 0xBD, 0x3E, 0xF7, 0x3F, 0xFE, 0x2A, 0xFF, 0x01, 0xFF, 0x00, 0xFF, 0x02, 0xFF, 0x2A, 0xFF, 0x3F, 0xFF, 0x24, 0xFF, 0x18, 0xFF,
        0x06, 0xFF, 0x19, 0xFF, 0x3F, 0xFF, 0x17, 0xFF, 0x00, 0xFF, 0x00, 0xFF, 0x00, 0xFF, 0x23, 0xFF, 0x3F, 0xFF, 0x33, 0xFE, 0x3F, 0xF4, 0x3F, 0x93,
        0x3F, 0x07, 0x3F, 0x01, 0x3F, 0x01, 0x3F, 0x00, 0x3F, 0x00, 0x3F, 0x00, 0x3F, 0x00, 0x3F, 0x00, 0x3F, 0x00, 0x3F, 0x00, 0x3F, 0x00, 0x3F, 0x00,
        0x3F, 0x00, 0x3F, 0x00, 0x3F, 0x00, 0x3F, 0x00, 0x3F, 0x00, 0x3F, 0x00, 0x3F, 0x00, 0x3F, 0x00, 0x3F, 0x00, 0x3F, 0x03, 0x3F, 0x00, 0x35, 0x3E,
        0x3F, 0xF7, 0x2B, 0xFF, 0x26, 0xFF, 0x3D, 0xFF, 0x05, 0xFF, 0x00, 0xFF, 0x02, 0xFF, 0x00, 0xFF, 0x05, 0xFF, 0x39, 0xFF, 0x19, 0xFF, 0x08, 0xFF,
        0x0A, 0xFF, 0x24, 0xFF, 0x3F, 0xFF, 0x02, 0xFF, 0x02, 0xFF, 0x05, 0xFF, 0x01, 0xFF, 0x05, 0xFF, 0x3F, 0xFF, 0x26, 0xFF, 0x26, 0xFF, 0x33, 0xFF,
        0x3F, 0xA7, 0x3F, 0x00, 0x3F, 0x02, 0x3F, 0x00, 0x3F, 0x00, 0x3F, 0x00, 0x3F, 0x00, 0x3F, 0x00, 0x3F, 0x00, 0x3F, 0x00, 0x3F, 0x00, 0x3F, 0x00,
        0x3F, 0x00, 0x3F, 0x00, 0x3F, 0x00, 0x3F, 0x00, 0x3F, 0x00, 0x3F, 0x00, 0x3F, 0x00, 0x3F, 0x00, 0x3F, 0x00, 0x3F, 0x02, 0x00, 0x01, 0x3F, 0xC8,
        0x2C, 0xFF, 0x06, 0xF9, 0x25, 0xFF, 0x38, 0xFF, 0x02, 0xFF, 0x17, 0xFF, 0x2F, 0xFF, 0x05, 0xFF, 0x02, 0xFF, 0x3F, 0xFF, 0x24, 0xFF, 0x0A, 0xFF,
        0x0A, 0xFF, 0x2B, 0xFF, 0x2F, 0xFF, 0x01, 0xFF, 0x23, 0xFF, 0x3F, 0xFF, 0x17, 0xFF, 0x02, 0xFF, 0x3F, 0xFF, 0x29, 0xFF, 0x1A, 0xFE, 0x26, 0xFA,
        0x3B, 0xFF, 0x38, 0x43, 0x3F, 0x00, 0x3F, 0x03, 0x3F, 0x00, 0x3F, 0x00, 0x3F, 0x00, 0x3F, 0x00, 0x3F, 0x00, 0x3F, 0x00, 0x3F, 0x00, 0x3F, 0x00,
        0x3F, 0x00, 0x3F, 0x00, 0x3F, 0x00, 0x3F, 0x00, 0x3F, 0x00, 0x3F, 0x00, 0x3F, 0x00, 0x3F, 0x00, 0x3F, 0x01, 0x3F, 0x00, 0x2D, 0x11, 0x3F, 0xEF,
        0x20, 0xFE, 0x06, 0xFE, 0x28, 0xFF, 0x38, 0xFF, 0x02, 0xFF, 0x2A, 0xFF, 0x3F, 0xFF, 0x23, 0xFF, 0x02, 0xFF, 0x3E, 0xFF, 0x25, 0xFF, 0x0A, 0xFF,
        0x0C, 0xFF, 0x2B, 0xFF, 0x2F, 0xFF, 0x01, 0xFF, 0x23, 0xFF, 0x3F, 0xFF, 0x17, 0xFF, 0x02, 0xFF, 0x3F, 0xFF, 0x29, 0xFF, 0x1F, 0xFF, 0x1F, 0xFB,
        0x2F, 0xFE, 0x3F, 0x92, 0x3A, 0x00, 0x3F, 0x04, 0x3F, 0x00, 0x3F, 0x00, 0x3F, 0x00, 0x3F, 0x00, 0x3F, 0x00, 0x3F, 0x00, 0x3F, 0x00, 0x3F, 0x00,
        0x3F, 0x00, 0x3F, 0x00, 0x3F, 0x00, 0x3F, 0x00, 0x3F, 0x00, 0x3F, 0x00, 0x3F, 0x00, 0x3F, 0x00, 0x3F, 0x01, 0x3F, 0x00, 0x2A, 0x0B, 0x3F, 0xE8,
        0x1E, 0xFF, 0x06, 0xFE, 0x24, 0xFF, 0x3F, 0xFF, 0x02, 0xFF, 0x04, 0xFF, 0x17, 0xFF, 0x04, 0xFF, 0x04, 0xFF, 0x3F, 0xFF, 0x1E, 0xFF, 0x06, 0xFF,
        0x06, 0xFF, 0x24, 0xFF, 0x3F, 0xFF, 0x04, 0xFF, 0x02, 0xFF, 0x05, 0xFF, 0x00, 0xFF, 0x05, 0xFF, 0x3F, 0xFF, 0x25, 0xFF, 0x1F, 0xFF, 0x1F, 0xFB,
        0x2E, 0xFF, 0x3F, 0xA1, 0x00, 0x01, 0x3F, 0x04, 0x3F, 0x00, 0x3F, 0x00, 0x3F, 0x00, 0x3F, 0x00, 0x3F, 0x00, 0x3F, 0x00, 0x3F, 0x00, 0x3F, 0x00,
        0x3F, 0x00, 0x3F, 0x00, 0x3F, 0x00, 0x3F, 0x00, 0x3F, 0x00, 0x3F, 0x00, 0x3F, 0x00, 0x3F, 0x00, 0x3F, 0x00, 0x3F, 0x03, 0x07, 0x03, 0x3F, 0xB8,
        0x2B, 0xFF, 0x06, 0xFC, 0x18, 0xFF, 0x37, 0xFF, 0x17, 0xFF, 0x00, 0xFF, 0x00, 0xFF, 0x00, 0xFF, 0x1A, 0xFF, 0x37, 0xFF, 0x1C, 0xFF, 0x1E, 0xFF,
        0x2C, 0xFF, 0x38, 0xFF, 0x3F, 0xFF, 0x1A, 0xFF, 0x00, 0xFF, 0x00, 0xFF, 0x00, 0xFF, 0x2A, 0xFF, 0x39, 0xFF, 0x22, 0xFF, 0x1F, 0xFF, 0x25, 0xFC,
        0x36, 0xFC, 0x37, 0x4A, 0x3F, 0x00, 0x3F, 0x06, 0x3F, 0x00, 0x3F, 0x00, 0x3F, 0x00, 0x3F, 0x00, 0x3F, 0x00, 0x3F, 0x00, 0x3F, 0x00, 0x3F, 0x00,
        0x3F, 0x00, 0x3F, 0x00, 0x3F, 0x00, 0x3F, 0x00, 0x3F, 0x00, 0x3F, 0x00, 0x3F, 0x00, 0x3F, 0x00, 0x3F, 0x00, 0x3F, 0x03, 0x3B, 0x00, 0x34, 0x59,
        0x36, 0xFF, 0x24, 0xFC, 0x27, 0xFF, 0x3F, 0xFF, 0x38, 0xFF, 0x05, 0xFF, 0x02, 0xFF, 0x05, 0xFF, 0x3E, 0xFF, 0x3F, 0xFF, 0x3F, 0xFF, 0x36, 0xFF,
        0x2C, 0xFF, 0x1C, 0xFF, 0x28, 0xFF, 0x3F, 0xFF, 0x17, 0xFF, 0x05, 0xFF, 0x23, 0xFF, 0x3F, 0xFF, 0x27, 0xFF, 0x1C, 0xFF, 0x25, 0xFE, 0x37, 0xFF,
        0x3F, 0xF1, 0x3F, 0x5D, 0x2F, 0x0C, 0x3F, 0x00, 0x3F, 0x02, 0x3F, 0x00, 0x3F, 0x00, 0x3F, 0x00, 0x3F, 0x00, 0x3F, 0x00, 0x3F, 0x00, 0x3F, 0x00,
        0x3F, 0x00, 0x3F, 0x00, 0x3F, 0x00, 0x3F, 0x00, 0x3F, 0x00, 0x3F, 0x00, 0x3F, 0x00, 0x3F, 0x01, 0x3F, 0x01, 0x3F, 0x01, 0x3F, 0x71, 0x3F, 0xD8,
        0x3F, 0xFE, 0x33, 0xFE, 0x2E, 0xFF, 0x2B, 0xFF, 0x30, 0xFF, 0x3F, 0xFF, 0x2F, 0xFF, 0x3F, 0xFF, 0x2E, 0xFF, 0x1E, 0xFF, 0x19, 0xFF, 0x16, 0xFF,
        0x0A, 0xFF, 0x08, 0xFF, 0x14, 0xFF, 0x28, 0xFF, 0x3F, 0xFF, 0x3F, 0xFF, 0x3F, 0xFF, 0x24, 0xFF, 0x16, 0xFF, 0x29, 0xFF, 0x3F, 0xFF, 0x2E, 0xFF,
        0x2E, 0xFF, 0x37, 0xFF, 0x3F, 0xDC, 0x39, 0x46, 0x3F, 0x00, 0x3F, 0x02, 0x3F, 0x00, 0x3F, 0x00, 0x3F, 0x00, 0x3F, 0x00, 0x3F, 0x00, 0x3F, 0x00,
        0x3F, 0x00, 0x3F, 0x00, 0x3F, 0x00, 0x3F, 0x00, 0x3F, 0x00, 0x3F, 0x00, 0x3F, 0x00, 0x3F, 0x02, 0x15, 0x01, 0x3F, 0x9E, 0x35, 0xFF, 0x24, 0xFF,
        0x19, 0xFF, 0x15, 0xFF, 0x0C, 0xFF, 0x09, 0xFF, 0x16, 0xFF, 0x24, 0xFF, 0x2B, 0xFF, 0x24, 0xFF, 0x16, 0xFF, 0x08, 0xFF, 0x0B, 0xFF, 0x0E, 0xFF,
        0x12, 0xFF, 0x15, 0xFF, 0x10, 0xFF, 0x0D, 0xFF, 0x18, 0xFF, 0x19, 0xFF, 0x16, 0xFF, 0x19, 0xFF, 0x2D, 0xFF, 0x3F, 0xFF, 0x28, 0xFF, 0x21, 0xFF,
        0x1F, 0xFF, 0x22, 0xFB, 0x2D, 0xFF, 0x3F, 0xF8, 0x34, 0x2E, 0x3F, 0x00, 0x3F, 0x03, 0x3F, 0x00, 0x3F, 0x00, 0x3F, 0x00, 0x3F, 0x00, 0x3F, 0x00,
        0x3F, 0x00, 0x3F, 0x00, 0x3F, 0x00, 0x3F, 0x00, 0x3F, 0x00, 0x3F, 0x00, 0x3F, 0x02, 0x3F, 0x00, 0x35, 0x34, 0x39, 0xFF, 0x1C, 0xFB, 0x06, 0xFD,
        0x0C, 0xFF, 0x0E, 0xFF, 0x11, 0xFF, 0x13, 0xFF, 0x0D, 0xFF, 0x09, 0xFF, 0x09, 0xFF, 0x09, 0xFF, 0x0E, 0xFF, 0x14, 0xFF, 0x14, 0xFF, 0x13, 0xFF,
        0x11, 0xFF, 0x0C, 0xFF, 0x09, 0xFF, 0x0C, 0xFF, 0x16, 0xFF, 0x1E, 0xFF, 0x2D, 0xFF, 0x3F, 0xFF, 0x2D, 0xFF, 0x19, 0xFF, 0x10, 0xFF, 0x1D, 0xFF,
        0x22, 0xFF, 0x1F, 0xFF, 0x1F, 0xFA, 0x2F, 0xFF, 0x3F, 0xA2, 0x3B, 0x00, 0x3F, 0x04, 0x3F, 0x00, 0x3F, 0x00, 0x3F, 0x00, 0x3F, 0x00, 0x3F, 0x00,
        0x3F, 0x00, 0x3F, 0x00, 0x3F, 0x00, 0x3F, 0x00, 0x3F, 0x00, 0x3F, 0x00, 0x3F, 0x03, 0x3D, 0x00, 0x3F, 0x56, 0x33, 0xFD, 0x14, 0xFC, 0x11, 0xFF,
        0x15, 0xFF, 0x12, 0xFF, 0x11, 0xFF, 0x11, 0xFF, 0x12, 0xFF, 0x14, 0xFF, 0x14, 0xFF, 0x15, 0xFF, 0x13, 0xFF, 0x0E, 0xFF, 0x0A, 0xFF, 0x08, 0xFF,
        0x0D, 0xFF, 0x18, 0xFF, 0x24, 0xFF, 0x2D, 0xFF, 0x3F, 0xFF, 0x3B, 0xFF, 0x2B, 0xFF, 0x1B, 0xFF, 0x0C, 0xFF, 0x0C, 0xFF, 0x0B, 0xFF, 0x19, 0xFF,
        0x22, 0xFF, 0x21, 0xFF, 0x1F, 0xFC, 0x2B, 0xFE, 0x3F, 0xC7, 0x39, 0x00, 0x3F, 0x02, 0x3F, 0x00, 0x3F, 0x00, 0x3F, 0x00, 0x3F, 0x00, 0x3F, 0x00,
        0x3F, 0x00, 0x3F, 0x00, 0x3F, 0x00, 0x3F, 0x00, 0x3F, 0x00, 0x3F, 0x00, 0x3F, 0x02, 0x3F, 0x00, 0x34, 0x2C, 0x3B, 0xFF, 0x1E, 0xFB, 0x06, 0xFC,
        0x0B, 0xFE, 0x0D, 0xFF, 0x0E, 0xFF, 0x0E, 0xFF, 0x0D, 0xFF, 0x0C, 0xFF, 0x0A, 0xFE, 0x08, 0xFD, 0x0A, 0xFC, 0x16, 0xFC, 0x1B, 0xFC, 0x25, 0xFC,
        0x2F, 0xFC, 0x3F, 0xFC, 0x35, 0xFD, 0x28, 0xFD, 0x1B, 0xFE, 0x10, 0xFE, 0x08, 0xFF, 0x08, 0xFF, 0x0E, 0xFF, 0x14, 0xFF, 0x18, 0xFF, 0x21, 0xFF,
        0x22, 0xFF, 0x21, 0xFF, 0x1F, 0xFB, 0x2E, 0xFE, 0x3F, 0xA4, 0x3B, 0x00, 0x3F, 0x04, 0x3F, 0x00, 0x3F, 0x00, 0x3F, 0x00, 0x3F, 0x00, 0x3F, 0x00,
        0x3F, 0x00, 0x3F, 0x00, 0x3F, 0x00, 0x3F, 0x00, 0x3F, 0x00, 0x3F, 0x00, 0x3F, 0x00, 0x3F, 0x02, 0x3D, 0x00, 0x3F, 0x99, 0x35, 0xFF, 0x25, 0xFF,
        0x1B, 0xFF, 0x18, 0xFD, 0x16, 0xFC, 0x16, 0xFC, 0x16, 0xFC, 0x19, 0xFF, 0x1C, 0xFF, 0x24, 0xFF, 0x2C, 0xFF, 0x31, 0xFF, 0x36, 0xFF, 0x2E, 0xFF,
        0x25, 0xFF, 0x1B, 0xFF, 0x0C, 0xFF, 0x15, 0xFF, 0x1C, 0xFF, 0x1B, 0xFF, 0x18, 0xFC, 0x18, 0xFB, 0x19, 0xFB, 0x1C, 0xFC, 0x1F, 0xFD, 0x1F, 0xFE,
        0x1F, 0xFE, 0x1F, 0xFB, 0x29, 0xFD, 0x3F, 0xFF, 0x35, 0x3A, 0x3F, 0x00, 0x3F, 0x03, 0x3F, 0x00, 0x3F, 0x00, 0x3F, 0x00, 0x3F, 0x00, 0x3F, 0x00,
        0x3F, 0x00, 0x3F, 0x00, 0x3F, 0x00, 0x3F, 0x00, 0x3F, 0x00, 0x3F, 0x00, 0x3F, 0x00, 0x3F, 0x01, 0x3F, 0x01, 0x3F, 0x02, 0x3F, 0x72, 0x3F, 0xD5,
        0x3F, 0xF9, 0x36, 0xFF, 0x32, 0xFF, 0x32, 0xFF, 0x33, 0xFF, 0x3F, 0xFF, 0x3F, 0xF1, 0x3F, 0xD5, 0x30, 0xC6, 0x25, 0xC5, 0x19, 0xC4, 0x0E, 0xC4,
        0x08, 0xC5, 0x0A, 0xCA, 0x08, 0xCE, 0x1E, 0xD7, 0x3F, 0xED, 0x3F, 0xFC, 0x36, 0xFF, 0x31, 0xFF, 0x2E, 0xFF, 0x2C, 0xFF, 0x29, 0xFF, 0x26, 0xFF,
        0x27, 0xFF, 0x2D, 0xFF, 0x3F, 0xFF, 0x3F, 0x73, 0x3F, 0x00, 0x3F, 0x02, 0x3F, 0x00, 0x3F, 0x00, 0x3F, 0x00, 0x3F, 0x00, 0x3F, 0x00, 0x3F, 0x00,
        0x3F, 0x00, 0x3F, 0x00, 0x3F, 0x00, 0x3F, 0x00, 0x3F, 0x00, 0x3F, 0x00, 0x3F, 0x00, 0x3F, 0x00, 0x3F, 0x00, 0x3F, 0x00, 0x3D, 0x00, 0x03, 0x02,
        0x34, 0x25, 0x3F, 0x41, 0x3F, 0x50, 0x3F, 0x54, 0x3F, 0x49, 0x3F, 0x32, 0x2F, 0x16, 0x00, 0x02, 0x33, 0x00, 0x33, 0x00, 0x3B, 0x00, 0x3F, 0x00,
        0x3F, 0x00, 0x3F, 0x00, 0x3F, 0x00, 0x03, 0x03, 0x27, 0x10, 0x30, 0x29, 0x3F, 0x4B, 0x3F, 0x78, 0x3F, 0xA4, 0x3F, 0xC8, 0x3F, 0xE0, 0x3F, 0xEC,
        0x3F, 0xE6, 0x3F, 0xB6, 0x39, 0x47, 0x3F, 0x00, 0x3F, 0x02, 0x3F, 0x00, 0x3F, 0x00, 0x3F, 0x00, 0x3F, 0x00, 0x3F, 0x00, 0x3F, 0x00, 0x3F, 0x00,
        0x3F, 0x00, 0x3F, 0x00, 0x3F, 0x00, 0x3F, 0x00, 0x3F, 0x00, 0x3F, 0x00, 0x3F, 0x00, 0x3F, 0x00, 0x3F, 0x00, 0x3F, 0x00, 0x3F, 0x03, 0x3F, 0x00,
        0x3F, 0x00, 0x3F, 0x00, 0x3D, 0x00, 0x3B, 0x00, 0x3D, 0x00, 0x3F, 0x00, 0x3F, 0x00, 0x3F, 0x00, 0x3F, 0x01, 0x3F, 0x01, 0x3F, 0x02, 0x3C, 0x02,
        0x03, 0x01, 0x3F, 0x01, 0x3F, 0x00, 0x3F, 0x00, 0x3F, 0x00, 0x3F, 0x00, 0x3F, 0x00, 0x3B, 0x00, 0x3A, 0x00, 0x39, 0x00, 0x29, 0x08, 0x2F, 0x0F,
        0x2D, 0x0C, 0x3A, 0x00, 0x3F, 0x00, 0x3F, 0x02, 0x3F, 0x00, 0x3F, 0x00, 0x3F, 0x00, 0x3F, 0x00, 0x3F, 0x00, 0x3F, 0x00, 0x3F, 0x00, 0x3F, 0x00,
        0x3F, 0x00, 0x3F, 0x00, 0x3F, 0x00, 0x3F, 0x00, 0x3F, 0x00, 0x3F, 0x00, 0x3F, 0x00, 0x3F, 0x00, 0x3F, 0x00, 0x3F, 0x00, 0x3F, 0x00, 0x3F, 0x01,
        0x3F, 0x02, 0x3F, 0x03, 0x3F, 0x03, 0x3F, 0x03, 0x3F, 0x03, 0x3F, 0x02, 0x3F, 0x01, 0x3F, 0x01, 0x3F, 0x00, 0x3F, 0x00, 0x3F, 0x00, 0x3F, 0x00,
        0x3F, 0x00, 0x3F, 0x00, 0x3F, 0x00, 0x3F, 0x01, 0x3F, 0x01, 0x3F, 0x02, 0x3F, 0x03, 0x3F, 0x04, 0x3F, 0x03, 0x3F, 0x01, 0x3F, 0x00, 0x3F, 0x00,
        0x3F, 0x00, 0x3F, 0x02, 0x3F, 0x03, 0x3F, 0x00, 0x3F, 0x00, 0x3F, 0x00, 0x3F, 0x00, 0x3F, 0x00, 0x3F, 0x00, 0x3F, 0x00, 0x3F, 0x00, 0x3F, 0x00,
        0x3F, 0x00, 0x3F, 0x00, 0x3F, 0x00, 0x3F, 0x00, 0x3F, 0x00, 0x3F, 0x00, 0x3F, 0x00, 0x3F, 0x00, 0x3F, 0x00, 0x3F, 0x00, 0x3F, 0x00, 0x3F, 0x00,
        0x3F, 0x00, 0x3F, 0x00, 0x3F, 0x00, 0x3F, 0x00, 0x3F, 0x00, 0x3F, 0x00, 0x3F, 0x00, 0x3F, 0x00, 0x3F, 0x00, 0x3F, 0x00, 0x3F, 0x00, 0x3F, 0x00,
        0x3F, 0x00, 0x3F, 0x00, 0x3F, 0x00, 0x3F, 0x00, 0x3F, 0x00, 0x3F, 0x00, 0x3F, 0x00, 0x3F, 0x00, 0x3F, 0x00, 0x3F, 0x00, 0x3F, 0x01, 0x3F, 0x01,
        0x3F, 0x01, 0x3F, 0x00, 0x3F, 0x00, 0x3F, 0x00, 0x3F, 0x00, 0x3F, 0x00, 0x3F, 0x00, 0x3F, 0x00, 0x3F, 0x00, 0x3F, 0x00, 0x3F, 0x00, 0x3F, 0x00,
        0x3F, 0x00, 0x3F, 0x00, 0x3F, 0x00, 0x3F, 0x00, 0x3F, 0x00, 0x3F, 0x00, 0x3F, 0x00, 0x3F, 0x00, 0x3F, 0x00, 0x3F, 0x00, 0x3F, 0x00, 0x3F, 0x00,
        0x3F, 0x00, 0x3F, 0x00, 0x3F, 0x00, 0x3F, 0x00, 0x3F, 0x00, 0x3F, 0x00, 0x3F, 0x00, 0x3F, 0x00, 0x3F, 0x00, 0x3F, 0x00, 0x3F, 0x00, 0x3F, 0x00,
        0x3F, 0x00, 0x3F, 0x00, 0x3F, 0x00, 0x3F, 0x00, 0x3F, 0x00, 0x3F, 0x00, 0x3F, 0x00, 0x3F, 0x00, 0x3F, 0x00, 0x3F, 0x00, 0x3F, 0x00, 0x3F, 0x00,
        0x3F, 0x00, 0x3F, 0x00, 0x3F, 0x00, 0x3F, 0x00, 0x3F, 0x00, 0x3F, 0x00, 0x3F, 0x00, 0x3F, 0x00, 0x3F, 0x00, 0x3F, 0x00, 0x3F, 0x00, 0x3F, 0x00,
        0x3F, 0x00, 0x3F, 0x00, 0x3F, 0x00, 0x3F, 0x00, 0x3F, 0x00, 0x3F, 0x00, 0x3F, 0x00, 0x3F, 0x00, 0x3F, 0x00, 0x3F, 0x00, 0x3F, 0x00, 0x3F, 0x00,
        0x3F, 0x00, 0x3F, 0x00, 0x3F, 0x00, 0x3F, 0x00, 0x3F, 0x00, 0x3F, 0x00, 0x3F, 0x00, 0x3F, 0x00, 0x3F, 0x00, 0x3F, 0x00, 0x3F, 0x00, 0x3F, 0x00,
        0x3F, 0x00, 0x3F, 0x00, 0x3F, 0x00, 0x3F, 0x00, 0x3F, 0x00, 0x3F, 0x00, 0x3F, 0x00, 0x3F, 0x00, 0x3F, 0x00, 0x3F, 0x00, 0x3F, 0x00, 0x3F, 0x00,
        0x3F, 0x00, 0x3F, 0x00, 0x3F, 0x00, 0x3F, 0x00, 0x3F, 0x00, 0x3F, 0x00, 0x3F, 0x00, 0x3F, 0x00, 0x3F, 0x00, 0x3F, 0x00, 0x3F, 0x00, 0x3F, 0x00,
        0x3F, 0x00, 0x3F, 0x00, 0x3F, 0x00, 0x3F, 0x00, 0x3F, 0x00, 0x3F, 0x00, 0x3F, 0x00, 0x3F, 0x00, 0x3F, 0x00, 0x3F, 0x00, 0x3F, 0x00, 0x3F, 0x00,
        0x3F, 0x00, 0x3F, 0x00, 0x3F, 0x00, 0x3F, 0x00, 0x3F, 0x00, 0x3F, 0x00, 0x3F, 0x00, 0x3F, 0x00, 0x3F, 0x00, 0x3F, 0x00, 0x3F, 0x00, 0x3F, 0x00,
        0x3F, 0x00, 0x3F, 0x00, 0x3F, 0x00, 0x3F, 0x00, 0x3F, 0x00, 0x3F, 0x00, 0x3F, 0x00, 0x3F, 0x00, 0x3F, 0x00, 0x3F, 0x00, 0x3F, 0x00, 0x3F, 0x00,
        0x3F, 0x00, 0x3F, 0x00, 0x3F, 0x00, 0x3F, 0x00, 0x3F, 0x00, 0x3F, 0x00, 0x3F, 0x00, 0x3F, 0x00, 0x3F, 0x00, 0x3F, 0x00, 0x3F, 0x00, 0x3F, 0x00,
        0x3F, 0x00, 0x3F, 0x00, 0x3F, 0x00, 0x3F, 0x00, 0x3F, 0x00, 0x3F, 0x00, 0x3F, 0x00, 0x3F, 0x00, 0x3F, 0x00, 0x3F, 0x00, 0x3F, 0x00, 0x3F, 0x00,
        0x3F, 0x00, 0x3F, 0x00, 0x3F, 0x00, 0x3F, 0x00, 0x3F, 0x00, 0x3F, 0x00, 0x3F, 0x00, 0x3F, 0x00, 0x3F, 0x00, 0x3F, 0x00, 0x3F, 0x00, 0x3F, 0x00,
        0x3F, 0x00, 0x3F, 0x00, 0x3F, 0x00, 0x3F, 0x00, 0x3F, 0x00, 0x3F, 0x00, 0x3F, 0x00, 0x3F, 0x00, 0x3F, 0x00, 0x3F, 0x00, 0x3F, 0x00, 0x3F, 0x00,
        0x3F, 0x00, 0x3F, 0x00, 0x3F, 0x00, 0x3F, 0x00, 0x3F, 0x00, 0x3F, 0x00, 0x3F, 0x00, 0x3F, 0x00, 0x3F, 0x00, 0x3F, 0x00, 0x3F, 0x00, 0x3F, 0x00,
        0x3F, 0x00, 0x3F, 0x00, 0x3F, 0x00, 0x3F, 0x00, 0x3F, 0x00, 0x3F, 0x00, 0x3F, 0x00, 0x3F, 0x00, 0x3F, 0x00, 0x3F, 0x00, 0x3F, 0x00, 0x3F, 0x00,
        0x3F, 0x00, 0x3F, 0x00, 0x3F, 0x00, 0x3F, 0x00, 0x3F, 0x00, 0x3F, 0x00, 0x3F, 0x00, 0x3F, 0x00, 0x3F, 0x00, 0x3F, 0x00, 0x3F, 0x00, 0x3F, 0x00,
        0x3F, 0x00, 0x3F, 0x00, 0x3F, 0x00, 0x3F, 0x00, 0x3F, 0x00, 0x3F, 0x00, 0x3F, 0x00, 0x3F, 0x00, 0x3F, 0x00, 0x3F, 0x00, 0x3F, 0x00, 0x3F, 0x00,
        0x3F, 0x00, 0x3F, 0x00, 0x3F, 0x00, 0x3F, 0x00, 0x3F, 0x00, 0x3F, 0x00, 0x3F, 0x00, 0x3F, 0x00, 0x3F, 0x00, 0x3F, 0x00, 0x3F, 0x00, 0x3F, 0x00,
        0x3F, 0x00, 0x3F, 0x00, 0x3F, 0x00, 0x3F, 0x00, 0x3F, 0x00, 0x3F, 0x00, 0x3F, 0x00, 0x3F, 0x00, 0x3F, 0x00, 0x3F, 0x00, 0x3F, 0x00, 0x3F, 0x00,
        0x3F, 0x00, 0x3F, 0x00, 0x3F, 0x00, 0x3F, 0x00, 0x3F, 0x00, 0x3F, 0x00, 0x3F, 0x00, 0x3F, 0x00, 0x3F, 0x00, 0x3F, 0x00, 0x3F, 0x00, 0x3F, 0x00,
        0x3F, 0x00, 0x3F, 0x00, 0x3F, 0x00, 0x3F, 0x00, 0x3F, 0x00, 0x3F, 0x00, 0x3F, 0x00, 0x3F, 0x00, 0x3F, 0x00, 0x3F, 0x00, 0x3F, 0x00, 0x3F, 0x00,
        0x3F, 0x00, 0x3F, 0x00, 0x3F, 0x00, 0x3F, 0x00, 0x3F, 0x00, 0x3F, 0x00, 0x3F, 0x00, 0x3F, 0x00, 0x3F, 0x00, 0x3F, 0x00, 0x3F, 0x00, 0x3F, 0x00,
        0x3F, 0x00, 0x3F, 0x00, 0x3F, 0x00, 0x3F, 0x00, 0x3F, 0x00, 0x3F, 0x00, 0x3F, 0x00, 0x3F, 0x00, 0x3F, 0x00, 0x3F, 0x00, 0x3F, 0x00, 0x3F, 0x00,
        0x3F, 0x00, 0x3F, 0x00, 0x3F, 0x00, 0x3F, 0x00, 0x3F, 0x00, 0x3F, 0x00, 0x3F, 0x00, 0x3F, 0x00, 0x3F, 0x00, 0x3F, 0x00, 0x3F, 0x00, 0x3F, 0x00,
        0x3F, 0x00, 0x3F, 0x00, 0x3F, 0x00, 0x3F, 0x00, 0x3F, 0x00, 0x3F, 0x00, 0x3F, 0x00, 0x3F, 0x00, 0x3F, 0x00, 0x3F, 0x00, 0x3F, 0x00, 0x3F, 0x00,
        0x3F, 0x00, 0x3F, 0x00, 0x3F, 0x00, 0x3F, 0x00, 0x3F, 0x00, 0x3F, 0x00, 0x3F, 0x00, 0x3F, 0x00, 0x3F, 0x00, 0x3F, 0x00, 0x3F, 0x00, 0x3F, 0x00,
    },
    // approve: 1F44D.svg, source sha256 3465b051877d
    {
        0x3F, 0x00, 0x3F, 0x00, 0x3F, 0x00, 0x3F, 0x00, 0x3F, 0x00, 0x3F, 0x00, 0x3F, 0x00, 0x3F, 0x00, 0x3F, 0x00, 0x3F, 0x00, 0x3F, 0x00, 0x3F, 0x00,
        0x3F, 0x00, 0x3F, 0x00, 0x3F, 0x00, 0x3F, 0x00, 0x3F, 0x00, 0x3F, 0x00, 0x3F, 0x00, 0x3F, 0x00, 0x3F, 0x00, 0x3F, 0x00, 0x3F, 0x00, 0x3F, 0x00,
        0x3F, 0x00, 0x3F, 0x00, 0x3F, 0x00, 0x3F, 0x00, 0x3F, 0x00, 0x3F, 0x00, 0x3F, 0x00, 0x3F, 0x00, 0x3F, 0x00, 0x3F, 0x00, 0x3F, 0x00, 0x3F, 0x00,
        0x3F, 0x00, 0x3F, 0x00, 0x3F, 0x00, 0x3F, 0x00, 0x3F, 0x00, 0x3F, 0x00, 0x3F, 0x00, 0x3F, 0x00, 0x3F, 0x00, 0x3F, 0x00, 0x3F, 0x00, 0x3F, 0x00,
        0x3F, 0x00, 0x3F, 0x00, 0x3F, 0x00, 0x3F, 0x00, 0x3F, 0x00, 0x3F, 0x00, 0x3F, 0x00, 0x3F, 0x00, 0x3F, 0x00, 0x3F, 0x00, 0x3F, 0x00, 0x3F, 0x00,
        0x3F, 0x00, 0x3F, 0x00, 0x3F, 0x00, 0x3F, 0x00, 0x3F, 0x00, 0x3F, 0x00, 0x3F, 0x00, 0x3F, 0x00, 0x3F, 0x00, 0x3F, 0x00, 0x3F, 0x00, 0x3F, 0x00,
        0x3F, 0x00, 0x3F, 0x00, 0x3F, 0x00, 0x3F, 0x00, 0x3F, 0x00, 0x3F, 0x00, 0x3F, 0x00, 0x3F, 0x00, 0x3F, 0x00, 0x3F, 0x00, 0x3F, 0x00, 0x3F, 0x00,
        0x3F, 0x00, 0x3F, 0x00, 0x3F, 0x00, 0x3F, 0x00, 0x3F, 0x00, 0x3F, 0x00, 0x3F, 0x00, 0x3F, 0x00, 0x3F, 0x00, 0x3F, 0x00, 0x3F, 0x00, 0x3F, 0x00,
        0x3F, 0x00, 0x3F, 0x00, 0x3F, 0x00, 0x3F, 0x00, 0x3F, 0x00, 0x3F, 0x00, 0x3F, 0x00, 0x3F, 0x00, 0x3F, 0x00, 0x3F, 0x00, 0x3F, 0x00, 0x3F, 0x00,
        0x3F, 0x00, 0x3F, 0x00, 0x3F, 0x00, 0x3F, 0x00, 0x3F, 0x00, 0x3F, 0x00, 0x3F, 0x00, 0x3F, 0x00, 0x3F, 0x00, 0x3F, 0x00, 0x3F, 0x00, 0x3F, 0x00,
        0x3F, 0x00, 0x3F, 0x00, 0x3F, 0x00, 0x3F, 0x00, 0x3F, 0x00, 0x3F, 0x00, 0x3F, 0x00, 0x3F, 0x00, 0x3F, 0x00, 0x3F, 0x00, 0x3F, 0x00, 0x3F, 0x00,
        0x3F, 0x00, 0x3F, 0x00, 0x3F, 0x00, 0x3F, 0x00, 0x3F, 0x00, 0x3F, 0x00, 0x3F, 0x00, 0x3F, 0x00, 0x3F, 0x00, 0x3F, 0x00, 0x3F, 0x00, 0x3F, 0x00,
        0x3F, 0x00, 0x3F, 0x00, 0x3F, 0x00, 0x3F, 0x00, 0x3F, 0x00, 0x3F, 0x00, 0x3F, 0x00, 0x3F, 0x00, 0x3F, 0x00, 0x3F, 0x00, 0x3F, 0x00, 0x3F, 0x00,
        0x3F, 0x00, 0x3F, 0x00, 0x3F, 0x00, 0x3F, 0x00, 0x3F, 0x00, 0x3F, 0x00, 0x3F, 0x00, 0x3F, 0x00, 0x3F, 0x00, 0x3F, 0x00, 0x3F, 0x00, 0x3F, 0x00,
        0x3F, 0x00, 0x3F, 0x00, 0x3F, 0x00, 0x3F, 0x00, 0x3F, 0x00, 0x3F, 0x00, 0x3F, 0x00, 0x3F, 0x00, 0x3F, 0x00, 0x3F, 0x00, 0x3F, 0x00, 0x3F, 0x00,
        0x3F, 0x00, 0x3F, 0x00, 0x3F, 0x00, 0x3F, 0x00, 0x3F, 0x00, 0x3F, 0x00, 0x3F, 0x00, 0x3F, 0x00, 0x3F, 0x00, 0x3F, 0x00, 0x3F, 0x00, 0x3F, 0x00,
        0x3F, 0x00, 0x3F, 0x00, 0x3F, 0x00, 0x3F, 0x00, 0x3F, 0x00, 0x3F, 0x00, 0x3F, 0x00, 0x3F, 0x00, 0x3F, 0x00, 0x3F, 0x00, 0x3F, 0x00, 0x3F, 0x00,
        0x3F, 0x00, 0x3F, 0x00, 0x3F, 0x00, 0x3F, 0x00, 0x3F, 0x00, 0x3F, 0x00, 0x3F, 0x00, 0x3F, 0x00, 0x3F, 0x00, 0x3F, 0x00, 0x3F, 0x02, 0x3F, 0x03,
        0x3F, 0x01, 0x3F, 0x00, 0x3F, 0x00, 0x3F, 0x00, 0x3F, 0x00, 0x3F, 0x00, 0x3F, 0x00, 0x3F, 0x00, 0x3F, 0x00, 0x3F, 0x00, 0x3F, 0x00, 0x3F, 0x00,
        0x3F, 0x00, 0x3F, 0x00, 0x3F, 0x00, 0x3F, 0x00, 0x3F, 0x00, 0x3F, 0x00, 0x3F, 0x00, 0x3F, 0x00, 0x3F, 0x00, 0x3F, 0x00, 0x3F, 0x00, 0x3F, 0x00,
        0x3F, 0x00, 0x3F, 0x00, 0x3F, 0x00, 0x3F, 0x00, 0x3F, 0x00, 0x3F, 0x00, 0x3F, 0x00, 0x3F, 0x00, 0x3F, 0x00, 0x3F, 0x00, 0x3F, 0x00, 0x3F, 0x00,
        0x3F, 0x00, 0x3F, 0x00, 0x3F, 0x00, 0x3F, 0x00, 0x3F, 0x00, 0x3F, 0x00, 0x3F, 0x00, 0x3F, 0x00, 0x3F, 0x00, 0x3F, 0x02, 0x3F, 0x00, 0x3C, 0x00,
        0x3F, 0x00, 0x3F, 0x01, 0x3F, 0x00, 0x3F, 0x00, 0x3F, 0x00, 0x3F, 0x00, 0x3F, 0x00, 0x3F, 0x00, 0x3F, 0x00, 0x3F, 0x00, 0x3F, 0x00, 0x3F, 0x00,
        0x3F, 0x00, 0x3F, 0x00, 0x3F, 0x00, 0x3F, 0x00, 0x3F, 0x00, 0x3F, 0x00, 0x3F, 0x00, 0x3F, 0x00, 0x3F, 0x00, 0x3F, 0x00, 0x3F, 0x00, 0x3F, 0x00,
        0x3F, 0x00, 0x3F, 0x00, 0x3F, 0x00, 0x3F, 0x00, 0x3F, 0x00, 0x3F, 0x00, 0x3F, 0x00, 0x3F, 0x00, 0x3F, 0x00, 0x3F, 0x00, 0x3F, 0x00, 0x3F, 0x00,
        0x3F, 0x00, 0x3F, 0x00, 0x3F, 0x00, 0x3F, 0x00, 0x3F, 0x00, 0x3F, 0x00, 0x3F, 0x00, 0x3F, 0x00, 0x3F, 0x02, 0x3F, 0x00, 0x32, 0x23, 0x3F, 0x3E,
        0x30, 0x0C, 0x3F, 0x00, 0x3F, 0x01, 0x3F, 0x00, 0x3F, 0x00, 0x3F, 0x00, 0x3F, 0x00, 0x3F, 0x00, 0x3F, 0x00, 0x3F, 0x00, 0x3F, 0x00, 0x3F, 0x00,
        0x3F, 0x00, 0x3F, 0x00, 0x3F, 0x00, 0x3F, 0x00, 0x3F, 0x00, 0x3F, 0x00, 0x3F, 0x00, 0x3F, 0x00, 0x3F, 0x00, 0x3F, 0x00, 0x3F, 0x00, 0x3F, 0x00,
        0x3F, 0x00, 0x3F, 0x00, 0x3F, 0x00, 0x3F, 0x00, 0x3F, 0x00, 0x3F, 0x00, 0x3F, 0x00, 0x3F, 0x00, 0x3F, 0x00, 0x3F, 0x00, 0x3F, 0x00, 0x3F, 0x00,
        0x3F, 0x00, 0x3F, 0x00, 0x3F, 0x00, 0x3F, 0x00, 0x3F, 0x00, 0x3F, 0x00, 0x3F, 0x00, 0x3F, 0x04, 0x3F, 0x00, 0x3F, 0x84, 0x3F, 0xF7, 0x3F, 0xFF,
        0x3F, 0xDA, 0x3F, 0x29, 0x3F, 0x01, 0x3F, 0x02, 0x3F, 0x00, 0x3F, 0x00, 0x3F, 0x00, 0x3F, 0x00, 0x3F, 0x00, 0x3F, 0x00, 0x3F, 0x00, 0x3F, 0x00,
        0x3F, 0x00, 0x3F, 0x00, 0x3F, 0x00, 0x3F, 0x00, 0x3F, 0x00, 0x3F, 0x00, 0x3F, 0x00, 0x3F, 0x00, 0x3F, 0x00, 0x3F, 0x00, 0x3F, 0x00, 0x3F, 0x00,
        0x3F, 0x00, 0x3F, 0x00, 0x3F, 0x00, 0x3F, 0x00, 0x3F, 0x00, 0x3F, 0x00, 0x3F, 0x00, 0x3F, 0x00, 0x3F, 0x00, 0x3F, 0x00, 0x3F, 0x00, 0x3F, 0x00,
        0x3F, 0x00, 0x3F, 0x00, 0x3F, 0x00, 0x3F, 0x00, 0x3F, 0x00, 0x3F, 0x00, 0x3F, 0x04, 0x3C, 0x00, 0x35, 0x71, 0x3F, 0xFF, 0x24, 0xFA, 0x1F, 0xF9,
        0x2F, 0xFF, 0x3F, 0x8D, 0x3A, 0x00, 0x3F, 0x04, 0x3F, 0x00, 0x3F, 0x00, 0x3F, 0x00, 0x3F, 0x00, 0x3F, 0x00, 0x3F, 0x00, 0x3F, 0x00, 0x3F, 0x00,
        0x3F, 0x00, 0x3F, 0x00, 0x3F, 0x00, 0x3F, 0x00, 0x3F, 0x00, 0x3F, 0x00, 0x3F, 0x00, 0x3F, 0x00, 0x3F, 0x00, 0x3F, 0x00, 0x3F, 0x00, 0x3F, 0x00,
        0x3F, 0x00, 0x3F, 0x00, 0x3F, 0x00, 0x3F, 0x00, 0x3F, 0x00, 0x3F, 0x00, 0x3F, 0x00, 0x3F, 0x00, 0x3F, 0x00, 0x3F, 0x00, 0x3F, 0x00, 0x3F, 0x00,
        0x3F, 0x00, 0x3F, 0x00, 0x3F, 0x00, 0x3F, 0x00, 0x3F, 0x00, 0x3F, 0x03, 0x3F, 0x00, 0x32, 0x41, 0x3F, 0xFE, 0x26, 0xF7, 0x01, 0xFC, 0x1D, 0xFC,
        0x31, 0xFF, 0x3F, 0x61, 0x3C, 0x00, 0x3F, 0x03, 0x3F, 0x00, 0x3F, 0x00, 0x3F, 0x00, 0x3F, 0x00, 0x3F, 0x00, 0x3F, 0x00, 0x3F, 0x00, 0x3F, 0x00,
        0x3F, 0x00, 0x3F, 0x00, 0x3F, 0x00, 0x3F, 0x00, 0x3F, 0x00, 0x3F, 0x00, 0x3F, 0x00, 0x3F, 0x00, 0x3F, 0x00, 0x3F, 0x00, 0x3F, 0x00, 0x3F, 0x00,
        0x3F, 0x00, 0x3F, 0x00, 0x3F, 0x00, 0x3F, 0x00, 0x3F, 0x00, 0x3F, 0x00, 0x3F, 0x00, 0x3F, 0x00, 0x3F, 0x00, 0x3F, 0x00, 0x3F, 0x00, 0x3F, 0x00,
        0x3F, 0x00, 0x3F, 0x00, 0x3F, 0x00, 0x3F, 0x00, 0x3F, 0x02, 0x3F, 0x00, 0x2F, 0x1C, 0x3F, 0xE7, 0x29, 0xFE, 0x0A, 0xFC, 0x05, 0xFE, 0x25, 0xFF,
        0x3F, 0xEA, 0x2D, 0x0F, 0x3F, 0x00, 0x3F, 0x01, 0x3F, 0x00, 0x3F, 0x00, 0x3F, 0x00, 0x3F, 0x00, 0x3F, 0x00, 0x3F, 0x00, 0x3F, 0x00, 0x3F, 0x00,
        0x3F, 0x00, 0x3F, 0x00, 0x3F, 0x00, 0x3F, 0x00, 0x3F, 0x00, 0x3F, 0x00, 0x3F, 0x00, 0x3F, 0x00, 0x3F, 0x00, 0x3F, 0x00, 0x3F, 0x00, 0x3F, 0x00,
        0x3F, 0x00, 0x3F, 0x00, 0x3F, 0x00, 0x3F, 0x00, 0x3F, 0x00, 0x3F, 0x00, 0x3F, 0x00, 0x3F, 0x00, 0x3F, 0x00, 0x3F, 0x00, 0x3F, 0x00, 0x3F, 0x00,
        0x3F, 0x00, 0x3F, 0x00, 0x3F, 0x00, 0x3F, 0x01, 0x3F, 0x03, 0x26, 0x05, 0x3F, 0xC4, 0x2E, 0xFF, 0x1B, 0xFB, 0x0F, 0xFF, 0x0C, 0xFB, 0x2E, 0xFF,
        0x3F, 0x97, 0x3A, 0x00, 0x3F, 0x03, 0x3F, 0x00, 0x3F, 0x00, 0x3F, 0x00, 0x3F, 0x00, 0x3F, 0x00, 0x3F, 0x00, 0x3F, 0x00, 0x3F, 0x00, 0x3F, 0x00,
        0x3F, 0x00, 0x3F, 0x00, 0x3F, 0x00, 0x3F, 0x00, 0x3F, 0x00, 0x3F, 0x00, 0x3F, 0x00, 0x3F, 0x00, 0x3F, 0x00, 0x3F, 0x00, 0x3F, 0x00, 0x3F, 0x00,
        0x3F, 0x00, 0x3F, 0x00, 0x3F, 0x00, 0x3F, 0x00, 0x3F, 0x00, 0x3F, 0x00, 0x3F, 0x00, 0x3F, 0x00, 0x3F, 0x00, 0x3F, 0x00, 0x3F, 0x00, 0x3F, 0x00,
        0x3F, 0x00, 0x3F, 0x00, 0x3F, 0x00, 0x3F, 0x04, 0x3C, 0x00, 0x39, 0x96, 0x33, 0xFF, 0x1F, 0xFB, 0x0A, 0xFF, 0x0B, 0xFF, 0x21, 0xFE, 0x3F, 0xFE,
        0x35, 0x37, 0x3F, 0x00, 0x3F, 0x03, 0x3F, 0x00, 0x3F, 0x00, 0x3F, 0x00, 0x3F, 0x00, 0x3F, 0x00, 0x3F, 0x00, 0x3F, 0x00, 0x3F, 0x00, 0x3F, 0x00,
        0x3F, 0x00, 0x3F, 0x00, 0x3F, 0x00, 0x3F, 0x00, 0x3F, 0x00, 0x3F, 0x00, 0x3F, 0x00, 0x3F, 0x00, 0x3F, 0x00, 0x3F, 0x00, 0x3F, 0x00, 0x3F, 0x00,
        0x3F, 0x00, 0x3F, 0x00, 0x3F, 0x00, 0x3F, 0x00, 0x3F, 0x00, 0x3F, 0x00, 0x3F, 0x00, 0x3F, 0x00, 0x3F, 0x00, 0x3F, 0x00, 0x3F, 0x00, 0x3F, 0x00,
        0x3F, 0x00, 0x3F, 0x00, 0x3F, 0x04, 0x3F, 0x00, 0x34, 0x64, 0x3F, 0xFF, 0x22, 0xFB, 0x03, 0xFF, 0x1C, 0xFF, 0x02, 0xFD, 0x28, 0xFF, 0x3F, 0xCC,
        0x00, 0x01, 0x3F, 0x01, 0x3F, 0x00, 0x3F, 0x00, 0x3F, 0x00, 0x3F, 0x00, 0x3F, 0x00, 0x3F, 0x00, 0x3F, 0x00, 0x3F, 0x00, 0x3F, 0x00, 0x3F, 0x00,
        0x3F, 0x00, 0x3F, 0x00, 0x3F, 0x00, 0x3F, 0x00, 0x3F, 0x00, 0x3F, 0x00, 0x3F, 0x00, 0x3F, 0x00, 0x3F, 0x00, 0x3F, 0x00, 0x3F, 0x00, 0x3F, 0x00,
        0x3F, 0x00, 0x3F, 0x00, 0x3F, 0x00, 0x3F, 0x00, 0x3F, 0x00, 0x3F, 0x00, 0x3F, 0x00, 0x3F, 0x00, 0x3F, 0x00, 0x3F, 0x00, 0x3F, 0x00, 0x3F, 0x00,
        0x3F, 0x00, 0x3F, 0x03, 0x3F, 0x00, 0x32, 0x37, 0x3F, 0xF9, 0x26, 0xFC, 0x02, 0xFE, 0x1B, 0xFF, 0x0D, 0xFF, 0x1D, 0xFC, 0x31, 0xFF, 0x3F, 0x6D,
        0x3C, 0x00, 0x3F, 0x04, 0x3F, 0x00, 0x3F, 0x00, 0x3F, 0x00, 0x3F, 0x00, 0x3F, 0x00, 0x3F, 0x00, 0x3F, 0x00, 0x3F, 0x00, 0x3F, 0x00, 0x3F, 0x00,
        0x3F, 0x00, 0x3F, 0x00, 0x3F, 0x00, 0x3F, 0x00, 0x3F, 0x00, 0x3F, 0x00, 0x3F, 0x00, 0x3F, 0x00, 0x3F, 0x00, 0x3F, 0x00, 0x3F, 0x00, 0x3F, 0x00,
        0x3F, 0x00, 0x3F, 0x00, 0x3F, 0x00, 0x3F, 0x00, 0x3F, 0x00, 0x3F, 0x00, 0x3F, 0x00, 0x3F, 0x00, 0x3F, 0x00, 0x3F, 0x00, 0x3F, 0x00, 0x3F, 0x00,
        0x3F, 0x02, 0x3F, 0x01, 0x2E, 0x14, 0x3F, 0xE0, 0x2A, 0xFF, 0x0A, 0xFD, 0x15, 0xFF, 0x1B, 0xFF, 0x03, 0xFE, 0x24, 0xFF, 0x3F, 0xF1, 0x2F, 0x18,
        0x3F, 0x00, 0x3F, 0x02, 0x3F, 0x00, 0x3F, 0x00, 0x3F, 0x00, 0x3F, 0x00, 0x3F, 0x00, 0x3F, 0x00, 0x3F, 0x00, 0x3F, 0x00, 0x3F, 0x00, 0x3F, 0x00,
        0x3F, 0x00, 0x3F, 0x00, 0x3F, 0x00, 0x3F, 0x00, 0x3F, 0x00, 0x3F, 0x00, 0x3F, 0x00, 0x3F, 0x00, 0x3F, 0x00, 0x3F, 0x00, 0x3F, 0x00, 0x3F, 0x00,
        0x3F, 0x00, 0x3F, 0x00, 0x3F, 0x00, 0x3F, 0x00, 0x3F, 0x00, 0x3F, 0x00, 0x3F, 0x00, 0x3F, 0x00, 0x3F, 0x00, 0x3F, 0x00, 0x3F, 0x00, 0x3F, 0x01,
        0x3F, 0x03, 0x3A, 0x00, 0x3F, 0xB9, 0x2F, 0xFF, 0x1D, 0xFC, 0x0D, 0xFF, 0x16, 0xFF, 0x14, 0xFF, 0x0A, 0xFB, 0x2D, 0xFF, 0x3F, 0xA5, 0x38, 0x00,
        0x3F, 0x03, 0x3F, 0x00, 0x3F, 0x00, 0x3F, 0x00, 0x3F, 0x00, 0x3F, 0x00, 0x3F, 0x00, 0x3F, 0x00, 0x3F, 0x00, 0x3F, 0x00, 0x3F, 0x00, 0x3F, 0x00,
        0x3F, 0x00, 0x3F, 0x00, 0x3F, 0x00, 0x3F, 0x00, 0x3F, 0x00, 0x3F, 0x00, 0x3F, 0x00, 0x3F, 0x00, 0x3F, 0x00, 0x3F, 0x00, 0x3F, 0x00, 0x3F, 0x00,
        0x3F, 0x00, 0x3F, 0x00, 0x3F, 0x00, 0x3F, 0x00, 0x3F, 0x00, 0x3F, 0x00, 0x3F, 0x00, 0x3F, 0x00, 0x3F, 0x00, 0x3F, 0x00, 0x3F, 0x00, 0x3F, 0x04,
        0x3C, 0x00, 0x36, 0x89, 0x35, 0xFF, 0x20, 0xFB, 0x07, 0xFF, 0x1A, 0xFF, 0x16, 0xFF, 0x0A, 0xFF, 0x20, 0xFD, 0x3A, 0xFF, 0x39, 0x44, 0x3F, 0x01,
        0x3F, 0x03, 0x3F, 0x00, 0x3F, 0x00, 0x3F, 0x00, 0x3F, 0x00, 0x3F, 0x00, 0x3F, 0x00, 0x3F, 0x00, 0x3F, 0x00, 0x3F, 0x00, 0x3F, 0x00, 0x3F, 0x00,
        0x3F, 0x00, 0x3F, 0x00, 0x3F, 0x00, 0x3F, 0x00, 0x3F, 0x00, 0x3F, 0x00, 0x3F, 0x00, 0x3F, 0x00, 0x3F, 0x00, 0x3F, 0x00, 0x3F, 0x00, 0x3F, 0x00,
        0x3F, 0x00, 0x3F, 0x00, 0x3F, 0x00, 0x3F, 0x00, 0x3F, 0x00, 0x3F, 0x00, 0x3F, 0x00, 0x3F, 0x00, 0x3F, 0x00, 0x3F, 0x00, 0x3F, 0x04, 0x3F, 0x00,
        0x34, 0x58, 0x3F, 0xFF, 0x23, 0xFB, 0x02, 0xFF, 0x1B, 0xFF, 0x11, 0xFF, 0x1A, 0xFF, 0x02, 0xFD, 0x27, 0xFF, 0x3F, 0xDA, 0x27, 0x08, 0x2C, 0x04,
        0x00, 0x04, 0x24, 0x04, 0x3F, 0x04, 0x3F, 0x04, 0x3F, 0x04, 0x3F, 0x04, 0x3F, 0x04, 0x3F, 0x04, 0x3F, 0x04, 0x3F, 0x04, 0x3F, 0x04, 0x3F, 0x04,
        0x3F, 0x03, 0x3F, 0x04, 0x3F, 0x01, 0x3F, 0x00, 0x3F, 0x00, 0x3F, 0x00, 0x3F, 0x00, 0x3F, 0x00, 0x3F, 0x00, 0x3F, 0x00, 0x3F, 0x00, 0x3F, 0x00,
        0x3F, 0x00, 0x3F, 0x00, 0x3F, 0x00, 0x3F, 0x00, 0x3F, 0x00, 0x3F, 0x00, 0x3F, 0x00, 0x3F, 0x00, 0x3F, 0x00, 0x3F, 0x02, 0x3F, 0x00, 0x30, 0x2D,
        0x3F, 0xF4, 0x27, 0xFD, 0x03, 0xFE, 0x1A, 0xFF, 0x11, 0xFF, 0x14, 0xFF, 0x0E, 0xFF, 0x1B, 0xFB, 0x2F, 0xFF, 0x34, 0x6D, 0x35, 0x00, 0x3F, 0x00,
        0x3F, 0x00, 0x3F, 0x00, 0x3A, 0x00, 0x37, 0x00, 0x38, 0x00, 0x38, 0x00, 0x38, 0x00, 0x38, 0x00, 0x38, 0x00, 0x38, 0x00, 0x38, 0x00, 0x38, 0x00,
        0x38, 0x00, 0x3C, 0x00, 0x3F, 0x00, 0x3F, 0x01, 0x3F, 0x00, 0x3F, 0x00, 0x3F, 0x00, 0x3F, 0x00, 0x3F, 0x00, 0x3F, 0x00, 0x3F, 0x00, 0x3F, 0x00,
        0x3F, 0x00, 0x3F, 0x00, 0x3F, 0x00, 0x3F, 0x00, 0x3F, 0x00, 0x3F, 0x00, 0x3F, 0x00, 0x3F, 0x00, 0x3F, 0x02, 0x3F, 0x01, 0x2E, 0x12, 0x3F, 0xD9,
        0x2D, 0xFF, 0x0B, 0xFD, 0x15, 0xFF, 0x14, 0xFF, 0x11, 0xFF, 0x1A, 0xFF, 0x03, 0xFF, 0x23, 0xFE, 0x3F, 0xFF, 0x36, 0xBB, 0x3C, 0xA7, 0x28, 0x9E,
        0x01, 0x98, 0x1D, 0x98, 0x2B, 0x9B, 0x3F, 0x9B, 0x3F, 0x98, 0x3F, 0x98, 0x3F, 0x98, 0x3F, 0x98, 0x3F, 0x98, 0x3F, 0x98, 0x3F, 0x98, 0x3F, 0x97,
        0x3F, 0x9A, 0x3F, 0x75, 0x32, 0x10, 0x3F, 0x00, 0x3F, 0x01, 0x3F, 0x00, 0x3F, 0x00, 0x3F, 0x00, 0x3F, 0x00, 0x3F, 0x00, 0x3F, 0x00, 0x3F, 0x00,
        0x3F, 0x00, 0x3F, 0x00, 0x3F, 0x00, 0x3F, 0x00, 0x3F, 0x00, 0x3F, 0x00, 0x3F, 0x00, 0x3F, 0x00, 0x3F, 0x03, 0x3A, 0x00, 0x3D, 0xB2, 0x30, 0xFF,
        0x1E, 0xFB, 0x0B, 0xFF, 0x17, 0xFF, 0x11, 0xFF, 0x11, 0xFF, 0x1A, 0xFF, 0x08, 0xFF, 0x21, 0xFF, 0x2B, 0xFF, 0x2A, 0xFF, 0x2D, 0xFF, 0x24, 0xFF,
        0x03, 0xFF, 0x2D, 0xFF, 0x31, 0xFF, 0x2B, 0xFF, 0x2B, 0xFF, 0x2B, 0xFF, 0x2B, 0xFF, 0x2B, 0xFF, 0x2B, 0xFF, 0x2B, 0xFF, 0x2B, 0xFF, 0x2B, 0xFF,
        0x2A, 0xFF, 0x30, 0xFF, 0x3F, 0xD2, 0x33, 0x13, 0x3F, 0x01, 0x3F, 0x01, 0x3F, 0x00, 0x3F, 0x00, 0x3F, 0x00, 0x3F, 0x00, 0x3F, 0x00, 0x3F, 0x00,
        0x3F, 0x00, 0x3F, 0x00, 0x3F, 0x00, 0x3F, 0x00, 0x3F, 0x00, 0x3F, 0x00, 0x3F, 0x00, 0x3F, 0x03, 0x3C, 0x00, 0x36, 0x66, 0x37, 0xFF, 0x21, 0xFB,
        0x05, 0xFF, 0x1A, 0xFF, 0x11, 0xFF, 0x11, 0xFF, 0x11, 0xFF, 0x11, 0xFF, 0x13, 0xFF, 0x0B, 0xFF, 0x08, 0xFF, 0x06, 0xFC, 0x0A, 0xFB, 0x01, 0xFB,
        0x26, 0xFB, 0x35, 0xFB, 0x1F, 0xFB, 0x02, 0xFB, 0x07, 0xFB, 0x06, 0xFB, 0x06, 0xFB, 0x06, 0xFB, 0x06, 0xFB, 0x06, 0xFB, 0x06, 0xFB, 0x07, 0xFB,
        0x02, 0xFB, 0x1E, 0xF7, 0x2F, 0xFF, 0x3A, 0x79, 0x3C, 0x00, 0x3F, 0x04, 0x3F, 0x00, 0x3F, 0x00, 0x3F, 0x00, 0x3F, 0x00, 0x3F, 0x00, 0x3F, 0x00,
        0x3F, 0x00, 0x3F, 0x00, 0x3F, 0x00, 0x3F, 0x00, 0x3F, 0x00, 0x3F, 0x00, 0x3F, 0x01, 0x3F, 0x01, 0x2E, 0x13, 0x3F, 0xE9, 0x27, 0xFD, 0x02, 0xFD,
        0x1B, 0xFF, 0x11, 0xFF, 0x11, 0xFF, 0x11, 0xFF, 0x11, 0xFF, 0x11, 0xFF, 0x11, 0xFF, 0x16, 0xFF, 0x18, 0xFF, 0x16, 0xFF, 0x1B, 0xFF, 0x09, 0xFF,
        0x2D, 0xFF, 0x2B, 0xFF, 0x01, 0xFF, 0x17, 0xFF, 0x11, 0xFF, 0x11, 0xFF, 0x11, 0xFF, 0x11, 0xFF, 0x11, 0xFF, 0x11, 0xFF, 0x11, 0xFF, 0x11, 0xFF,
        0x17, 0xFF, 0x01, 0xFB, 0x2A, 0xFE, 0x3F, 0xA2, 0x38, 0x00, 0x3F, 0x03, 0x3F, 0x00, 0x3F, 0x00, 0x3F, 0x00, 0x3F, 0x00, 0x3F, 0x00, 0x3F, 0x00,
        0x3F, 0x00, 0x3F, 0x00, 0x3F, 0x00, 0x3F, 0x00, 0x3F, 0x00, 0x3F, 0x00, 0x3F, 0x04, 0x3C, 0x00, 0x3F, 0x7A, 0x33, 0xFF, 0x1D, 0xFB, 0x0D, 0xFF,
        0x16, 0xFF, 0x11, 0xFF, 0x11, 0xFF, 0x11, 0xFF, 0x11, 0xFF, 0x11, 0xFF, 0x11, 0xFF, 0x11, 0xFF, 0x11, 0xFF, 0x14, 0xFF, 0x16, 0xFF, 0x01, 0xFF,
        0x23, 0xFF, 0x34, 0xFF, 0x21, 0xFF, 0x12, 0xFF, 0x1B, 0xFF, 0x1B, 0xFF, 0x1B, 0xFF, 0x1B, 0xFF, 0x1B, 0xFF, 0x1B, 0xFF, 0x1B, 0xFF, 0x1C, 0xFF,
        0x12, 0xFF, 0x21, 0xFC, 0x31, 0xFD, 0x3A, 0x5B, 0x26, 0x02, 0x3F, 0x04, 0x3F, 0x00, 0x3F, 0x00, 0x3F, 0x00, 0x3F, 0x00, 0x3F, 0x00, 0x3F, 0x00,
        0x3F, 0x00, 0x3F, 0x00, 0x3F, 0x00, 0x3F, 0x00, 0x3F, 0x00, 0x3F, 0x00, 0x3F, 0x01, 0x00, 0x04, 0x3F, 0xD5, 0x28, 0xFE, 0x03, 0xFD, 0x1A, 0xFF,
        0x11, 0xFF, 0x11, 0xFF, 0x11, 0xFF, 0x11, 0xFF, 0x11, 0xFF, 0x11, 0xFF, 0x11, 0xFF, 0x11, 0xFF, 0x14, 0xFF, 0x0D, 0xFF, 0x1C, 0xFF, 0x25, 0xFF,
        0x2D, 0xFF, 0x3F, 0xFF, 0x3F, 0xFF, 0x34, 0xFF, 0x33, 0xFF, 0x33, 0xFF, 0x33, 0xFF, 0x33, 0xFF, 0x33, 0xFF, 0x33, 0xFF, 0x33, 0xFF, 0x33, 0xFF,
        0x32, 0xFE, 0x3F, 0xFE, 0x3F, 0xF5, 0x36, 0x3E, 0x3F, 0x00, 0x3F, 0x02, 0x3F, 0x00, 0x3F, 0x00, 0x3F, 0x00, 0x3F, 0x00, 0x3F, 0x00, 0x3F, 0x00,
        0x3F, 0x00, 0x3F, 0x00, 0x3F, 0x00, 0x3F, 0x00, 0x3F, 0x00, 0x3F, 0x02, 0x3F, 0x00, 0x31, 0x2B, 0x3F, 0xFD, 0x22, 0xFE, 0x03, 0xFF, 0x1A, 0xFF,
        0x11, 0xFF, 0x11, 0xFF, 0x11, 0xFF, 0x11, 0xFF, 0x11, 0xFF, 0x11, 0xFF, 0x11, 0xFF, 0x14, 0xFF, 0x10, 0xFF, 0x12, 0xFF, 0x2D, 0xFF, 0x3F, 0xFF,
        0x29, 0xFF, 0x28, 0xFF, 0x28, 0xFF, 0x28, 0xFF, 0x28, 0xFF, 0x28, 0xFF, 0x28, 0xFF, 0x28, 0xFF, 0x28, 0xFF, 0x28, 0xFF, 0x28, 0xFF, 0x28, 0xFF,
        0x28, 0xFF, 0x27, 0xFE, 0x2D, 0xFE, 0x3F, 0xF8, 0x36, 0x3B, 0x3F, 0x00, 0x3F, 0x03, 0x3F, 0x00, 0x3F, 0x00, 0x3F, 0x00, 0x3F, 0x00, 0x3F, 0x00,
        0x3F, 0x00, 0x3F, 0x00, 0x3F, 0x00, 0x3F, 0x00, 0x3F, 0x00, 0x3F, 0x04, 0x3C, 0x00, 0x3F, 0x5D, 0x35, 0xFF, 0x1F, 0xFC, 0x0C, 0xFF, 0x14, 0xFF,
        0x11, 0xFF, 0x11, 0xFF, 0x11, 0xFF, 0x11, 0xFF, 0x11, 0xFF, 0x11, 0xFF, 0x11, 0xFF, 0x1A, 0xFF, 0x03, 0xFF, 0x23, 0xFF, 0x3F, 0xFF, 0x20, 0xFF,
        0x01, 0xFF, 0x08, 0xFF, 0x06, 0xFF, 0x04, 0xFF, 0x04, 0xFF, 0x04, 0xFF, 0x04, 0xFF, 0x04, 0xFF, 0x04, 0xFF, 0x04, 0xFF, 0x04, 0xFF, 0x04, 0xFF,
        0x05, 0xFF, 0x05, 0xFF, 0x0A, 0xFB, 0x2B, 0xFF, 0x3F, 0xB4, 0x39, 0x00, 0x3F, 0x03, 0x3F, 0x00, 0x3F, 0x00, 0x3F, 0x00, 0x3F, 0x00, 0x3F, 0x00,
        0x3F, 0x00, 0x3F, 0x00, 0x3F, 0x00, 0x3F, 0x00, 0x3F, 0x00, 0x3F, 0x04, 0x3B, 0x00, 0x3F, 0x7D, 0x30, 0xFF, 0x1C, 0xFB, 0x0F, 0xFF, 0x14, 0xFF,
        0x11, 0xFF, 0x11, 0xFF, 0x11, 0xFF, 0x11, 0xFF, 0x11, 0xFF, 0x11, 0xFF, 0x11, 0xFF, 0x1A, 0xFF, 0x01, 0xFF, 0x26, 0xFF, 0x31, 0xFF, 0x03, 0xFF,
        0x0C, 0xFF, 0x0E, 0xFF, 0x0C, 0xFF, 0x0C, 0xFF, 0x0C, 0xFF, 0x0C, 0xFF, 0x0C, 0xFF, 0x0C, 0xFF, 0x0C, 0xFF, 0x0C, 0xFF, 0x0C, 0xFF, 0x0C, 0xFF,
        0x0C, 0xFF, 0x17, 0xFF, 0x01, 0xFC, 0x26, 0xFC, 0x3F, 0xCB, 0x36, 0x00, 0x3F, 0x01, 0x3F, 0x00, 0x3F, 0x00, 0x3F, 0x00, 0x3F, 0x00, 0x3F, 0x00,
        0x3F, 0x00, 0x3F, 0x00, 0x3F, 0x00, 0x3F, 0x00, 0x3F, 0x00, 0x3F, 0x04, 0x3A, 0x00, 0x3F, 0x80, 0x2E, 0xFF, 0x14, 0xFB, 0x10, 0xFF, 0x14, 0xFF,
        0x11, 0xFF, 0x11, 0xFF, 0x11, 0xFF, 0x11, 0xFF, 0x11, 0xFF, 0x11, 0xFF, 0x11, 0xFF, 0x16, 0xFF, 0x0A, 0xFF, 0x20, 0xFF, 0x3F, 0xFF, 0x27, 0xFF,
        0x1E, 0xFF, 0x1E, 0xFF, 0x1F, 0xFF, 0x1F, 0xFF, 0x1F, 0xFF, 0x1F, 0xFF, 0x1F, 0xFF, 0x1F, 0xFF, 0x1F, 0xFF, 0x1F, 0xFF, 0x1F, 0xFF, 0x1F, 0xFF,
        0x1F, 0xFF, 0x1D, 0xFF, 0x21, 0xFD, 0x30, 0xFF, 0x3C, 0x8A, 0x3C, 0x00, 0x3F, 0x04, 0x3F, 0x00, 0x3F, 0x00, 0x3F, 0x00, 0x3F, 0x00, 0x3F, 0x00,
        0x3F, 0x00, 0x3F, 0x00, 0x3F, 0x00, 0x3F, 0x00, 0x3F, 0x00, 0x3F, 0x04, 0x3A, 0x00, 0x3F, 0x80, 0x2F, 0xFF, 0x1A, 0xFB, 0x0F, 0xFF, 0x14, 0xFF,
        0x11, 0xFF, 0x11, 0xFF, 0x11, 0xFF, 0x11, 0xFF, 0x11, 0xFF, 0x11, 0xFF, 0x11, 0xFF, 0x11, 0xFF, 0x17, 0xFF, 0x08, 0xFF, 0x24, 0xFF, 0x34, 0xFF,
        0x36, 0xFF, 0x3F, 0xFF, 0x3F, 0xFF, 0x3F, 0xFF, 0x3F, 0xFF, 0x3F, 0xFF, 0x3F, 0xFF, 0x3F, 0xFF, 0x3F, 0xFF, 0x3F, 0xFF, 0x3F, 0xFF, 0x3F, 0xFF,
        0x3F, 0xFF, 0x3C, 0xFE, 0x3F, 0xFB, 0x3F, 0xB3, 0x3F, 0x0F, 0x3F, 0x01, 0x3F, 0x01, 0x3F, 0x00, 0x3F, 0x00, 0x3F, 0x00, 0x3F, 0x00, 0x3F, 0x00,
        0x3F, 0x00, 0x3F, 0x00, 0x3F, 0x00, 0x3F, 0x00, 0x3F, 0x00, 0x3F, 0x04, 0x3C, 0x00, 0x3F, 0x6D, 0x33, 0xFF, 0x1D, 0xFB, 0x0C, 0xFF, 0x14, 0xFF,
        0x11, 0xFF, 0x11, 0xFF, 0x11, 0xFF, 0x11, 0xFF, 0x11, 0xFF, 0x11, 0xFF, 0x11, 0xFF, 0x11, 0xFF, 0x11, 0xFF, 0x16, 0xFF, 0x01, 0xFF, 0x2A, 0xFF,
        0x31, 0xFF, 0x24, 0xFF, 0x22, 0xFF, 0x22, 0xFF, 0x22, 0xFF, 0x22, 0xFF, 0x22, 0xFF, 0x22, 0xFF, 0x22, 0xFF, 0x22, 0xFF, 0x22, 0xFF, 0x22, 0xFF,
        0x22, 0xFE, 0x29, 0xFE, 0x3F, 0xF6, 0x30, 0x21, 0x3F, 0x00, 0x3F, 0x02, 0x3F, 0x00, 0x3F, 0x00, 0x3F, 0x00, 0x3F, 0x00, 0x3F, 0x00, 0x3F, 0x00,
        0x3F, 0x00, 0x3F, 0x00, 0x3F, 0x00, 0x3F, 0x00, 0x3F, 0x00, 0x3F, 0x03, 0x3F, 0x00, 0x35, 0x3D, 0x3F, 0xFF, 0x21, 0xFD, 0x08, 0xFF, 0x1A, 0xFF,
        0x11, 0xFF, 0x11, 0xFF, 0x11, 0xFF, 0x11, 0xFF, 0x11, 0xFF, 0x11, 0xFF, 0x11, 0xFF, 0x11, 0xFF, 0x16, 0xFF, 0x0A, 0xFF, 0x1F, 0xFF, 0x3F, 0xFF,
        0x21, 0xFF, 0x01, 0xFF, 0x0A, 0xFF, 0x08, 0xFF, 0x08, 0xFF, 0x08, 0xFF, 0x08, 0xFF, 0x08, 0xFF, 0x08, 0xFF, 0x08, 0xFF, 0x08, 0xFF, 0x0A, 0xFF,
        0x03, 0xFF, 0x0F, 0xFB, 0x2F, 0xFF, 0x3F, 0x73, 0x19, 0x01, 0x3F, 0x04, 0x3F, 0x00, 0x3F, 0x00, 0x3F, 0x00, 0x3F, 0x00, 0x3F, 0x00, 0x3F, 0x00,
        0x3F, 0x00, 0x3F, 0x00, 0x3F, 0x00, 0x3F, 0x00, 0x3F, 0x00, 0x3F, 0x01, 0x3F, 0x00, 0x29, 0x0D, 0x3F, 0xE8, 0x27, 0xFE, 0x02, 0xFE, 0x1B, 0xFF,
        0x11, 0xFF, 0x11, 0xFF, 0x11, 0xFF, 0x11, 0xFF, 0x11, 0xFF, 0x11, 0xFF, 0x11, 0xFF, 0x11, 0xFF, 0x16, 0xFF, 0x0B, 0xFF, 0x1F, 0xFF, 0x3F, 0xFF,
        0x22, 0xFF, 0x01, 0xFF, 0x0A, 0xFF, 0x04, 0xFF, 0x03, 0xFF, 0x04, 0xFF, 0x03, 0xFF, 0x04, 0xFF, 0x03, 0xFF, 0x04, 0xFF, 0x07, 0xFF, 0x08, 0xFF,
        0x02, 0xFE, 0x17, 0xF9, 0x2F, 0xFF, 0x3F, 0x6E, 0x3A, 0x00, 0x3F, 0x04, 0x3F, 0x00, 0x3F, 0x00, 0x3F, 0x00, 0x3F, 0x00, 0x3F, 0x00, 0x3F, 0x00,
        0x3F, 0x00, 0x3F, 0x00, 0x3F, 0x00, 0x3F, 0x00, 0x3F, 0x00, 0x3F, 0x00, 0x3F, 0x03, 0x3C, 0x00, 0x3D, 0x96, 0x30, 0xFF, 0x1C, 0xFB, 0x0E, 0xFF,
        0x16, 0xFF, 0x11, 0xFF, 0x11, 0xFF, 0x11, 0xFF, 0x11, 0xFF, 0x11, 0xFF, 0x11, 0xFF, 0x11, 0xFF, 0x11, 0xFF, 0x16, 0xFF, 0x07, 0xFF, 0x28, 0xFF,
        0x3F, 0xFF, 0x26, 0xFF, 0x23, 0xFF, 0x25, 0xFF, 0x25, 0xFF, 0x25, 0xFF, 0x25, 0xFF, 0x25, 0xFF, 0x25, 0xFF, 0x25, 0xFF, 0x23, 0xFF, 0x24, 0xFF,
        0x23, 0xFF, 0x2B, 0xFF, 0x3F, 0xEE, 0x33, 0x1D, 0x3F, 0x01, 0x3F, 0x02, 0x3F, 0x00, 0x3F, 0x00, 0x3F, 0x00, 0x3F, 0x00, 0x3F, 0x00, 0x3F, 0x00,
        0x3F, 0x00, 0x3F, 0x00, 0x3F, 0x00, 0x3F, 0x00, 0x3F, 0x00, 0x3F, 0x00, 0x3F, 0x02, 0x3F, 0x01, 0x30, 0x23, 0x3F, 0xF7, 0x27, 0xFC, 0x01, 0xFE,
        0x1A, 0xFF, 0x16, 0xFF, 0x11, 0xFF, 0x11, 0xFF, 0x11, 0xFF, 0x11, 0xFF, 0x11, 0xFF, 0x11, 0xFF, 0x11, 0xFF, 0x14, 0xFF, 0x0E, 0xFF, 0x18, 0xFF,
        0x27, 0xFF, 0x34, 0xFF, 0x3F, 0xFF, 0x3F, 0xFF, 0x3A, 0xFF, 0x3C, 0xFF, 0x3C, 0xFF, 0x3C, 0xFF, 0x3A, 0xFF, 0x3F, 0xFF, 0x3F, 0xFF, 0x3F, 0xF5,
        0x3F, 0xE6, 0x3F, 0xC3, 0x3B, 0x36, 0x3F, 0x00, 0x3F, 0x02, 0x3F, 0x00, 0x3F, 0x00, 0x3F, 0x00, 0x3F, 0x00, 0x3F, 0x00, 0x3F, 0x00, 0x3F, 0x00,
        0x3F, 0x00, 0x3F, 0x00, 0x3F, 0x00, 0x3F, 0x00, 0x3F, 0x00, 0x3F, 0x00, 0x3F, 0x00, 0x3F, 0x03, 0x3F, 0x00, 0x35, 0x73, 0x3F, 0xFF, 0x24, 0xFA,
        0x01, 0xFE, 0x0F, 0xFF, 0x1A, 0xFF, 0x1A, 0xFF, 0x15, 0xFF, 0x14, 0xFF, 0x14, 0xFF, 0x14, 0xFF, 0x14, 0xFF, 0x14, 0xFF, 0x16, 0xFF, 0x10, 0xFF,
        0x02, 0xFF, 0x2E, 0xFF, 0x2D, 0xFF, 0x1E, 0xFF, 0x1C, 0xFF, 0x1D, 0xFF, 0x1D, 0xFF, 0x1D, 0xFF, 0x1D, 0xFF, 0x1C, 0xFD, 0x27, 0xFF, 0x36, 0xE6,
        0x2A, 0x1E, 0x36, 0x00, 0x3F, 0x00, 0x3F, 0x01, 0x3F, 0x00, 0x3F, 0x00, 0x3F, 0x00, 0x3F, 0x00, 0x3F, 0x00, 0x3F, 0x00, 0x3F, 0x00, 0x3F, 0x00,
        0x3F, 0x00, 0x3F, 0x00, 0x3F, 0x00, 0x3F, 0x00, 0x3F, 0x00, 0x3F, 0x00, 0x3F, 0x00, 0x3F, 0x00, 0x3F, 0x03, 0x3C, 0x00, 0x39, 0x95, 0x3F, 0xFF,
        0x27, 0xFB, 0x1C, 0xF7, 0x02, 0xFD, 0x07, 0xFF, 0x0C, 0xFF, 0x0C, 0xFF, 0x0F, 0xFF, 0x0F, 0xFF, 0x0F, 0xFF, 0x0F, 0xFF, 0x0E, 0xFF, 0x0A, 0xFF,
        0x1F, 0xFF, 0x3F, 0xFF, 0x21, 0xFF, 0x01, 0xFF, 0x17, 0xFF, 0x0F, 0xFF, 0x10, 0xFF, 0x10, 0xFF, 0x16, 0xFF, 0x04, 0xFF, 0x1F, 0xFE, 0x3F, 0xFF,
        0x3F, 0x32, 0x3F, 0x01, 0x3F, 0x05, 0x3F, 0x00, 0x3F, 0x00, 0x3F, 0x00, 0x3F, 0x00, 0x3F, 0x00, 0x3F, 0x00, 0x3F, 0x00, 0x3F, 0x00, 0x3F, 0x00,
        0x3F, 0x00, 0x3F, 0x00, 0x3F, 0x00, 0x3F, 0x00, 0x3F, 0x00, 0x3F, 0x00, 0x3F, 0x00, 0x3F, 0x00, 0x3F, 0x01, 0x3F, 0x02, 0x3F, 0x00, 0x36, 0x76,
        0x3F, 0xF6, 0x30, 0xFF, 0x26, 0xFF, 0x21, 0xFE, 0x1E, 0xFC, 0x1D, 0xFB, 0x1C, 0xFB, 0x1B, 0xFB, 0x1C, 0xFB, 0x1B, 0xFB, 0x1C, 0xFB, 0x11, 0xFB,
        0x1C, 0xFC, 0x34, 0xFB, 0x28, 0xFB, 0x05, 0xFB, 0x06, 0xFB, 0x06, 0xFB, 0x06, 0xFB, 0x06, 0xFB, 0x07, 0xFB, 0x01, 0xFA, 0x25, 0xFD, 0x3F, 0xF9,
        0x2F, 0x1C, 0x3F, 0x00, 0x3F, 0x02, 0x3F, 0x00, 0x3F, 0x00, 0x3F, 0x00, 0x3F, 0x00, 0x3F, 0x00, 0x3F, 0x00, 0x3F, 0x00, 0x3F, 0x00, 0x3F, 0x00,
        0x3F, 0x00, 0x3F, 0x00, 0x3F, 0x00, 0x3F, 0x00, 0x3F, 0x00, 0x3F, 0x00, 0x3F, 0x00, 0x3F, 0x00, 0x3F, 0x00, 0x3F, 0x00, 0x3F, 0x02, 0x3F, 0x00,
        0x31, 0x2B, 0x3F, 0x99, 0x3F, 0xE4, 0x3F, 0xFF, 0x34, 0xFF, 0x31, 0xFF, 0x2F, 0xFF, 0x2F, 0xFF, 0x2F, 0xFF, 0x2F, 0xFF, 0x2F, 0xFF, 0x2E, 0xFF,
        0x0E, 0xFF, 0x21, 0xFF, 0x34, 0xFF, 0x2D, 0xFF, 0x2A, 0xFF, 0x2A, 0xFF, 0x2A, 0xFF, 0x2A, 0xFF, 0x2A, 0xFF, 0x2D, 0xFF, 0x3F, 0xFF, 0x3F, 0x7E,
        0x3C, 0x00, 0x3F, 0x02, 0x3F, 0x00, 0x3F, 0x00, 0x3F, 0x00, 0x3F, 0x00, 0x3F, 0x00, 0x3F, 0x00, 0x3F, 0x00, 0x3F, 0x00, 0x3F, 0x00, 0x3F, 0x00,
        0x3F, 0x00, 0x3F, 0x00, 0x3F, 0x00, 0x3F, 0x00, 0x3F, 0x00, 0x3F, 0x00, 0x3F, 0x00, 0x3F, 0x00, 0x3F, 0x00, 0x3F, 0x00, 0x3F, 0x00, 0x3F, 0x03,
        0x3F, 0x00, 0x3C, 0x00, 0x29, 0x0D, 0x35, 0x39, 0x3F, 0x5C, 0x3F, 0x76, 0x33, 0x77, 0x31, 0x75, 0x32, 0x76, 0x32, 0x75, 0x34, 0x75, 0x2F, 0x6F,
        0x1E, 0x63, 0x01, 0x66, 0x26, 0x6F, 0x3F, 0x8E, 0x3F, 0x9E, 0x3F, 0x9C, 0x3F, 0x9C, 0x3F, 0x9C, 0x3F, 0x9E, 0x3F, 0x99, 0x3F, 0x51, 0x3F, 0x00,
        0x3F, 0x01, 0x3F, 0x00, 0x3F, 0x00, 0x3F, 0x00, 0x3F, 0x00, 0x3F, 0x00, 0x3F, 0x00, 0x3F, 0x00, 0x3F, 0x00, 0x3F, 0x00, 0x3F, 0x00, 0x3F, 0x00,
        0x3F, 0x00, 0x3F, 0x00, 0x3F, 0x00, 0x3F, 0x00, 0x3F, 0x00, 0x3F, 0x00, 0x3F, 0x00, 0x3F, 0x00, 0x3F, 0x00, 0x3F, 0x00, 0x3F, 0x00, 0x3F, 0x00,
        0x3F, 0x02, 0x3F, 0x03, 0x3F, 0x00, 0x3F, 0x00, 0x3C, 0x00, 0x3C, 0x00, 0x3F, 0x00, 0x3F, 0x00, 0x3F, 0x00, 0x3F, 0x00, 0x3F, 0x00, 0x3F, 0x00,
        0x3F, 0x00, 0x3F, 0x00, 0x3F, 0x00, 0x3A, 0x00, 0x38, 0x00, 0x38, 0x00, 0x38, 0x00, 0x38, 0x00, 0x38, 0x00, 0x38, 0x00, 0x3F, 0x00, 0x3F, 0x01,
        0x3F, 0x00, 0x3F, 0x00, 0x3F, 0x00, 0x3F, 0x00, 0x3F, 0x00, 0x3F, 0x00, 0x3F, 0x00, 0x3F, 0x00, 0x3F, 0x00, 0x3F, 0x00, 0x3F, 0x00, 0x3F, 0x00,
        0x3F, 0x00, 0x3F, 0x00, 0x3F, 0x00, 0x3F, 0x00, 0x3F, 0x00, 0x3F, 0x00, 0x3F, 0x00, 0x3F, 0x00, 0x3F, 0x00, 0x3F, 0x00, 0x3F, 0x00, 0x3F, 0x00,
        0x3F, 0x00, 0x3F, 0x00, 0x3F, 0x01, 0x3F, 0x03, 0x3F, 0x04, 0x3F, 0x04, 0x3F, 0x04, 0x3F, 0x04, 0x3F, 0x04, 0x3F, 0x04, 0x3F, 0x04, 0x2F, 0x04,
        0x20, 0x04, 0x00, 0x04, 0x2C, 0x04, 0x3F, 0x04, 0x3F, 0x03, 0x3F, 0x03, 0x3F, 0x03, 0x3F, 0x03, 0x3F, 0x03, 0x3F, 0x04, 0x3F, 0x03, 0x3F, 0x00,
        0x3F, 0x00, 0x3F, 0x00, 0x3F, 0x00, 0x3F, 0x00, 0x3F, 0x00, 0x3F, 0x00, 0x3F, 0x00, 0x3F, 0x00, 0x3F, 0x00, 0x3F, 0x00, 0x3F, 0x00, 0x3F, 0x00,
        0x3F, 0x00, 0x3F, 0x00, 0x3F, 0x00, 0x3F, 0x00, 0x3F, 0x00, 0x3F, 0x00, 0x3F, 0x00, 0x3F, 0x00, 0x3F, 0x00, 0x3F, 0x00, 0x3F, 0x00, 0x3F, 0x00,
        0x3F, 0x00, 0x3F, 0x00, 0x3F, 0x00, 0x3F, 0x00, 0x3F, 0x00, 0x3F, 0x00, 0x3F, 0x00, 0x3F, 0x00, 0x3F, 0x00, 0x3F, 0x00, 0x3F, 0x00, 0x3F, 0x00,
        0x3F, 0x00, 0x3F, 0x00, 0x3F, 0x00, 0x3F, 0x00, 0x3F, 0x00, 0x3F, 0x00, 0x3F, 0x00, 0x3F, 0x00, 0x3F, 0x00, 0x3F, 0x00, 0x3F, 0x00, 0x3F, 0x00,
        0x3F, 0x00, 0x3F, 0x00, 0x3F, 0x00, 0x3F, 0x00, 0x3F, 0x00, 0x3F, 0x00, 0x3F, 0x00, 0x3F, 0x00, 0x3F, 0x00, 0x3F, 0x00, 0x3F, 0x00, 0x3F, 0x00,
        0x3F, 0x00, 0x3F, 0x00, 0x3F, 0x00, 0x3F, 0x00, 0x3F, 0x00, 0x3F, 0x00, 0x3F, 0x00, 0x3F, 0x00, 0x3F, 0x00, 0x3F, 0x00, 0x3F, 0x00, 0x3F, 0x00,
        0x3F, 0x00, 0x3F, 0x00, 0x3F, 0x00, 0x3F, 0x00, 0x3F, 0x00, 0x3F, 0x00, 0x3F, 0x00, 0x3F, 0x00, 0x3F, 0x00, 0x3F, 0x00, 0x3F, 0x00, 0x3F, 0x00,
        0x3F, 0x00, 0x3F, 0x00, 0x3F, 0x00, 0x3F, 0x00, 0x3F, 0x00, 0x3F, 0x00, 0x3F, 0x00, 0x3F, 0x00, 0x3F, 0x00, 0x3F, 0x00, 0x3F, 0x00, 0x3F, 0x00,
        0x3F, 0x00, 0x3F, 0x00, 0x3F, 0x00, 0x3F, 0x00, 0x3F, 0x00, 0x3F, 0x00, 0x3F, 0x00, 0x3F, 0x00, 0x3F, 0x00, 0x3F, 0x00, 0x3F, 0x00, 0x3F, 0x00,
        0x3F, 0x00, 0x3F, 0x00, 0x3F, 0x00, 0x3F, 0x00, 0x3F, 0x00, 0x3F, 0x00, 0x3F, 0x00, 0x3F, 0x00, 0x3F, 0x00, 0x3F, 0x00, 0x3F, 0x00, 0x3F, 0x00,
        0x3F, 0x00, 0x3F, 0x00, 0x3F, 0x00, 0x3F, 0x00, 0x3F, 0x00, 0x3F, 0x00, 0x3F, 0x00, 0x3F, 0x00, 0x3F, 0x00, 0x3F, 0x00, 0x3F, 0x00, 0x3F, 0x00,
        0x3F, 0x00, 0x3F, 0x00, 0x3F, 0x00, 0x3F, 0x00, 0x3F, 0x00, 0x3F, 0x00, 0x3F, 0x00, 0x3F, 0x00, 0x3F, 0x00, 0x3F, 0x00, 0x3F, 0x00, 0x3F, 0x00,
        0x3F, 0x00, 0x3F, 0x00, 0x3F, 0x00, 0x3F, 0x00, 0x3F, 0x00, 0x3F, 0x00, 0x3F, 0x00, 0x3F, 0x00, 0x3F, 0x00, 0x3F, 0x00, 0x3F, 0x00, 0x3F, 0x00,
        0x3F, 0x00, 0x3F, 0x00, 0x3F, 0x00, 0x3F, 0x00, 0x3F, 0x00, 0x3F, 0x00, 0x3F, 0x00, 0x3F, 0x00, 0x3F, 0x00, 0x3F, 0x00, 0x3F, 0x00, 0x3F, 0x00,
        0x3F, 0x00, 0x3F, 0x00, 0x3F, 0x00, 0x3F, 0x00, 0x3F, 0x00, 0x3F, 0x00, 0x3F, 0x00, 0x3F, 0x00, 0x3F, 0x00, 0x3F, 0x00, 0x3F, 0x00, 0x3F, 0x00,
        0x3F, 0x00, 0x3F, 0x00, 0x3F, 0x00, 0x3F, 0x00, 0x3F, 0x00, 0x3F, 0x00, 0x3F, 0x00, 0x3F, 0x00, 0x3F, 0x00, 0x3F, 0x00, 0x3F, 0x00, 0x3F, 0x00,
        0x3F, 0x00, 0x3F, 0x00, 0x3F, 0x00, 0x3F, 0x00, 0x3F, 0x00, 0x3F, 0x00, 0x3F, 0x00, 0x3F, 0x00, 0x3F, 0x00, 0x3F, 0x00, 0x3F, 0x00, 0x3F, 0x00,
        0x3F, 0x00, 0x3F, 0x00, 0x3F, 0x00, 0x3F, 0x00, 0x3F, 0x00, 0x3F, 0x00, 0x3F, 0x00, 0x3F, 0x00, 0x3F, 0x00, 0x3F, 0x00, 0x3F, 0x00, 0x3F, 0x00,
        0x3F, 0x00, 0x3F, 0x00, 0x3F, 0x00, 0x3F, 0x00, 0x3F, 0x00, 0x3F, 0x00, 0x3F, 0x00, 0x3F, 0x00, 0x3F, 0x00, 0x3F, 0x00, 0x3F, 0x00, 0x3F, 0x00,
        0x3F, 0x00, 0x3F, 0x00, 0x3F, 0x00, 0x3F, 0x00, 0x3F, 0x00, 0x3F, 0x00, 0x3F, 0x00, 0x3F, 0x00, 0x3F, 0x00, 0x3F, 0x00, 0x3F, 0x00, 0x3F, 0x00,
        0x3F, 0x00, 0x3F, 0x00, 0x3F, 0x00, 0x3F, 0x00, 0x3F, 0x00, 0x3F, 0x00, 0x3F, 0x00, 0x3F, 0x00, 0x3F, 0x00, 0x3F, 0x00, 0x3F, 0x00, 0x3F, 0x00,
    },
    // disapprove: 1F44E.svg, source sha256 39a9210d6ef4
    {
        0x3F, 0x00, 0x3F, 0x00, 0x3F, 0x00, 0x3F, 0x00, 0x3F, 0x00, 0x3F, 0x00, 0x3F, 0x00, 0x3F, 0x00, 0x3F, 0x00, 0x3F, 0x00, 0x3F, 0x00, 0x3F, 0x00,
        0x3F, 0x00, 0x3F, 0x00, 0x3F, 0x00, 0x3F, 0x00, 0x3F, 0x00, 0x3F, 0x00, 0x3F, 0x00, 0x3F, 0x00, 0x3F, 0x00, 0x3F, 0x00, 0x3F, 0x00, 0x3F, 0x00,
        0x3F, 0x00, 0x3F, 0x00, 0x3F, 0x00, 0x3F, 0x00, 0x3F, 0x00, 0x3F, 0x00, 0x3F, 0x00, 0x3F, 0x00, 0x3F, 0x00, 0x3F, 0x00, 0x3F, 0x00, 0x3F, 0x00,
        0x3F, 0x00, 0x3F, 0x00, 0x3F, 0x00, 0x3F, 0x00, 0x3F, 0x00, 0x3F, 0x00, 0x3F, 0x00, 0x3F, 0x00, 0x3F, 0x00, 0x3F, 0x00, 0x3F, 0x00, 0x3F, 0x00,
        0x3F, 0x00, 0x3F, 0x00, 0x3F, 0x00, 0x3F, 0x00, 0x3F, 0x00, 0x3F, 0x00, 0x3F, 0x00, 0x3F, 0x00, 0x3F, 0x00, 0x3F, 0x00, 0x3F, 0x00, 0x3F, 0x00,
        0x3F, 0x00, 0x3F, 0x00, 0x3F, 0x00, 0x3F, 0x00, 0x3F, 0x00, 0x3F, 0x00, 0x3F, 0x00, 0x3F, 0x00, 0x3F, 0x00, 0x3F, 0x00, 0x3F, 0x00, 0x3F, 0x00,
        0x3F, 0x00, 0x3F, 0x00, 0x3F, 0x00, 0x3F, 0x00, 0x3F, 0x00, 0x3F, 0x00, 0x3F, 0x00, 0x3F, 0x00, 0x3F, 0x00, 0x3F, 0x00, 0x3F, 0x00, 0x3F, 0x00,
        0x3F, 0x00, 0x3F, 0x00, 0x3F, 0x00, 0x3F, 0x00, 0x3F, 0x00, 0x3F, 0x00, 0x3F, 0x00, 0x3F, 0x00, 0x3F, 0x00, 0x3F, 0x00, 0x3F, 0x00, 0x3F, 0x00,
        0x3F, 0x00, 0x3F, 0x00, 0x3F, 0x00, 0x3F, 0x00, 0x3F, 0x00, 0x3F, 0x00, 0x3F, 0x00, 0x3F, 0x00, 0x3F, 0x00, 0x3F, 0x00, 0x3F, 0x00, 0x3F, 0x00,
        0x3F, 0x00, 0x3F, 0x00, 0x3F, 0x00, 0x3F, 0x00, 0x3F, 0x00, 0x3F, 0x00, 0x3F, 0x00, 0x3F, 0x00, 0x3F, 0x00, 0x3F, 0x00, 0x3F, 0x00, 0x3F, 0x00,
        0x3F, 0x00, 0x3F, 0x00, 0x3F, 0x00, 0x3F, 0x00, 0x3F, 0x00, 0x3F, 0x00, 0x3F, 0x00, 0x3F, 0x00, 0x3F, 0x00, 0x3F, 0x00, 0x3F, 0x00, 0x3F, 0x00,
        0x3F, 0x00, 0x3F, 0x00, 0x3F, 0x00, 0x3F, 0x00, 0x3F, 0x00, 0x3F, 0x00, 0x3F, 0x00, 0x3F, 0x00, 0x3F, 0x00, 0x3F, 0x00, 0x3F, 0x00, 0x3F, 0x00,
        0x3F, 0x00, 0x3F, 0x00, 0x3F, 0x00, 0x3F, 0x00, 0x3F, 0x00, 0x3F, 0x00, 0x3F, 0x00, 0x3F, 0x00, 0x3F, 0x00, 0x3F, 0x00, 0x3F, 0x00, 0x3F, 0x00,
        0x3F, 0x00, 0x3F, 0x00, 0x3F, 0x00, 0x3F, 0x00, 0x3F, 0x00, 0x3F, 0x00, 0x3F, 0x00, 0x3F, 0x00, 0x3F, 0x00, 0x3F, 0x00, 0x3F, 0x00, 0x3F, 0x00,
        0x3F, 0x00, 0x3F, 0x00, 0x3F, 0x00, 0x3F, 0x00, 0x3F, 0x00, 0x3F, 0x00, 0x3F, 0x00, 0x3F, 0x00, 0x3F, 0x00, 0x3F, 0x00, 0x3F, 0x00, 0x3F, 0x00,
        0x3F, 0x00, 0x3F, 0x00, 0x3F, 0x00, 0x3F, 0x00, 0x3F, 0x00, 0x3F, 0x00, 0x3F, 0x00, 0x3F, 0x00, 0x3F, 0x00, 0x3F, 0x00, 0x3F, 0x00, 0x3F, 0x00,
        0x3F, 0x00, 0x3F, 0x00, 0x3F, 0x00, 0x3F, 0x00, 0x3F, 0x00, 0x3F, 0x00, 0x3F, 0x00, 0x3F, 0x00, 0x3F, 0x00, 0x3F, 0x00, 0x3F, 0x00, 0x3F, 0x00,
        0x3F, 0x00, 0x3F, 0x00, 0x3F, 0x00, 0x3F, 0x00, 0x3F, 0x00, 0x3F, 0x00, 0x3F, 0x00, 0x3F, 0x00, 0x3F, 0x00, 0x3F, 0x00, 0x3F, 0x00, 0x3F, 0x00,
        0x3F, 0x00, 0x3F, 0x00, 0x3F, 0x00, 0x3F, 0x00, 0x3F, 0x00, 0x3F, 0x00, 0x3F, 0x00, 0x3F, 0x00, 0x3F, 0x00, 0x3F, 0x00, 0x3F, 0x00, 0x3F, 0x00,
        0x3F, 0x00, 0x3F, 0x00, 0x3F, 0x00, 0x3F, 0x00, 0x3F, 0x00, 0x3F, 0x00, 0x3F, 0x00, 0x3F, 0x00, 0x3F, 0x00, 0x3F, 0x00, 0x3F, 0x00, 0x3F, 0x00,
        0x3F, 0x00, 0x3F, 0x00, 0x3F, 0x00, 0x3F, 0x00, 0x3F, 0x00, 0x3F, 0x00, 0x3F, 0x00, 0x3F, 0x00, 0x3F, 0x00, 0x3F, 0x00, 0x3F, 0x00, 0x3F, 0x00,
        0x3F, 0x00, 0x3F, 0x00, 0x3F, 0x01, 0x3F, 0x03, 0x3F, 0x04, 0x3F, 0x04, 0x3F, 0x04, 0x3F, 0x04, 0x3F, 0x04, 0x3F, 0x04, 0x3F, 0x04, 0x3F, 0x04,
        0x1E, 0x04, 0x00, 0x04, 0x2A, 0x04, 0x3F, 0x03, 0x3F, 0x03, 0x3F, 0x03, 0x3F, 0x03, 0x3F, 0x03, 0x3F, 0x03, 0x3F, 0x03, 0x3F, 0x03, 0x3F, 0x00,
        0x3F, 0x00, 0x3F, 0x00, 0x3F, 0x00, 0x3F, 0x00, 0x3F, 0x00, 0x3F, 0x00, 0x3F, 0x00, 0x3F, 0x00, 0x3F, 0x00, 0x3F, 0x00, 0x3F, 0x00, 0x3F, 0x00,
        0x3F, 0x00, 0x3F, 0x00, 0x3F, 0x00, 0x3F, 0x00, 0x3F, 0x00, 0x3F, 0x00, 0x3F, 0x00, 0x3F, 0x00, 0x3F, 0x00, 0x3F, 0x00, 0x3F, 0x00, 0x3F, 0x00,
        0x3F, 0x02, 0x3F, 0x03, 0x3F, 0x00, 0x3F, 0x00, 0x3D, 0x00, 0x3D, 0x00, 0x3D, 0x00, 0x3D, 0x00, 0x3D, 0x00, 0x3D, 0x00, 0x3D, 0x00, 0x3D, 0x00,
        0x3F, 0x00, 0x3F, 0x00, 0x3F, 0x00, 0x39, 0x00, 0x38, 0x00, 0x37, 0x00, 0x37, 0x00, 0x36, 0x00, 0x36, 0x00, 0x37, 0x00, 0x3D, 0x00, 0x3F, 0x00,
        0x3F, 0x00, 0x3F, 0x00, 0x3F, 0x00, 0x3F, 0x00, 0x3F, 0x00, 0x3F, 0x00, 0x3F, 0x00, 0x3F, 0x00, 0x3F, 0x00, 0x3F, 0x00, 0x3F, 0x00, 0x3F, 0x00,
        0x3F, 0x00, 0x3F, 0x00, 0x3F, 0x00, 0x3F, 0x00, 0x3F, 0x00, 0x3F, 0x00, 0x3F, 0x00, 0x3F, 0x00, 0x3F, 0x00, 0x3F, 0x00, 0x3F, 0x00, 0x3F, 0x03,
        0x3F, 0x00, 0x3B, 0x00, 0x2D, 0x18, 0x39, 0x47, 0x3F, 0x6F, 0x3F, 0x7E, 0x3B, 0x7E, 0x3B, 0x7D, 0x3B, 0x7D, 0x3A, 0x7D, 0x3F, 0x7E, 0x32, 0x79,
        0x1F, 0x71, 0x01, 0x75, 0x26, 0x7A, 0x3F, 0x9B, 0x3F, 0xAF, 0x3F, 0xAE, 0x3F, 0xAF, 0x3F, 0xB0, 0x3F, 0xB1, 0x3F, 0xA9, 0x3F, 0x5E, 0x3F, 0x00,
        0x3F, 0x01, 0x3F, 0x01, 0x3F, 0x00, 0x3F, 0x00, 0x3F, 0x00, 0x3F, 0x00, 0x3F, 0x00, 0x3F, 0x00, 0x3F, 0x00, 0x3F, 0x00, 0x3F, 0x00, 0x3F, 0x00,
        0x3F, 0x00, 0x3F, 0x00, 0x3F, 0x00, 0x3F, 0x00, 0x3F, 0x00, 0x3F, 0x00, 0x3F, 0x00, 0x3F, 0x00, 0x3F, 0x00, 0x3F, 0x01, 0x3F, 0x01, 0x3F, 0x00,
        0x32, 0x36, 0x3F, 0xA8, 0x3F, 0xEE, 0x3F, 0xFF, 0x32, 0xFF, 0x30, 0xFF, 0x2E, 0xFF, 0x2E, 0xFF, 0x2E, 0xFF, 0x2E, 0xFF, 0x2E, 0xFF, 0x2D, 0xFF,
        0x0A, 0xFF, 0x22, 0xFF, 0x33, 0xFF, 0x2B, 0xFF, 0x27, 0xFF, 0x27, 0xFF, 0x27, 0xFF, 0x27, 0xFF, 0x27, 0xFF, 0x28, 0xFF, 0x36, 0xFF, 0x3F, 0x89,
        0x3D, 0x00, 0x3F, 0x02, 0x3F, 0x00, 0x3F, 0x00, 0x3F, 0x00, 0x3F, 0x00, 0x3F, 0x00, 0x3F, 0x00, 0x3F, 0x00, 0x3F, 0x00, 0x3F, 0x00, 0x3F, 0x00,
        0x3F, 0x00, 0x3F, 0x00, 0x3F, 0x00, 0x3F, 0x00, 0x3F, 0x00, 0x3F, 0x00, 0x3F, 0x00, 0x3F, 0x00, 0x3F, 0x01, 0x3F, 0x02, 0x3E, 0x00, 0x3D, 0x85,
        0x3F, 0xFC, 0x2E, 0xFF, 0x25, 0xFF, 0x20, 0xFD, 0x1D, 0xFB, 0x1C, 0xFB, 0x16, 0xFB, 0x11, 0xFB, 0x14, 0xFB, 0x12, 0xFB, 0x16, 0xFB, 0x0A, 0xFB,
        0x1C, 0xFB, 0x36, 0xFB, 0x26, 0xFB, 0x01, 0xFB, 0x05, 0xFC, 0x04, 0xFC, 0x04, 0xFC, 0x04, 0xFC, 0x06, 0xFC, 0x01, 0xFB, 0x23, 0xFC, 0x3F, 0xFB,
        0x31, 0x1F, 0x3F, 0x00, 0x3F, 0x02, 0x3F, 0x00, 0x3F, 0x00, 0x3F, 0x00, 0x3F, 0x00, 0x3F, 0x00, 0x3F, 0x00, 0x3F, 0x00, 0x3F, 0x00, 0x3F, 0x00,
        0x3F, 0x00, 0x3F, 0x00, 0x3F, 0x00, 0x3F, 0x00, 0x3F, 0x00, 0x3F, 0x00, 0x3F, 0x00, 0x3F, 0x00, 0x3F, 0x03, 0x3D, 0x00, 0x39, 0xA0, 0x3F, 0xFF,
        0x25, 0xFA, 0x10, 0xF8, 0x02, 0xFE, 0x08, 0xFF, 0x0B, 0xFF, 0x0D, 0xFF, 0x0D, 0xFF, 0x0F, 0xFF, 0x0F, 0xFF, 0x0F, 0xFF, 0x11, 0xFF, 0x0A, 0xFF,
        0x1F, 0xFF, 0x3F, 0xFF, 0x21, 0xFF, 0x01, 0xFF, 0x16, 0xFF, 0x0D, 0xFF, 0x0D, 0xFF, 0x0D, 0xFF, 0x14, 0xFF, 0x02, 0xFF, 0x1F, 0xFE, 0x3F, 0xFF,
        0x34, 0x31, 0x3F, 0x00, 0x3F, 0x05, 0x3F, 0x00, 0x3F, 0x00, 0x3F, 0x00, 0x3F, 0x00, 0x3F, 0x00, 0x3F, 0x00, 0x3F, 0x00, 0x3F, 0x00, 0x3F, 0x00,
        0x3F, 0x00, 0x3F, 0x00, 0x3F, 0x00, 0x3F, 0x00, 0x3F, 0x00, 0x3F, 0x00, 0x3F, 0x00, 0x3F, 0x03, 0x3F, 0x00, 0x34, 0x7E, 0x3F, 0xFF, 0x23, 0xF9,
        0x01, 0xFF, 0x0F, 0xFF, 0x1A, 0xFF, 0x16, 0xFF, 0x14, 0xFF, 0x14, 0xFF, 0x14, 0xFF, 0x14, 0xFF, 0x14, 0xFF, 0x11, 0xFF, 0x16, 0xFF, 0x0D, 0xFF,
        0x02, 0xFF, 0x2D, 0xFF, 0x2D, 0xFF, 0x1F, 0xFF, 0x1E, 0xFF, 0x1E, 0xFF, 0x1E, 0xFF, 0x1E, 0xFF, 0x1E, 0xFF, 0x1E, 0xFD, 0x27, 0xFF, 0x39, 0xE4,
        0x2D, 0x1F, 0x00, 0x01, 0x3F, 0x00, 0x3F, 0x01, 0x3F, 0x00, 0x3F, 0x00, 0x3F, 0x00, 0x3F, 0x00, 0x3F, 0x00, 0x3F, 0x00, 0x3F, 0x00, 0x3F, 0x00,
        0x3F, 0x00, 0x3F, 0x00, 0x3F, 0x00, 0x3F, 0x00, 0x3F, 0x00, 0x3F, 0x00, 0x3F, 0x02, 0x3F, 0x01, 0x31, 0x29, 0x3F, 0xFB, 0x26, 0xFC, 0x01, 0xFE,
        0x1B, 0xFF, 0x14, 0xFF, 0x11, 0xFF, 0x11, 0xFF, 0x11, 0xFF, 0x11, 0xFF, 0x11, 0xFF, 0x11, 0xFF, 0x11, 0xFF, 0x14, 0xFF, 0x0C, 0xFF, 0x1C, 0xFF,
        0x26, 0xFF, 0x34, 0xFF, 0x3F, 0xFF, 0x3F, 0xFF, 0x3F, 0xFF, 0x3F, 0xFF, 0x3F, 0xFF, 0x3F, 0xFF, 0x3F, 0xFF, 0x3F, 0xFF, 0x3F, 0xFF, 0x3F, 0xF7,
        0x3F, 0xEB, 0x3F, 0xCF, 0x3F, 0x42, 0x3F, 0x00, 0x3F, 0x02, 0x3F, 0x00, 0x3F, 0x00, 0x3F, 0x00, 0x3F, 0x00, 0x3F, 0x00, 0x3F, 0x00, 0x3F, 0x00,
        0x3F, 0x00, 0x3F, 0x00, 0x3F, 0x00, 0x3F, 0x00, 0x3F, 0x00, 0x3F, 0x00, 0x3F, 0x03, 0x3D, 0x00, 0x3F, 0x9C, 0x2F, 0xFF, 0x1B, 0xFB, 0x0C, 0xFF,
        0x14, 0xFF, 0x11, 0xFF, 0x11, 0xFF, 0x11, 0xFF, 0x11, 0xFF, 0x11, 0xFF, 0x11, 0xFF, 0x11, 0xFF, 0x11, 0xFF, 0x16, 0xFF, 0x06, 0xFF, 0x28, 0xFF,
        0x37, 0xFF, 0x24, 0xFF, 0x22, 0xFF, 0x22, 0xFF, 0x23, 0xFF, 0x23, 0xFF, 0x23, 0xFF, 0x23, 0xFF, 0x23, 0xFF, 0x23, 0xFF, 0x22, 0xFF, 0x22, 0xFF,
        0x22, 0xFF, 0x28, 0xFF, 0x3F, 0xF5, 0x32, 0x21, 0x3F, 0x00, 0x3F, 0x02, 0x3F, 0x00, 0x3F, 0x00, 0x3F, 0x00, 0x3F, 0x00, 0x3F, 0x00, 0x3F, 0x00,
        0x3F, 0x00, 0x3F, 0x00, 0x3F, 0x00, 0x3F, 0x00, 0x3F, 0x00, 0x3F, 0x01, 0x3F, 0x00, 0x29, 0x0F, 0x3F, 0xEB, 0x25, 0xFF, 0x02, 0xFE, 0x1B, 0xFF,
        0x11, 0xFF, 0x11, 0xFF, 0x11, 0xFF, 0x11, 0xFF, 0x11, 0xFF, 0x11, 0xFF, 0x11, 0xFF, 0x11, 0xFF, 0x16, 0xFF, 0x08, 0xFF, 0x1F, 0xFF, 0x3F, 0xFF,
        0x21, 0xFF, 0x01, 0xFF, 0x0A, 0xFF, 0x06, 0xFF, 0x06, 0xFF, 0x06, 0xFF, 0x06, 0xFF, 0x06, 0xFF, 0x06, 0xFF, 0x06, 0xFF, 0x08, 0xFF, 0x08, 0xFF,
        0x03, 0xFE, 0x0D, 0xF9, 0x2F, 0xFF, 0x3F, 0x72, 0x3B, 0x00, 0x3F, 0x04, 0x3F, 0x00, 0x3F, 0x00, 0x3F, 0x00, 0x3F, 0x00, 0x3F, 0x00, 0x3F, 0x00,
        0x3F, 0x00, 0x3F, 0x00, 0x3F, 0x00, 0x3F, 0x00, 0x3F, 0x00, 0x3F, 0x03, 0x3F, 0x00, 0x35, 0x40, 0x3F, 0xFF, 0x21, 0xFD, 0x06, 0xFF, 0x16, 0xFF,
        0x11, 0xFF, 0x11, 0xFF, 0x11, 0xFF, 0x11, 0xFF, 0x11, 0xFF, 0x11, 0xFF, 0x11, 0xFF, 0x11, 0xFF, 0x16, 0xFF, 0x0A, 0xFF, 0x1F, 0xFF, 0x3F, 0xFF,
        0x22, 0xFF, 0x01, 0xFF, 0x06, 0xFF, 0x04, 0xFF, 0x05, 0xFF, 0x05, 0xFF, 0x05, 0xFF, 0x05, 0xFF, 0x05, 0xFF, 0x04, 0xFF, 0x03, 0xFF, 0x05, 0xFF,
        0x02, 0xFF, 0x15, 0xFB, 0x2F, 0xFF, 0x3F, 0x6F, 0x18, 0x01, 0x3F, 0x04, 0x3F, 0x00, 0x3F, 0x00, 0x3F, 0x00, 0x3F, 0x00, 0x3F, 0x00, 0x3F, 0x00,
        0x3F, 0x00, 0x3F, 0x00, 0x3F, 0x00, 0x3F, 0x00, 0x3F, 0x00, 0x3F, 0x04, 0x3D, 0x00, 0x3F, 0x6F, 0x32, 0xFF, 0x1D, 0xFB, 0x0B, 0xFF, 0x14, 0xFF,
        0x11, 0xFF, 0x11, 0xFF, 0x11, 0xFF, 0x11, 0xFF, 0x11, 0xFF, 0x11, 0xFF, 0x11, 0xFF, 0x11, 0xFF, 0x11, 0xFF, 0x16, 0xFF, 0x01, 0xFF, 0x29, 0xFF,
        0x33, 0xFF, 0x25, 0xFF, 0x24, 0xFF, 0x24, 0xFF, 0x24, 0xFF, 0x24, 0xFF, 0x24, 0xFF, 0x24, 0xFF, 0x24, 0xFF, 0x24, 0xFF, 0x24, 0xFF, 0x24, 0xFF,
        0x24, 0xFE, 0x2A, 0xFE, 0x3F, 0xF6, 0x31, 0x22, 0x3F, 0x00, 0x3F, 0x02, 0x3F, 0x00, 0x3F, 0x00, 0x3F, 0x00, 0x3F, 0x00, 0x3F, 0x00, 0x3F, 0x00,
        0x3F, 0x00, 0x3F, 0x00, 0x3F, 0x00, 0x3F, 0x00, 0x3F, 0x00, 0x3F, 0x04, 0x3B, 0x00, 0x3F, 0x80, 0x2E, 0xFF, 0x1A, 0xFB, 0x0D, 0xFF, 0x14, 0xFF,
        0x11, 0xFF, 0x11, 0xFF, 0x11, 0xFF, 0x11, 0xFF, 0x11, 0xFF, 0x11, 0xFF, 0x11, 0xFF, 0x11, 0xFF, 0x14, 0xFF, 0x06, 0xFF, 0x25, 0xFF, 0x33, 0xFF,
        0x32, 0xFF, 0x3C, 0xFF, 0x3F, 0xFF, 0x3F, 0xFF, 0x3F, 0xFF, 0x3F, 0xFF, 0x3F, 0xFF, 0x3F, 0xFF, 0x3F, 0xFF, 0x3F, 0xFF, 0x3F, 0xFF, 0x3D, 0xFF,
        0x3F, 0xFF, 0x33, 0xFD, 0x3C, 0xFB, 0x3F, 0xBE, 0x3F, 0x14, 0x3F, 0x01, 0x3F, 0x01, 0x3F, 0x00, 0x3F, 0x00, 0x3F, 0x00, 0x3F, 0x00, 0x3F, 0x00,
        0x3F, 0x00, 0x3F, 0x00, 0x3F, 0x00, 0x3F, 0x00, 0x3F, 0x00, 0x3F, 0x04, 0x3B, 0x00, 0x3F, 0x80, 0x2E, 0xFF, 0x15, 0xFB, 0x0F, 0xFF, 0x14, 0xFF,
        0x11, 0xFF, 0x11, 0xFF, 0x11, 0xFF, 0x11, 0xFF, 0x11, 0xFF, 0x11, 0xFF, 0x11, 0xFF, 0x16, 0xFF, 0x08, 0xFF, 0x20, 0xFF, 0x3F, 0xFF, 0x25, 0xFF,
        0x1C, 0xFF, 0x1D, 0xFF, 0x1D, 0xFF, 0x1D, 0xFF, 0x1D, 0xFF, 0x1D, 0xFF, 0x1D, 0xFF, 0x1D, 0xFF, 0x1D, 0xFF, 0x1D, 0xFF, 0x1D, 0xFF, 0x1D, 0xFF,
        0x1D, 0xFF, 0x1C, 0xFF, 0x20, 0xFC, 0x2F, 0xFF, 0x3D, 0x91, 0x3B, 0x00, 0x3F, 0x04, 0x3F, 0x00, 0x3F, 0x00, 0x3F, 0x00, 0x3F, 0x00, 0x3F, 0x00,
        0x3F, 0x00, 0x3F, 0x00, 0x3F, 0x00, 0x3F, 0x00, 0x3F, 0x00, 0x3F, 0x04, 0x3D, 0x00, 0x3F, 0x7C, 0x30, 0xFF, 0x1B, 0xFB, 0x0D, 0xFF, 0x14, 0xFF,
        0x11, 0xFF, 0x11, 0xFF, 0x11, 0xFF, 0x11, 0xFF, 0x11, 0xFF, 0x11, 0xFF, 0x11, 0xFF, 0x1A, 0xFF, 0x01, 0xFF, 0x26, 0xFF, 0x30, 0xFF, 0x02, 0xFF,
        0x0B, 0xFF, 0x11, 0xFF, 0x0E, 0xFF, 0x0F, 0xFF, 0x0F, 0xFF, 0x0F, 0xFF, 0x0F, 0xFF, 0x0F, 0xFF, 0x0F, 0xFF, 0x0F, 0xFF, 0x0F, 0xFF, 0x0F, 0xFF,
        0x0D, 0xFF, 0x1A, 0xFF, 0x01, 0xFC, 0x25, 0xFC, 0x3F, 0xCC, 0x36, 0x00, 0x3F, 0x01, 0x3F, 0x00, 0x3F, 0x00, 0x3F, 0x00, 0x3F, 0x00, 0x3F, 0x00,
        0x3F, 0x00, 0x3F, 0x00, 0x3F, 0x00, 0x3F, 0x00, 0x3F, 0x00, 0x3F, 0x04, 0x3D, 0x00, 0x3F, 0x5A, 0x34, 0xFF, 0x1F, 0xFC, 0x0A, 0xFF, 0x15, 0xFF,
        0x11, 0xFF, 0x11, 0xFF, 0x11, 0xFF, 0x11, 0xFF, 0x11, 0xFF, 0x11, 0xFF, 0x11, 0xFF, 0x19, 0xFF, 0x03, 0xFF, 0x22, 0xFF, 0x3F, 0xFF, 0x21, 0xFF,
        0x01, 0xFF, 0x08, 0xFF, 0x06, 0xFF, 0x05, 0xFF, 0x05, 0xFF, 0x05, 0xFF, 0x05, 0xFF, 0x05, 0xFF, 0x05, 0xFF, 0x05, 0xFF, 0x05, 0xFF, 0x05, 0xFF,
        0x05, 0xFF, 0x03, 0xFF, 0x0C, 0xFB, 0x2B, 0xFF, 0x3F, 0xAF, 0x3B, 0x00, 0x3F, 0x03, 0x3F, 0x00, 0x3F, 0x00, 0x3F, 0x00, 0x3F, 0x00, 0x3F, 0x00,
        0x3F, 0x00, 0x3F, 0x00, 0x3F, 0x00, 0x3F, 0x00, 0x3F, 0x00, 0x3F, 0x02, 0x3F, 0x00, 0x31, 0x28, 0x3F, 0xFC, 0x22, 0xFE, 0x03, 0xFF, 0x19, 0xFF,
        0x11, 0xFF, 0x11, 0xFF, 0x11, 0xFF, 0x11, 0xFF, 0x11, 0xFF, 0x11, 0xFF, 0x11, 0xFF, 0x11, 0xFF, 0x12, 0xFF, 0x0C, 0xFF, 0x29, 0xFF, 0x3F, 0xFF,
        0x2B, 0xFF, 0x28, 0xFF, 0x28, 0xFF, 0x29, 0xFF, 0x29, 0xFF, 0x29, 0xFF, 0x29, 0xFF, 0x29, 0xFF, 0x29, 0xFF, 0x29, 0xFF, 0x29, 0xFF, 0x29, 0xFF,
        0x29, 0xFF, 0x27, 0xFE, 0x2D, 0xFE, 0x3F, 0xF1, 0x36, 0x34, 0x3F, 0x00, 0x3F, 0x02, 0x3F, 0x00, 0x3F, 0x00, 0x3F, 0x00, 0x3F, 0x00, 0x3F, 0x00,
        0x3F, 0x00, 0x3F, 0x00, 0x3F, 0x00, 0x3F, 0x00, 0x3F, 0x00, 0x3F, 0x00, 0x3F, 0x01, 0x00, 0x03, 0x3F, 0xD2, 0x27, 0xFE, 0x04, 0xFD, 0x19, 0xFF,
        0x11, 0xFF, 0x11, 0xFF, 0x11, 0xFF, 0x11, 0xFF, 0x11, 0xFF, 0x11, 0xFF, 0x11, 0xFF, 0x11, 0xFF, 0x14, 0xFF, 0x0D, 0xFF, 0x15, 0xFF, 0x24, 0xFF,
        0x29, 0xFF, 0x3F, 0xFF, 0x3F, 0xFF, 0x30, 0xFF, 0x30, 0xFF, 0x30, 0xFF, 0x30, 0xFF, 0x30, 0xFF, 0x30, 0xFF, 0x30, 0xFF, 0x30, 0xFF, 0x30, 0xFF,
        0x2F, 0xFE, 0x3F, 0xFE, 0x3F, 0xF5, 0x35, 0x37, 0x3F, 0x00, 0x3F, 0x02, 0x3F, 0x00, 0x3F, 0x00, 0x3F, 0x00, 0x3F, 0x00, 0x3F, 0x00, 0x3F, 0x00,
        0x3F, 0x00, 0x3F, 0x00, 0x3F, 0x00, 0x3F, 0x00, 0x3F, 0x00, 0x3F, 0x00, 0x3F, 0x04, 0x3D, 0x00, 0x3B, 0x74, 0x33, 0xFF, 0x1E, 0xFB, 0x0B, 0xFF,
        0x16, 0xFF, 0x11, 0xFF, 0x11, 0xFF, 0x11, 0xFF, 0x11, 0xFF, 0x11, 0xFF, 0x11, 0xFF, 0x11, 0xFF, 0x11, 0xFF, 0x14, 0xFF, 0x19, 0xFF, 0x01, 0xFF,
        0x23, 0xFF, 0x32, 0xFF, 0x21, 0xFF, 0x0B, 0xFF, 0x16, 0xFF, 0x11, 0xFF, 0x11, 0xFF, 0x11, 0xFF, 0x11, 0xFF, 0x11, 0xFF, 0x11, 0xFF, 0x16, 0xFF,
        0x0A, 0xFF, 0x20, 0xFC, 0x31, 0xFE, 0x3B, 0x62, 0x25, 0x02, 0x3F, 0x04, 0x3F, 0x00, 0x3F, 0x00, 0x3F, 0x00, 0x3F, 0x00, 0x3F, 0x00, 0x3F, 0x00,
        0x3F, 0x00, 0x3F, 0x00, 0x3F, 0x00, 0x3F, 0x00, 0x3F, 0x00, 0x3F, 0x00, 0x3F, 0x01, 0x3F, 0x01, 0x2D, 0x0F, 0x3F, 0xE5, 0x26, 0xFD, 0x02, 0xFD,
        0x1B, 0xFF, 0x11, 0xFF, 0x11, 0xFF, 0x11, 0xFF, 0x11, 0xFF, 0x11, 0xFF, 0x11, 0xFF, 0x14, 0xFF, 0x15, 0xFF, 0x14, 0xFF, 0x1B, 0xFF, 0x07, 0xFF,
        0x2C, 0xFF, 0x2A, 0xFF, 0x01, 0xFF, 0x1A, 0xFF, 0x11, 0xFF, 0x11, 0xFF, 0x11, 0xFF, 0x11, 0xFF, 0x11, 0xFF, 0x11, 0xFF, 0x11, 0xFF, 0x11, 0xFF,
        0x1A, 0xFF, 0x01, 0xFB, 0x29, 0xFD, 0x3F, 0xA2, 0x38, 0x00, 0x3F, 0x04, 0x3F, 0x00, 0x3F, 0x00, 0x3F, 0x00, 0x3F, 0x00, 0x3F, 0x00, 0x3F, 0x00,
        0x3F, 0x00, 0x3F, 0x00, 0x3F, 0x00, 0x3F, 0x00, 0x3F, 0x00, 0x3F, 0x00, 0x3F, 0x00, 0x3F, 0x03, 0x3F, 0x00, 0x34, 0x5D, 0x3D, 0xFF, 0x21, 0xFA,
        0x03, 0xFF, 0x1A, 0xFF, 0x11, 0xFF, 0x11, 0xFF, 0x11, 0xFF, 0x11, 0xFF, 0x13, 0xFF, 0x0A, 0xFF, 0x0A, 0xFF, 0x09, 0xFC, 0x0A, 0xFB, 0x01, 0xFB,
        0x25, 0xFB, 0x3D, 0xFB, 0x20, 0xFB, 0x05, 0xFB, 0x09, 0xFB, 0x09, 0xFB, 0x09, 0xFB, 0x09, 0xFB, 0x09, 0xFB, 0x09, 0xFB, 0x09, 0xFB, 0x09, 0xFB,
        0x04, 0xFB, 0x1F, 0xF8, 0x30, 0xFF, 0x3B, 0x73, 0x3D, 0x00, 0x3F, 0x04, 0x3F, 0x00, 0x3F, 0x00, 0x3F, 0x00, 0x3F, 0x00, 0x3F, 0x00, 0x3F, 0x00,
        0x3F, 0x00, 0x3F, 0x00, 0x3F, 0x00, 0x3F, 0x00, 0x3F, 0x00, 0x3F, 0x00, 0x3F, 0x00, 0x3F, 0x00, 0x3F, 0x03, 0x3D, 0x00, 0x3D, 0xA8, 0x31, 0xFF,
        0x1F, 0xFB, 0x08, 0xFF, 0x19, 0xFF, 0x11, 0xFF, 0x11, 0xFF, 0x19, 0xFF, 0x06, 0xFF, 0x22, 0xFF, 0x2C, 0xFF, 0x2B, 0xFF, 0x2C, 0xFF, 0x24, 0xFF,
        0x01, 0xFF, 0x29, 0xFF, 0x32, 0xFF, 0x2C, 0xFF, 0x2C, 0xFF, 0x2C, 0xFF, 0x2C, 0xFF, 0x2C, 0xFF, 0x2C, 0xFF, 0x2C, 0xFF, 0x2C, 0xFF, 0x2C, 0xFF,
        0x2C, 0xFF, 0x32, 0xFF, 0x3F, 0xC9, 0x32, 0x0F, 0x3F, 0x01, 0x3F, 0x01, 0x3F, 0x00, 0x3F, 0x00, 0x3F, 0x00, 0x3F, 0x00, 0x3F, 0x00, 0x3F, 0x00,
        0x3F, 0x00, 0x3F, 0x00, 0x3F, 0x00, 0x3F, 0x00, 0x3F, 0x00, 0x3F, 0x00, 0x3F, 0x00, 0x3F, 0x00, 0x3F, 0x01, 0x3F, 0x02, 0x2B, 0x0D, 0x3F, 0xD2,
        0x2D, 0xFF, 0x10, 0xFC, 0x12, 0xFF, 0x14, 0xFF, 0x11, 0xFF, 0x19, 0xFF, 0x03, 0xFF, 0x22, 0xFE, 0x3F, 0xFF, 0x3F, 0xAC, 0x3F, 0x91, 0x27, 0x8C,
        0x01, 0x87, 0x1C, 0x88, 0x29, 0x88, 0x3F, 0x8A, 0x3F, 0x8C, 0x3F, 0x8C, 0x3F, 0x8C, 0x3F, 0x8C, 0x3F, 0x8C, 0x3F, 0x8C, 0x3F, 0x8C, 0x3F, 0x8B,
        0x3F, 0x8C, 0x3F, 0x68, 0x30, 0x0B, 0x3F, 0x00, 0x3F, 0x01, 0x3F, 0x00, 0x3F, 0x00, 0x3F, 0x00, 0x3F, 0x00, 0x3F, 0x00, 0x3F, 0x00, 0x3F, 0x00,
        0x3F, 0x00, 0x3F, 0x00, 0x3F, 0x00, 0x3F, 0x00, 0x3F, 0x00, 0x3F, 0x00, 0x3F, 0x00, 0x3F, 0x00, 0x3F, 0x00, 0x3F, 0x02, 0x3F, 0x00, 0x2F, 0x25,
        0x3F, 0xEF, 0x27, 0xFE, 0x03, 0xFE, 0x19, 0xFF, 0x11, 0xFF, 0x14, 0xFF, 0x0C, 0xFF, 0x19, 0xFB, 0x2E, 0xFF, 0x34, 0x70, 0x34, 0x00, 0x3F, 0x00,
        0x3F, 0x00, 0x3F, 0x00, 0x3F, 0x00, 0x39, 0x00, 0x3A, 0x00, 0x39, 0x00, 0x39, 0x00, 0x39, 0x00, 0x39, 0x00, 0x39, 0x00, 0x39, 0x00, 0x39, 0x00,
        0x39, 0x00, 0x3D, 0x00, 0x3F, 0x00, 0x3F, 0x01, 0x3F, 0x00, 0x3F, 0x00, 0x3F, 0x00, 0x3F, 0x00, 0x3F, 0x00, 0x3F, 0x00, 0x3F, 0x00, 0x3F, 0x00,
        0x3F, 0x00, 0x3F, 0x00, 0x3F, 0x00, 0x3F, 0x00, 0x3F, 0x00, 0x3F, 0x00, 0x3F, 0x00, 0x3F, 0x00, 0x3F, 0x00, 0x3F, 0x00, 0x3F, 0x04, 0x3F, 0x00,
        0x32, 0x4E, 0x3F, 0xFF, 0x24, 0xFB, 0x02, 0xFE, 0x1B, 0xFF, 0x11, 0xFF, 0x1A, 0xFF, 0x02, 0xFD, 0x26, 0xFF, 0x3F, 0xDF, 0x26, 0x0A, 0x2D, 0x05,
        0x20, 0x05, 0x21, 0x04, 0x3F, 0x04, 0x3F, 0x04, 0x3F, 0x04, 0x3F, 0x04, 0x3F, 0x04, 0x3F, 0x04, 0x3F, 0x04, 0x3F, 0x04, 0x3F, 0x04, 0x3F, 0x04,
        0x3F, 0x04, 0x3F, 0x04, 0x3F, 0x01, 0x3F, 0x00, 0x3F, 0x00, 0x3F, 0x00, 0x3F, 0x00, 0x3F, 0x00, 0x3F, 0x00, 0x3F, 0x00, 0x3F, 0x00, 0x3F, 0x00,
        0x3F, 0x00, 0x3F, 0x00, 0x3F, 0x00, 0x3F, 0x00, 0x3F, 0x00, 0x3F, 0x00, 0x3F, 0x00, 0x3F, 0x00, 0x3F, 0x00, 0x3F, 0x00, 0x3F, 0x00, 0x3F, 0x04,
        0x3D, 0x00, 0x34, 0x7E, 0x36, 0xFF, 0x21, 0xFB, 0x05, 0xFF, 0x1A, 0xFF, 0x16, 0xFF, 0x08, 0xFF, 0x20, 0xFD, 0x37, 0xFF, 0x39, 0x49, 0x3F, 0x01,
        0x3F, 0x03, 0x3F, 0x00, 0x3F, 0x00, 0x3F, 0x00, 0x3F, 0x00, 0x3F, 0x00, 0x3F, 0x00, 0x3F, 0x00, 0x3F, 0x00, 0x3F, 0x00, 0x3F, 0x00, 0x3F, 0x00,
        0x3F, 0x00, 0x3F, 0x00, 0x3F, 0x00, 0x3F, 0x00, 0x3F, 0x00, 0x3F, 0x00, 0x3F, 0x00, 0x3F, 0x00, 0x3F, 0x00, 0x3F, 0x00, 0x3F, 0x00, 0x3F, 0x00,
        0x3F, 0x00, 0x3F, 0x00, 0x3F, 0x00, 0x3F, 0x00, 0x3F, 0x00, 0x3F, 0x00, 0x3F, 0x00, 0x3F, 0x00, 0x3F, 0x00, 0x3F, 0x00, 0x3F, 0x00, 0x3F, 0x01,
        0x3F, 0x04, 0x3B, 0x00, 0x3F, 0xAF, 0x2F, 0xFF, 0x1E, 0xFB, 0x0B, 0xFF, 0x17, 0xFF, 0x14, 0xFF, 0x06, 0xFB, 0x2B, 0xFF, 0x3F, 0xAA, 0x38, 0x00,
        0x3F, 0x03, 0x3F, 0x00, 0x3F, 0x00, 0x3F, 0x00, 0x3F, 0x00, 0x3F, 0x00, 0x3F, 0x00, 0x3F, 0x00, 0x3F, 0x00, 0x3F, 0x00, 0x3F, 0x00, 0x3F, 0x00,
        0x3F, 0x00, 0x3F, 0x00, 0x3F, 0x00, 0x3F, 0x00, 0x3F, 0x00, 0x3F, 0x00, 0x3F, 0x00, 0x3F, 0x00, 0x3F, 0x00, 0x3F, 0x00, 0x3F, 0x00, 0x3F, 0x00,
        0x3F, 0x00, 0x3F, 0x00, 0x3F, 0x00, 0x3F, 0x00, 0x3F, 0x00, 0x3F, 0x00, 0x3F, 0x00, 0x3F, 0x00, 0x3F, 0x00, 0x3F, 0x00, 0x3F, 0x00, 0x3F, 0x00,
        0x3F, 0x01, 0x3F, 0x02, 0x2D, 0x0F, 0x3F, 0xD8, 0x2B, 0xFF, 0x0A, 0xFC, 0x12, 0xFF, 0x1B, 0xFF, 0x03, 0xFE, 0x23, 0xFF, 0x3F, 0xF3, 0x2F, 0x1B,
        0x3F, 0x00, 0x3F, 0x02, 0x3F, 0x00, 0x3F, 0x00, 0x3F, 0x00, 0x3F, 0x00, 0x3F, 0x00, 0x3F, 0x00, 0x3F, 0x00, 0x3F, 0x00, 0x3F, 0x00, 0x3F, 0x00,
        0x3F, 0x00, 0x3F, 0x00, 0x3F, 0x00, 0x3F, 0x00, 0x3F, 0x00, 0x3F, 0x00, 0x3F, 0x00, 0x3F, 0x00, 0x3F, 0x00, 0x3F, 0x00, 0x3F, 0x00, 0x3F, 0x00,
        0x3F, 0x00, 0x3F, 0x00, 0x3F, 0x00, 0x3F, 0x00, 0x3F, 0x00, 0x3F, 0x00, 0x3F, 0x00, 0x3F, 0x00, 0x3F, 0x00, 0x3F, 0x00, 0x3F, 0x00, 0x3F, 0x00,
        0x3F, 0x00, 0x3F, 0x03, 0x3F, 0x00, 0x30, 0x2E, 0x3F, 0xF4, 0x26, 0xFD, 0x02, 0xFE, 0x1B, 0xFF, 0x0C, 0xFF, 0x1D, 0xFB, 0x31, 0xFF, 0x3F, 0x72,
        0x3D, 0x00, 0x3F, 0x04, 0x3F, 0x00, 0x3F, 0x00, 0x3F, 0x00, 0x3F, 0x00, 0x3F, 0x00, 0x3F, 0x00, 0x3F, 0x00, 0x3F, 0x00, 0x3F, 0x00, 0x3F, 0x00,
        0x3F, 0x00, 0x3F, 0x00, 0x3F, 0x00, 0x3F, 0x00, 0x3F, 0x00, 0x3F, 0x00, 0x3F, 0x00, 0x3F, 0x00, 0x3F, 0x00, 0x3F, 0x00, 0x3F, 0x00, 0x3F, 0x00,
        0x3F, 0x00, 0x3F, 0x00, 0x3F, 0x00, 0x3F, 0x00, 0x3F, 0x00, 0x3F, 0x00, 0x3F, 0x00, 0x3F, 0x00, 0x3F, 0x00, 0x3F, 0x00, 0x3F, 0x00, 0x3F, 0x00,
        0x3F, 0x00, 0x3F, 0x00, 0x3F, 0x03, 0x3F, 0x00, 0x33, 0x59, 0x3F, 0xFF, 0x22, 0xFB, 0x02, 0xFF, 0x1B, 0xFF, 0x02, 0xFD, 0x26, 0xFF, 0x3F, 0xD0,
        0x00, 0x03, 0x3F, 0x01, 0x3F, 0x00, 0x3F, 0x00, 0x3F, 0x00, 0x3F, 0x00, 0x3F, 0x00, 0x3F, 0x00, 0x3F, 0x00, 0x3F, 0x00, 0x3F, 0x00, 0x3F, 0x00,
        0x3F, 0x00, 0x3F, 0x00, 0x3F, 0x00, 0x3F, 0x00, 0x3F, 0x00, 0x3F, 0x00, 0x3F, 0x00, 0x3F, 0x00, 0x3F, 0x00, 0x3F, 0x00, 0x3F, 0x00, 0x3F, 0x00,
        0x3F, 0x00, 0x3F, 0x00, 0x3F, 0x00, 0x3F, 0x00, 0x3F, 0x00, 0x3F, 0x00, 0x3F, 0x00, 0x3F, 0x00, 0x3F, 0x00, 0x3F, 0x00, 0x3F, 0x00, 0x3F, 0x00,
        0x3F, 0x00, 0x3F, 0x00, 0x3F, 0x00, 0x3F, 0x04, 0x3D, 0x00, 0x37, 0x8B, 0x33, 0xFF, 0x20, 0xFB, 0x08, 0xFF, 0x0A, 0xFF, 0x21, 0xFD, 0x3E, 0xFF,
        0x36, 0x3C, 0x3F, 0x00, 0x3F, 0x03, 0x3F, 0x00, 0x3F, 0x00, 0x3F, 0x00, 0x3F, 0x00, 0x3F, 0x00, 0x3F, 0x00, 0x3F, 0x00, 0x3F, 0x00, 0x3F, 0x00,
        0x3F, 0x00, 0x3F, 0x00, 0x3F, 0x00, 0x3F, 0x00, 0x3F, 0x00, 0x3F, 0x00, 0x3F, 0x00, 0x3F, 0x00, 0x3F, 0x00, 0x3F, 0x00, 0x3F, 0x00, 0x3F, 0x00,
        0x3F, 0x00, 0x3F, 0x00, 0x3F, 0x00, 0x3F, 0x00, 0x3F, 0x00, 0x3F, 0x00, 0x3F, 0x00, 0x3F, 0x00, 0x3F, 0x00, 0x3F, 0x00, 0x3F, 0x00, 0x3F, 0x00,
        0x3F, 0x00, 0x3F, 0x00, 0x3F, 0x00, 0x3F, 0x01, 0x3F, 0x03, 0x18, 0x01, 0x3F, 0xBA, 0x2E, 0xFF, 0x1C, 0xFB, 0x0B, 0xFF, 0x0B, 0xFB, 0x2D, 0xFF,
        0x3F, 0x9D, 0x3B, 0x00, 0x3F, 0x03, 0x3F, 0x00, 0x3F, 0x00, 0x3F, 0x00, 0x3F, 0x00, 0x3F, 0x00, 0x3F, 0x00, 0x3F, 0x00, 0x3F, 0x00, 0x3F, 0x00,
        0x3F, 0x00, 0x3F, 0x00, 0x3F, 0x00, 0x3F, 0x00, 0x3F, 0x00, 0x3F, 0x00, 0x3F, 0x00, 0x3F, 0x00, 0x3F, 0x00, 0x3F, 0x00, 0x3F, 0x00, 0x3F, 0x00,
        0x3F, 0x00, 0x3F, 0x00, 0x3F, 0x00, 0x3F, 0x00, 0x3F, 0x00, 0x3F, 0x00, 0x3F, 0x00, 0x3F, 0x00, 0x3F, 0x00, 0x3F, 0x00, 0x3F, 0x00, 0x3F, 0x00,
        0x3F, 0x00, 0x3F, 0x00, 0x3F, 0x00, 0x3F, 0x00, 0x3F, 0x02, 0x3F, 0x01, 0x2E, 0x15, 0x3F, 0xE1, 0x29, 0xFF, 0x0A, 0xFC, 0x03, 0xFF, 0x24, 0xFF,
        0x3F, 0xED, 0x2D, 0x12, 0x3F, 0x00, 0x3F, 0x01, 0x3F, 0x00, 0x3F, 0x00, 0x3F, 0x00, 0x3F, 0x00, 0x3F, 0x00, 0x3F, 0x00, 0x3F, 0x00, 0x3F, 0x00,
        0x3F, 0x00, 0x3F, 0x00, 0x3F, 0x00, 0x3F, 0x00, 0x3F, 0x00, 0x3F, 0x00, 0x3F, 0x00, 0x3F, 0x00, 0x3F, 0x00, 0x3F, 0x00, 0x3F, 0x00, 0x3F, 0x00,
        0x3F, 0x00, 0x3F, 0x00, 0x3F, 0x00, 0x3F, 0x00, 0x3F, 0x00, 0x3F, 0x00, 0x3F, 0x00, 0x3F, 0x00, 0x3F, 0x00, 0x3F, 0x00, 0x3F, 0x00, 0x3F, 0x00,
        0x3F, 0x00, 0x3F, 0x00, 0x3F, 0x00, 0x3F, 0x00, 0x3F, 0x00, 0x3F, 0x03, 0x3F, 0x00, 0x31, 0x38, 0x3F, 0xFA, 0x26, 0xF8, 0x01, 0xFB, 0x1C, 0xFC,
        0x31, 0xFF, 0x3F, 0x65, 0x3D, 0x00, 0x3F, 0x04, 0x3F, 0x00, 0x3F, 0x00, 0x3F, 0x00, 0x3F, 0x00, 0x3F, 0x00, 0x3F, 0x00, 0x3F, 0x00, 0x3F, 0x00,
        0x3F, 0x00, 0x3F, 0x00, 0x3F, 0x00, 0x3F, 0x00, 0x3F, 0x00, 0x3F, 0x00, 0x3F, 0x00, 0x3F, 0x00, 0x3F, 0x00, 0x3F, 0x00, 0x3F, 0x00, 0x3F, 0x00,
        0x3F, 0x00, 0x3F, 0x00, 0x3F, 0x00, 0x3F, 0x00, 0x3F, 0x00, 0x3F, 0x00, 0x3F, 0x00, 0x3F, 0x00, 0x3F, 0x00, 0x3F, 0x00, 0x3F, 0x00, 0x3F, 0x00,
        0x3F, 0x00, 0x3F, 0x00, 0x3F, 0x00, 0x3F, 0x00, 0x3F, 0x00, 0x3F, 0x00, 0x3F, 0x04, 0x3F, 0x00, 0x33, 0x67, 0x3F, 0xFF, 0x25, 0xFC, 0x20, 0xFB,
        0x2E, 0xFF, 0x3F, 0x8A, 0x3B, 0x00, 0x3F, 0x04, 0x3F, 0x00, 0x3F, 0x00, 0x3F, 0x00, 0x3F, 0x00, 0x3F, 0x00, 0x3F, 0x00, 0x3F, 0x00, 0x3F, 0x00,
        0x3F, 0x00, 0x3F, 0x00, 0x3F, 0x00, 0x3F, 0x00, 0x3F, 0x00, 0x3F, 0x00, 0x3F, 0x00, 0x3F, 0x00, 0x3F, 0x00, 0x3F, 0x00, 0x3F, 0x00, 0x3F, 0x00,
        0x3F, 0x00, 0x3F, 0x00, 0x3F, 0x00, 0x3F, 0x00, 0x3F, 0x00, 0x3F, 0x00, 0x3F, 0x00, 0x3F, 0x00, 0x3F, 0x00, 0x3F, 0x00, 0x3F, 0x00, 0x3F, 0x00,
        0x3F, 0x00, 0x3F, 0x00, 0x3F, 0x00, 0x3F, 0x00, 0x3F, 0x00, 0x3F, 0x00, 0x3F, 0x00, 0x3F, 0x03, 0x3F, 0x00, 0x3B, 0x77, 0x3F, 0xEF, 0x3F, 0xFF,
        0x3F, 0xD0, 0x3F, 0x22, 0x3F, 0x01, 0x3F, 0x02, 0x3F, 0x00, 0x3F, 0x00, 0x3F, 0x00, 0x3F, 0x00, 0x3F, 0x00, 0x3F, 0x00, 0x3F, 0x00, 0x3F, 0x00,
        0x3F, 0x00, 0x3F, 0x00, 0x3F, 0x00, 0x3F, 0x00, 0x3F, 0x00, 0x3F, 0x00, 0x3F, 0x00, 0x3F, 0x00, 0x3F, 0x00, 0x3F, 0x00, 0x3F, 0x00, 0x3F, 0x00,
        0x3F, 0x00, 0x3F, 0x00, 0x3F, 0x00, 0x3F, 0x00, 0x3F, 0x00, 0x3F, 0x00, 0x3F, 0x00, 0x3F, 0x00, 0x3F, 0x00, 0x3F, 0x00, 0x3F, 0x00, 0x3F, 0x00,
        0x3F, 0x00, 0x3F, 0x00, 0x3F, 0x00, 0x3F, 0x00, 0x3F, 0x00, 0x3F, 0x00, 0x3F, 0x00, 0x3F, 0x00, 0x3F, 0x02, 0x3F, 0x00, 0x30, 0x19, 0x34, 0x31,
        0x2D, 0x05, 0x3F, 0x00, 0x3F, 0x01, 0x3F, 0x00, 0x3F, 0x00, 0x3F, 0x00, 0x3F, 0x00, 0x3F, 0x00, 0x3F, 0x00, 0x3F, 0x00, 0x3F, 0x00, 0x3F, 0x00,
        0x3F, 0x00, 0x3F, 0x00, 0x3F, 0x00, 0x3F, 0x00, 0x3F, 0x00, 0x3F, 0x00, 0x3F, 0x00, 0x3F, 0x00, 0x3F, 0x00, 0x3F, 0x00, 0x3F, 0x00, 0x3F, 0x00,
        0x3F, 0x00, 0x3F, 0x00, 0x3F, 0x00, 0x3F, 0x00, 0x3F, 0x00, 0x3F, 0x00, 0x3F, 0x00, 0x3F, 0x00, 0x3F, 0x00, 0x3F, 0x00, 0x3F, 0x00, 0x3F, 0x00,
        0x3F, 0x00, 0x3F, 0x00, 0x3F, 0x00, 0x3F, 0x00, 0x3F, 0x00, 0x3F, 0x00, 0x3F, 0x00, 0x3F, 0x00, 0x3F, 0x00, 0x3F, 0x03, 0x3F, 0x00, 0x3F, 0x00,
        0x3F, 0x00, 0x3F, 0x01, 0x3F, 0x00, 0x3F, 0x00, 0x3F, 0x00, 0x3F, 0x00, 0x3F, 0x00, 0x3F, 0x00, 0x3F, 0x00, 0x3F, 0x00, 0x3F, 0x00, 0x3F, 0x00,
        0x3F, 0x00, 0x3F, 0x00, 0x3F, 0x00, 0x3F, 0x00, 0x3F, 0x00, 0x3F, 0x00, 0x3F, 0x00, 0x3F, 0x00, 0x3F, 0x00, 0x3F, 0x00, 0x3F, 0x00, 0x3F, 0x00,
        0x3F, 0x00, 0x3F, 0x00, 0x3F, 0x00, 0x3F, 0x00, 0x3F, 0x00, 0x3F, 0x00, 0x3F, 0x00, 0x3F, 0x00, 0x3F, 0x00, 0x3F, 0x00, 0x3F, 0x00, 0x3F, 0x00,
        0x3F, 0x00, 0x3F, 0x00, 0x3F, 0x00, 0x3F, 0x00, 0x3F, 0x00, 0x3F, 0x00, 0x3F, 0x00, 0x3F, 0x00, 0x3F, 0x00, 0x3F, 0x00, 0x3F, 0x01, 0x3F, 0x02,
        0x3F, 0x01, 0x3F, 0x00, 0x3F, 0x00, 0x3F, 0x00, 0x3F, 0x00, 0x3F, 0x00, 0x3F, 0x00, 0x3F, 0x00, 0x3F, 0x00, 0x3F, 0x00, 0x3F, 0x00, 0x3F, 0x00,
        0x3F, 0x00, 0x3F, 0x00, 0x3F, 0x00, 0x3F, 0x00, 0x3F, 0x00, 0x3F, 0x00, 0x3F, 0x00, 0x3F, 0x00, 0x3F, 0x00, 0x3F, 0x00, 0x3F, 0x00, 0x3F, 0x00,
        0x3F, 0x00, 0x3F, 0x00, 0x3F, 0x00, 0x3F, 0x00, 0x3F, 0x00, 0x3F, 0x00, 0x3F, 0x00, 0x3F, 0x00, 0x3F, 0x00, 0x3F, 0x00, 0x3F, 0x00, 0x3F, 0x00,
        0x3F, 0x00, 0x3F, 0x00, 0x3F, 0x00, 0x3F, 0x00, 0x3F, 0x00, 0x3F, 0x00, 0x3F, 0x00, 0x3F, 0x00, 0x3F, 0x00, 0x3F, 0x00, 0x3F, 0x00, 0x3F, 0x00,
        0x3F, 0x00, 0x3F, 0x00, 0x3F, 0x00, 0x3F, 0x00, 0x3F, 0x00, 0x3F, 0x00, 0x3F, 0x00, 0x3F, 0x00, 0x3F, 0x00, 0x3F, 0x00, 0x3F, 0x00, 0x3F, 0x00,
        0x3F, 0x00, 0x3F, 0x00, 0x3F, 0x00, 0x3F, 0x00, 0x3F, 0x00, 0x3F, 0x00, 0x3F, 0x00, 0x3F, 0x00, 0x3F, 0x00, 0x3F, 0x00, 0x3F, 0x00, 0x3F, 0x00,
        0x3F, 0x00, 0x3F, 0x00, 0x3F, 0x00, 0x3F, 0x00, 0x3F, 0x00, 0x3F, 0x00, 0x3F, 0x00, 0x3F, 0x00, 0x3F, 0x00, 0x3F, 0x00, 0x3F, 0x00, 0x3F, 0x00,
        0x3F, 0x00, 0x3F, 0x00, 0x3F, 0x00, 0x3F, 0x00, 0x3F, 0x00, 0x3F, 0x00, 0x3F, 0x00, 0x3F, 0x00, 0x3F, 0x00, 0x3F, 0x00, 0x3F, 0x00, 0x3F, 0x00,
        0x3F, 0x00, 0x3F, 0x00, 0x3F, 0x00, 0x3F, 0x00, 0x3F, 0x00, 0x3F, 0x00, 0x3F, 0x00, 0x3F, 0x00, 0x3F, 0x00, 0x3F, 0x00, 0x3F, 0x00, 0x3F, 0x00,
        0x3F, 0x00, 0x3F, 0x00, 0x3F, 0x00, 0x3F, 0x00, 0x3F, 0x00, 0x3F, 0x00, 0x3F, 0x00, 0x3F, 0x00, 0x3F, 0x00, 0x3F, 0x00, 0x3F, 0x00, 0x3F, 0x00,
        0x3F, 0x00, 0x3F, 0x00, 0x3F, 0x00, 0x3F, 0x00, 0x3F, 0x00, 0x3F, 0x00, 0x3F, 0x00, 0x3F, 0x00, 0x3F, 0x00, 0x3F, 0x00, 0x3F, 0x00, 0x3F, 0x00,
        0x3F, 0x00, 0x3F, 0x00, 0x3F, 0x00, 0x3F, 0x00, 0x3F, 0x00, 0x3F, 0x00, 0x3F, 0x00, 0x3F, 0x00, 0x3F, 0x00, 0x3F, 0x00, 0x3F, 0x00, 0x3F, 0x00,
        0x3F, 0x00, 0x3F, 0x00, 0x3F, 0x00, 0x3F, 0x00, 0x3F, 0x00, 0x3F, 0x00, 0x3F, 0x00, 0x3F, 0x00, 0x3F, 0x00, 0x3F, 0x00, 0x3F, 0x00, 0x3F, 0x00,
        0x3F, 0x00, 0x3F, 0x00, 0x3F, 0x00, 0x3F, 0x00, 0x3F, 0x00, 0x3F, 0x00, 0x3F, 0x00, 0x3F, 0x00, 0x3F, 0x00, 0x3F, 0x00, 0x3F, 0x00, 0x3F, 0x00,
        0x3F, 0x00, 0x3F, 0x00, 0x3F, 0x00, 0x3F, 0x00, 0x3F, 0x00, 0x3F, 0x00, 0x3F, 0x00, 0x3F, 0x00, 0x3F, 0x00, 0x3F, 0x00, 0x3F, 0x00, 0x3F, 0x00,
        0x3F, 0x00, 0x3F, 0x00, 0x3F, 0x00, 0x3F, 0x00, 0x3F, 0x00, 0x3F, 0x00, 0x3F, 0x00, 0x3F, 0x00, 0x3F, 0x00, 0x3F, 0x00, 0x3F, 0x00, 0x3F, 0x00,
        0x3F, 0x00, 0x3F, 0x00, 0x3F, 0x00, 0x3F, 0x00, 0x3F, 0x00, 0x3F, 0x00, 0x3F, 0x00, 0x3F, 0x00, 0x3F, 0x00, 0x3F, 0x00, 0x3F, 0x00, 0x3F, 0x00,
        0x3F, 0x00, 0x3F, 0x00, 0x3F, 0x00, 0x3F, 0x00, 0x3F, 0x00, 0x3F, 0x00, 0x3F, 0x00, 0x3F, 0x00, 0x3F, 0x00, 0x3F, 0x00, 0x3F, 0x00, 0x3F, 0x00,
    },
    // celebrate: 1F389.svg, source sha256 8d3aa4064d03
    {
        0x3F, 0x00, 0x3F, 0x00, 0x3F, 0x00, 0x3F, 0x00, 0x3F, 0x00, 0x3F, 0x00, 0x3F, 0x00, 0x3F, 0x00, 0x3F, 0x00, 0x3F, 0x00, 0x3F, 0x00, 0x3F, 0x00,
        0x3F, 0x00, 0x3F, 0x00, 0x3F, 0x00, 0x3F, 0x00, 0x3F, 0x00, 0x3F, 0x00, 0x3F, 0x00, 0x3F, 0x00, 0x3F, 0x00, 0x3F, 0x00, 0x3F, 0x00, 0x3F, 0x00,
        0x3F, 0x00, 0x3F, 0x00, 0x3F, 0x00, 0x3F, 0x00, 0x3F, 0x00, 0x3F, 0x00, 0x3F, 0x00, 0x3F, 0x00, 0x3F, 0x00, 0x3F, 0x00, 0x3F, 0x00, 0x3F, 0x00,
        0x3F, 0x00, 0x3F, 0x00, 0x3F, 0x00, 0x3F, 0x00, 0x3F, 0x00, 0x3F, 0x00, 0x3F, 0x00, 0x3F, 0x00, 0x3F, 0x00, 0x3F, 0x00, 0x3F, 0x00, 0x3F, 0x00,
        0x3F, 0x00, 0x3F, 0x00, 0x3F, 0x00, 0x3F, 0x00, 0x3F, 0x00, 0x3F, 0x00, 0x3F, 0x00, 0x3F, 0x00, 0x3F, 0x00, 0x3F, 0x00, 0x3F, 0x00, 0x3F, 0x00,
        0x3F, 0x00, 0x3F, 0x00, 0x3F, 0x00, 0x3F, 0x00, 0x3F, 0x00, 0x3F, 0x00, 0x3F, 0x00, 0x3F, 0x00, 0x3F, 0x00, 0x3F, 0x00, 0x3F, 0x00, 0x3F, 0x00,
        0x3F, 0x00, 0x3F, 0x00, 0x3F, 0x00, 0x3F, 0x00, 0x3F, 0x00, 0x3F, 0x00, 0x3F, 0x00, 0x3F, 0x00, 0x3F, 0x00, 0x3F, 0x00, 0x3F, 0x00, 0x3F, 0x00,
        0x3F, 0x00, 0x3F, 0x00, 0x3F, 0x00, 0x3F, 0x00, 0x3F, 0x00, 0x3F, 0x00, 0x3F, 0x00, 0x3F, 0x00, 0x3F, 0x00, 0x3F, 0x00, 0x3F, 0x00, 0x3F, 0x00,
        0x3F, 0x00, 0x3F, 0x00, 0x3F, 0x00, 0x3F, 0x00, 0x3F, 0x00, 0x3F, 0x00, 0x3F, 0x00, 0x3F, 0x00, 0x3F, 0x00, 0x3F, 0x00, 0x3F, 0x00, 0x3F, 0x00,
        0x3F, 0x00, 0x3F, 0x00, 0x3F, 0x00, 0x3F, 0x00, 0x3F, 0x00, 0x3F, 0x00, 0x3F, 0x00, 0x3F, 0x00, 0x3F, 0x00, 0x3F, 0x00, 0x3F, 0x00, 0x3F, 0x00,
        0x3F, 0x00, 0x3F, 0x00, 0x3F, 0x00, 0x3F, 0x00, 0x3F, 0x00, 0x3F, 0x00, 0x3F, 0x02, 0x3F, 0x02, 0x3F, 0x00, 0x3F, 0x00, 0x3F, 0x00, 0x3F, 0x00,
        0x3F, 0x00, 0x3F, 0x00, 0x3F, 0x00, 0x3F, 0x00, 0x3F, 0x00, 0x3F, 0x00, 0x3F, 0x00, 0x3F, 0x00, 0x3F, 0x00, 0x3F, 0x00, 0x3F, 0x00, 0x3F, 0x00,
        0x3F, 0x00, 0x3F, 0x00, 0x3F, 0x00, 0x3F, 0x00, 0x3F, 0x00, 0x3F, 0x00, 0x3F, 0x00, 0x3F, 0x00, 0x3F, 0x00, 0x3F, 0x00, 0x3F, 0x00, 0x3F, 0x00,
        0x3F, 0x00, 0x3F, 0x00, 0x3F, 0x00, 0x3F, 0x00, 0x3F, 0x00, 0x3F, 0x00, 0x3F, 0x00, 0x3F, 0x00, 0x3F, 0x00, 0x3F, 0x00, 0x3F, 0x00, 0x3F, 0x00,
        0x3F, 0x00, 0x3F, 0x00, 0x3F, 0x00, 0x3F, 0x00, 0x3F, 0x00, 0x3F, 0x00, 0x3F, 0x00, 0x3F, 0x00, 0x3F, 0x00, 0x3F, 0x00, 0x3F, 0x00, 0x3F, 0x00,
        0x3F, 0x00, 0x3F, 0x00, 0x3F, 0x00, 0x3F, 0x00, 0x3F, 0x00, 0x3F, 0x00, 0x3F, 0x00, 0x3F, 0x00, 0x3F, 0x00, 0x3F, 0x00, 0x3F, 0x00, 0x3F, 0x00,
        0x3F, 0x00, 0x3F, 0x00, 0x3F, 0x00, 0x3F, 0x00, 0x3F, 0x00, 0x3F, 0x00, 0x3F, 0x00, 0x3F, 0x00, 0x3F, 0x00, 0x3F, 0x00, 0x3F, 0x00, 0x3F, 0x00,
        0x3F, 0x00, 0x3F, 0x00, 0x3F, 0x00, 0x3F, 0x00, 0x3F, 0x00, 0x3F, 0x00, 0x3F, 0x00, 0x3F, 0x00, 0x3F, 0x00, 0x3F, 0x00, 0x3F, 0x00, 0x3F, 0x00,
        0x3F, 0x00, 0x3F, 0x00, 0x3F, 0x00, 0x3F, 0x00, 0x3F, 0x03, 0x3F, 0x00, 0x3F, 0x77, 0x3F, 0x74, 0x3F, 0x00, 0x3F, 0x02, 0x3F, 0x00, 0x3F, 0x00,
        0x3F, 0x00, 0x3F, 0x00, 0x3F, 0x00, 0x3F, 0x00, 0x3F, 0x00, 0x3F, 0x00, 0x3F, 0x00, 0x3F, 0x00, 0x3F, 0x00, 0x3F, 0x00, 0x3F, 0x00, 0x3F, 0x00,
        0x3F, 0x00, 0x3F, 0x00, 0x3F, 0x00, 0x3F, 0x00, 0x3F, 0x00, 0x3F, 0x00, 0x3F, 0x00, 0x3F, 0x00, 0x3F, 0x00, 0x3F, 0x00, 0x3F, 0x00, 0x3F, 0x00,
        0x3F, 0x00, 0x3F, 0x00, 0x3F, 0x00, 0x3F, 0x00, 0x3F, 0x00, 0x3F, 0x00, 0x3F, 0x00, 0x3F, 0x00, 0x3F, 0x00, 0x3F, 0x00, 0x3F, 0x00, 0x3F, 0x00,
        0x3F, 0x00, 0x3F, 0x00, 0x3F, 0x00, 0x3F, 0x00, 0x3F, 0x04, 0x3F, 0x00, 0x3F, 0x91, 0x3F, 0xF5, 0x3F, 0x04, 0x3F, 0x01, 0x3F, 0x01, 0x3F, 0x00,
        0x3F, 0x00, 0x3F, 0x00, 0x3F, 0x00, 0x3F, 0x00, 0x3F, 0x00, 0x3F, 0x00, 0x3F, 0x00, 0x3F, 0x00, 0x3F, 0x00, 0x3F, 0x00, 0x3F, 0x00, 0x3F, 0x00,
        0x3F, 0x00, 0x3F, 0x00, 0x3F, 0x00, 0x3F, 0x00, 0x3F, 0x00, 0x3F, 0x00, 0x3F, 0x00, 0x3F, 0x00, 0x3F, 0x00, 0x3F, 0x00, 0x3F, 0x00, 0x3F, 0x00,
        0x3F, 0x00, 0x3F, 0x00, 0x3F, 0x00, 0x3F, 0x00, 0x3F, 0x00, 0x3F, 0x00, 0x3F, 0x00, 0x23, 0x03, 0x23, 0x03, 0x23, 0x01, 0x3F, 0x00, 0x3F, 0x00,
        0x3F, 0x00, 0x3F, 0x00, 0x3F, 0x00, 0x3F, 0x00, 0x3F, 0x04, 0x3F, 0x03, 0x3F, 0x4F, 0x3F, 0xFD, 0x3F, 0x0F, 0x3F, 0x00, 0x3F, 0x01, 0x3F, 0x00,
        0x3F, 0x00, 0x3F, 0x00, 0x3F, 0x00, 0x3F, 0x00, 0x3F, 0x00, 0x3F, 0x00, 0x3F, 0x00, 0x3F, 0x00, 0x3F, 0x00, 0x3F, 0x00, 0x3F, 0x00, 0x3F, 0x00,
        0x3F, 0x00, 0x3F, 0x00, 0x3F, 0x00, 0x3F, 0x00, 0x3F, 0x00, 0x3F, 0x00, 0x3F, 0x00, 0x3F, 0x00, 0x3F, 0x00, 0x3F, 0x00, 0x3F, 0x00, 0x3F, 0x00,
        0x3F, 0x00, 0x3F, 0x00, 0x3F, 0x00, 0x3F, 0x00, 0x3F, 0x00, 0x3F, 0x00, 0x3F, 0x00, 0x3F, 0x00, 0x3F, 0x00, 0x3F, 0x00, 0x3F, 0x00, 0x3F, 0x00,
        0x3F, 0x00, 0x3F, 0x00, 0x3F, 0x01, 0x3F, 0x04, 0x3F, 0x03, 0x3F, 0x00, 0x3F, 0x95, 0x3F, 0xE9, 0x3F, 0x03, 0x3F, 0x01, 0x3F, 0x00, 0x3F, 0x00,
        0x3F, 0x00, 0x3F, 0x00, 0x3F, 0x00, 0x3F, 0x00, 0x3F, 0x00, 0x3F, 0x00, 0x3F, 0x00, 0x3F, 0x00, 0x3F, 0x00, 0x3F, 0x00, 0x3F, 0x00, 0x3F, 0x00,
        0x3F, 0x00, 0x3F, 0x00, 0x3F, 0x00, 0x3F, 0x00, 0x3F, 0x00, 0x3F, 0x00, 0x3F, 0x00, 0x3F, 0x00, 0x3F, 0x00, 0x3F, 0x00, 0x3F, 0x00, 0x3F, 0x00,
        0x3F, 0x00, 0x3F, 0x00, 0x3F, 0x00, 0x3F, 0x00, 0x3F, 0x00, 0x00, 0x01, 0x24, 0x02, 0x24, 0x6F, 0x24, 0x9B, 0x24, 0x1A, 0x3F, 0x00, 0x00, 0x01,
        0x3F, 0x00, 0x3F, 0x02, 0x3F, 0x00, 0x3F, 0x00, 0x3F, 0x00, 0x3F, 0x54, 0x3F, 0xFF, 0x3F, 0x6F, 0x3F, 0x00, 0x3F, 0x03, 0x3F, 0x00, 0x3F, 0x00,
        0x3F, 0x00, 0x3F, 0x00, 0x3F, 0x00, 0x3F, 0x01, 0x06, 0x01, 0x3F, 0x00, 0x3F, 0x00, 0x3F, 0x00, 0x3F, 0x00, 0x3F, 0x00, 0x3F, 0x00, 0x3F, 0x00,
        0x3F, 0x00, 0x3F, 0x00, 0x3F, 0x00, 0x3F, 0x00, 0x3F, 0x00, 0x3F, 0x00, 0x3F, 0x00, 0x3F, 0x00, 0x3F, 0x00, 0x3F, 0x00, 0x3F, 0x00, 0x3F, 0x00,
        0x3F, 0x00, 0x3F, 0x00, 0x3F, 0x00, 0x3F, 0x00, 0x24, 0x02, 0x3F, 0x00, 0x24, 0x24, 0x24, 0xFF, 0x23, 0xFF, 0x24, 0x84, 0x3F, 0x00, 0x24, 0x04,
        0x3F, 0x01, 0x3F, 0x00, 0x3F, 0x19, 0x3F, 0x94, 0x3F, 0xE4, 0x3F, 0xFF, 0x3F, 0x93, 0x3F, 0x00, 0x3F, 0x02, 0x3F, 0x00, 0x3F, 0x00, 0x3F, 0x00,
        0x3F, 0x00, 0x3F, 0x00, 0x3F, 0x00, 0x3F, 0x00, 0x3F, 0x00, 0x1B, 0x02, 0x3F, 0x00, 0x3F, 0x00, 0x3F, 0x00, 0x3F, 0x00, 0x3F, 0x00, 0x3F, 0x00,
        0x3F, 0x00, 0x3F, 0x00, 0x3F, 0x00, 0x3F, 0x00, 0x3F, 0x00, 0x3F, 0x00, 0x3F, 0x00, 0x3F, 0x00, 0x3F, 0x00, 0x3F, 0x00, 0x3F, 0x00, 0x3F, 0x00,
        0x3F, 0x00, 0x3F, 0x00, 0x3F, 0x00, 0x3F, 0x00, 0x3F, 0x01, 0x3E, 0x02, 0x24, 0x0B, 0x24, 0xAC, 0x24, 0xD5, 0x24, 0x3A, 0x3F, 0x00, 0x2C, 0x04,
        0x3F, 0x01, 0x3F, 0x23, 0x3F, 0xE8, 0x3F, 0xED, 0x3F, 0x97, 0x3F, 0x3F, 0x3F, 0x00, 0x3F, 0x01, 0x3F, 0x00, 0x3F, 0x00, 0x3F, 0x00, 0x3F, 0x00,
        0x3F, 0x00, 0x3F, 0x00, 0x3F, 0x00, 0x3F, 0x00, 0x1A, 0x0B, 0x3F, 0x00, 0x3F, 0x00, 0x3F, 0x00, 0x3F, 0x00, 0x3F, 0x00, 0x3F, 0x00, 0x3F, 0x00,
        0x3F, 0x00, 0x3F, 0x00, 0x3F, 0x00, 0x3F, 0x00, 0x3F, 0x00, 0x3F, 0x00, 0x3F, 0x00, 0x3F, 0x00, 0x3F, 0x00, 0x3F, 0x00, 0x3F, 0x00, 0x3F, 0x00,
        0x3F, 0x00, 0x3F, 0x00, 0x3F, 0x00, 0x3F, 0x00, 0x3F, 0x00, 0x3F, 0x01, 0x3F, 0x00, 0x3F, 0x00, 0x24, 0x04, 0x3F, 0x00, 0x3F, 0x00, 0x3F, 0x02,
        0x3F, 0x00, 0x3F, 0xC1, 0x3F, 0xDA, 0x3F, 0x0C, 0x3F, 0x00, 0x3F, 0x00, 0x3F, 0x02, 0x3F, 0x00, 0x3F, 0x00, 0x3F, 0x00, 0x3F, 0x00, 0x3F, 0x00,
        0x06, 0x01, 0x06, 0x01, 0x17, 0x0D, 0x14, 0xB8, 0x0E, 0xE0, 0x12, 0x41, 0x3F, 0x00, 0x06, 0x02, 0x3F, 0x00, 0x3F, 0x00, 0x3F, 0x00, 0x3F, 0x00,
        0x3F, 0x00, 0x3F, 0x00, 0x3F, 0x00, 0x3F, 0x00, 0x3F, 0x00, 0x3F, 0x00, 0x3F, 0x00, 0x3F, 0x00, 0x3F, 0x00, 0x3F, 0x00, 0x3F, 0x00, 0x3F, 0x00,
        0x3F, 0x00, 0x3F, 0x00, 0x3F, 0x00, 0x3F, 0x01, 0x3F, 0x00, 0x3F, 0x00, 0x3F, 0x00, 0x3F, 0x02, 0x3F, 0x00, 0x24, 0x02, 0x3F, 0x02, 0x3F, 0x00,
        0x3F, 0x1A, 0x3F, 0xFF, 0x3F, 0x4F, 0x3F, 0x00, 0x3F, 0x08, 0x3F, 0x03, 0x3F, 0x00, 0x3F, 0x00, 0x3F, 0x00, 0x3F, 0x00, 0x3F, 0x00, 0x3F, 0x00,
        0x19, 0x02, 0x3F, 0x00, 0x17, 0x22, 0x0F, 0xFF, 0x0C, 0xFF, 0x13, 0x82, 0x3F, 0x00, 0x0E, 0x04, 0x3F, 0x00, 0x3F, 0x00, 0x3F, 0x00, 0x3F, 0x00,
        0x3F, 0x00, 0x3F, 0x00, 0x3F, 0x00, 0x3F, 0x00, 0x3F, 0x00, 0x3F, 0x00, 0x3F, 0x00, 0x3F, 0x00, 0x3F, 0x00, 0x3F, 0x00, 0x3F, 0x00, 0x3F, 0x00,
        0x3F, 0x00, 0x3F, 0x00, 0x3F, 0x03, 0x3F, 0x00, 0x3F, 0x75, 0x3A, 0xC1, 0x31, 0x08, 0x3F, 0x00, 0x3F, 0x03, 0x3F, 0x00, 0x3F, 0x02, 0x3F, 0x00,
        0x3F, 0x2C, 0x3F, 0xFF, 0x3F, 0x37, 0x3F, 0x01, 0x3F, 0x03, 0x3F, 0x00, 0x3F, 0x00, 0x3F, 0x00, 0x3F, 0x00, 0x3F, 0x00, 0x3F, 0x00, 0x3F, 0x00,
        0x3F, 0x00, 0x06, 0x01, 0x3F, 0x00, 0x14, 0x63, 0x0F, 0x8D, 0x13, 0x14, 0x3F, 0x00, 0x06, 0x01, 0x3F, 0x00, 0x3F, 0x00, 0x3F, 0x00, 0x3F, 0x00,
        0x3F, 0x00, 0x3F, 0x00, 0x3F, 0x00, 0x3F, 0x00, 0x3F, 0x00, 0x3F, 0x00, 0x3F, 0x00, 0x3F, 0x00, 0x3F, 0x00, 0x3F, 0x00, 0x3F, 0x00, 0x3F, 0x00,
        0x3F, 0x00, 0x3F, 0x01, 0x3F, 0x01, 0x3F, 0x08, 0x3F, 0xDE, 0x3F, 0xFF, 0x3F, 0xB9, 0x31, 0x0A, 0x3F, 0x00, 0x3F, 0x02, 0x3F, 0x01, 0x3F, 0x00,
        0x3F, 0x0C, 0x3F, 0xF6, 0x3F, 0x61, 0x3F, 0x00, 0x3F, 0x04, 0x3F, 0x00, 0x3F, 0x00, 0x3F, 0x00, 0x3F, 0x00, 0x3F, 0x00, 0x3F, 0x00, 0x3F, 0x00,
        0x3F, 0x00, 0x3F, 0x00, 0x3F, 0x00, 0x3F, 0x00, 0x3F, 0x00, 0x3F, 0x00, 0x3F, 0x00, 0x3F, 0x00, 0x3F, 0x00, 0x3F, 0x00, 0x3F, 0x00, 0x3F, 0x00,
        0x3F, 0x00, 0x3F, 0x00, 0x3F, 0x00, 0x3F, 0x00, 0x3F, 0x00, 0x3F, 0x00, 0x3F, 0x00, 0x3F, 0x00, 0x3F, 0x00, 0x3F, 0x00, 0x3F, 0x00, 0x3F, 0x00,
        0x3F, 0x00, 0x3F, 0x04, 0x3F, 0x00, 0x3F, 0x54, 0x35, 0xFF, 0x1B, 0xF8, 0x31, 0xFF, 0x3F, 0xBC, 0x2C, 0x0A, 0x3F, 0x00, 0x3F, 0x02, 0x3F, 0x00,
        0x3F, 0x00, 0x3F, 0x2A, 0x3F, 0x12, 0x3F, 0x00, 0x3F, 0x01, 0x3F, 0x00, 0x3F, 0x00, 0x3F, 0x00, 0x3F, 0x00, 0x3F, 0x00, 0x3F, 0x00, 0x3F, 0x00,
        0x3F, 0x00, 0x3F, 0x00, 0x3F, 0x00, 0x17, 0x03, 0x1A, 0x05, 0x1B, 0x02, 0x3F, 0x00, 0x3F, 0x00, 0x3F, 0x00, 0x3F, 0x00, 0x3F, 0x00, 0x3F, 0x00,
        0x3F, 0x00, 0x3F, 0x00, 0x3F, 0x00, 0x3F, 0x00, 0x3F, 0x00, 0x3F, 0x00, 0x3F, 0x00, 0x3F, 0x00, 0x3F, 0x00, 0x3F, 0x00, 0x3F, 0x00, 0x3F, 0x00,
        0x3F, 0x00, 0x3F, 0x02, 0x36, 0x00, 0x3A, 0xBF, 0x2D, 0xFF, 0x02, 0xFC, 0x0D, 0xFB, 0x32, 0xFF, 0x3F, 0xBC, 0x2C, 0x0A, 0x3F, 0x00, 0x3F, 0x02,
        0x3F, 0x00, 0x3F, 0x00, 0x3F, 0x00, 0x3F, 0x00, 0x3F, 0x00, 0x3F, 0x00, 0x3F, 0x00, 0x3F, 0x00, 0x3F, 0x00, 0x3F, 0x01, 0x3F, 0x01, 0x3F, 0x01,
        0x3F, 0x00, 0x3F, 0x00, 0x3F, 0x00, 0x3F, 0x01, 0x3F, 0x00, 0x3F, 0x00, 0x3F, 0x00, 0x3F, 0x00, 0x3F, 0x00, 0x3F, 0x00, 0x3F, 0x00, 0x3F, 0x00,
        0x3F, 0x00, 0x3F, 0x00, 0x3F, 0x00, 0x3F, 0x00, 0x3F, 0x00, 0x3F, 0x00, 0x3F, 0x00, 0x3F, 0x00, 0x3F, 0x00, 0x3F, 0x00, 0x3F, 0x00, 0x3F, 0x00,
        0x3F, 0x03, 0x3F, 0x00, 0x35, 0x32, 0x3F, 0xFD, 0x1B, 0xFE, 0x03, 0xFF, 0x01, 0xFF, 0x0D, 0xFB, 0x32, 0xFF, 0x3F, 0xBC, 0x2C, 0x0A, 0x3F, 0x00,
        0x3F, 0x02, 0x3F, 0x02, 0x3F, 0x01, 0x3F, 0x00, 0x3F, 0x00, 0x3F, 0x00, 0x3F, 0x00, 0x3F, 0x01, 0x3F, 0x03, 0x3F, 0x00, 0x3F, 0x00, 0x3F, 0x00,
        0x3F, 0x04, 0x3F, 0x02, 0x3F, 0x06, 0x3F, 0x00, 0x3F, 0x57, 0x3F, 0xA8, 0x3F, 0x00, 0x3F, 0x01, 0x3F, 0x00, 0x3F, 0x00, 0x3F, 0x00, 0x3F, 0x00,
        0x3F, 0x00, 0x3F, 0x00, 0x3F, 0x00, 0x3F, 0x00, 0x3F, 0x00, 0x3F, 0x00, 0x3F, 0x00, 0x3F, 0x00, 0x3F, 0x00, 0x3F, 0x00, 0x3F, 0x00, 0x3F, 0x00,
        0x3F, 0x03, 0x37, 0x00, 0x3F, 0x9B, 0x2F, 0xFF, 0x04, 0xFB, 0x05, 0xFF, 0x0A, 0xFF, 0x01, 0xFF, 0x0D, 0xFB, 0x32, 0xFF, 0x3F, 0xBC, 0x2C, 0x0A,
        0x3F, 0x00, 0x3F, 0x02, 0x3F, 0x00, 0x3F, 0x00, 0x3F, 0x00, 0x3F, 0x00, 0x3F, 0x01, 0x3F, 0x00, 0x3F, 0x00, 0x3F, 0x08, 0x3F, 0x17, 0x3F, 0x00,
        0x3F, 0x00, 0x3F, 0x00, 0x3F, 0x00, 0x3F, 0x00, 0x3F, 0xDB, 0x3F, 0xC4, 0x3F, 0x00, 0x3F, 0x03, 0x3F, 0x00, 0x3F, 0x00, 0x3F, 0x00, 0x3F, 0x00,
        0x3F, 0x00, 0x3F, 0x00, 0x3F, 0x00, 0x3F, 0x00, 0x3F, 0x00, 0x3F, 0x00, 0x3F, 0x00, 0x3F, 0x00, 0x3F, 0x00, 0x3F, 0x00, 0x3F, 0x00, 0x3F, 0x02,
        0x3F, 0x00, 0x31, 0x17, 0x3F, 0xF0, 0x1B, 0xFE, 0x02, 0xFE, 0x0A, 0xFF, 0x05, 0xFF, 0x0A, 0xFF, 0x01, 0xFF, 0x0D, 0xFB, 0x32, 0xFF, 0x3F, 0xBC,
        0x2C, 0x0A, 0x3F, 0x00, 0x3F, 0x02, 0x3F, 0x00, 0x3F, 0x00, 0x3F, 0x01, 0x3F, 0x00, 0x3F, 0x0E, 0x3F, 0x97, 0x3F, 0xF3, 0x3F, 0xFD, 0x3F, 0xE8,
        0x3F, 0x87, 0x3F, 0x37, 0x3F, 0x47, 0x3F, 0xC2, 0x3F, 0xF8, 0x3F, 0x28, 0x3F, 0x01, 0x3F, 0x02, 0x3F, 0x00, 0x3F, 0x00, 0x3F, 0x00, 0x3F, 0x00,
        0x3F, 0x00, 0x3F, 0x00, 0x3F, 0x00, 0x3F, 0x00, 0x3F, 0x00, 0x3F, 0x00, 0x3F, 0x00, 0x3F, 0x00, 0x3F, 0x00, 0x3F, 0x00, 0x3F, 0x00, 0x3F, 0x04,
        0x3A, 0x00, 0x3F, 0x73, 0x33, 0xFF, 0x0B, 0xFB, 0x03, 0xFF, 0x09, 0xFF, 0x05, 0xFF, 0x05, 0xFF, 0x0A, 0xFF, 0x01, 0xFF, 0x0D, 0xFB, 0x32, 0xFF,
        0x3F, 0xBC, 0x2C, 0x0A, 0x3F, 0x00, 0x3F, 0x02, 0x3F, 0x01, 0x3F, 0x02, 0x3F, 0x06, 0x3F, 0xC7, 0x3F, 0xF5, 0x3F, 0x75, 0x3F, 0x4C, 0x3F, 0x94,
        0x3F, 0xF4, 0x3F, 0xFF, 0x3F, 0xFF, 0x3F, 0xD1, 0x3F, 0x37, 0x3F, 0x00, 0x3F, 0x02, 0x3F, 0x00, 0x3F, 0x00, 0x3F, 0x00, 0x3F, 0x00, 0x3F, 0x00,
        0x3F, 0x00, 0x3F, 0x00, 0x3F, 0x00, 0x3F, 0x00, 0x3F, 0x00, 0x3F, 0x00, 0x3F, 0x00, 0x3F, 0x00, 0x3F, 0x00, 0x3F, 0x00, 0x3F, 0x00, 0x3F, 0x01,
        0x1C, 0x06, 0x3F, 0xD9, 0x2C, 0xFF, 0x02, 0xFD, 0x0A, 0xFF, 0x05, 0xFF, 0x05, 0xFF, 0x05, 0xFF, 0x05, 0xFF, 0x0A, 0xFF, 0x01, 0xFF, 0x0D, 0xFB,
        0x32, 0xFF, 0x3F, 0xBC, 0x2E, 0x0A, 0x3F, 0x00, 0x3F, 0x06, 0x3F, 0x00, 0x3F, 0x80, 0x3F, 0xFF, 0x3F, 0x21, 0x3F, 0x00, 0x3F, 0x00, 0x3F, 0x00,
        0x3F, 0x09, 0x3F, 0x2E, 0x3F, 0x23, 0x3F, 0x00, 0x3F, 0x00, 0x3F, 0x02, 0x3F, 0x00, 0x3F, 0x00, 0x3F, 0x00, 0x3F, 0x00, 0x3F, 0x00, 0x3F, 0x00,
        0x3F, 0x00, 0x3F, 0x00, 0x3F, 0x00, 0x3F, 0x00, 0x3F, 0x00, 0x3F, 0x00, 0x3F, 0x00, 0x3F, 0x00, 0x3F, 0x00, 0x3F, 0x00, 0x3F, 0x04, 0x3F, 0x00,
        0x37, 0x4E, 0x37, 0xFF, 0x22, 0xFD, 0x0A, 0xFF, 0x07, 0xFF, 0x08, 0xFF, 0x05, 0xFF, 0x05, 0xFF, 0x05, 0xFF, 0x05, 0xFF, 0x0A, 0xFF, 0x01, 0xFF,
        0x0D, 0xFB, 0x32, 0xFF, 0x3F, 0xBC, 0x2E, 0x0A, 0x3F, 0x02, 0x3F, 0x02, 0x3F, 0x6B, 0x3F, 0x73, 0x3F, 0x00, 0x3F, 0x06, 0x3F, 0x03, 0x3F, 0x03,
        0x3F, 0x00, 0x3F, 0x00, 0x3A, 0x00, 0x3F, 0x00, 0x3F, 0x02, 0x3F, 0x00, 0x3F, 0x00, 0x3F, 0x00, 0x3F, 0x00, 0x3F, 0x00, 0x3F, 0x00, 0x3F, 0x00,
        0x3F, 0x00, 0x3F, 0x00, 0x3F, 0x00, 0x3F, 0x00, 0x3F, 0x00, 0x3F, 0x00, 0x3F, 0x00, 0x3F, 0x00, 0x3F, 0x00, 0x3F, 0x00, 0x3F, 0x02, 0x37, 0x00,
        0x3F, 0xB9, 0x30, 0xFF, 0x20, 0xFC, 0x1E, 0xFF, 0x0B, 0xFF, 0x07, 0xFF, 0x08, 0xFF, 0x05, 0xFF, 0x05, 0xFF, 0x05, 0xFF, 0x05, 0xFF, 0x0A, 0xFF,
        0x01, 0xFF, 0x0D, 0xFB, 0x33, 0xFF, 0x3F, 0xBC, 0x2E, 0x09, 0x3F, 0x00, 0x3F, 0x00, 0x3F, 0x00, 0x3F, 0x02, 0x3F, 0x00, 0x3F, 0x00, 0x3F, 0x00,
        0x3F, 0x01, 0x3F, 0x02, 0x3F, 0x00, 0x2B, 0x02, 0x3F, 0x00, 0x3F, 0x00, 0x3F, 0x00, 0x3F, 0x00, 0x3F, 0x00, 0x3F, 0x00, 0x3F, 0x00, 0x3F, 0x00,
        0x3F, 0x00, 0x3F, 0x00, 0x3F, 0x00, 0x3F, 0x00, 0x3F, 0x00, 0x3F, 0x00, 0x3F, 0x00, 0x3F, 0x00, 0x3F, 0x00, 0x3F, 0x03, 0x3F, 0x00, 0x35, 0x2D,
        0x3B, 0xFB, 0x2B, 0xFE, 0x1E, 0xFF, 0x20, 0xFF, 0x1E, 0xFF, 0x0B, 0xFF, 0x07, 0xFF, 0x08, 0xFF, 0x05, 0xFF, 0x05, 0xFF, 0x08, 0xFF, 0x05, 0xFF,
        0x09, 0xFF, 0x0C, 0xFF, 0x1A, 0xFB, 0x33, 0xFF, 0x3F, 0xBC, 0x2E, 0x0A, 0x3F, 0x02, 0x3F, 0x05, 0x3F, 0x00, 0x3F, 0x00, 0x3F, 0x00, 0x3F, 0x00,
        0x3F, 0x00, 0x3F, 0x00, 0x29, 0x0B, 0x3F, 0x00, 0x3F, 0x00, 0x3F, 0x00, 0x3F, 0x00, 0x3F, 0x00, 0x3F, 0x00, 0x3F, 0x00, 0x3F, 0x00, 0x3F, 0x00,
        0x3F, 0x00, 0x3F, 0x00, 0x3F, 0x00, 0x3F, 0x00, 0x3F, 0x00, 0x3F, 0x00, 0x3F, 0x00, 0x3F, 0x00, 0x3F, 0x00, 0x3F, 0x03, 0x39, 0x00, 0x3B, 0x94,
        0x34, 0xFF, 0x1F, 0xFB, 0x1F, 0xFF, 0x1F, 0xFF, 0x20, 0xFF, 0x1E, 0xFF, 0x0B, 0xFF, 0x07, 0xFF, 0x08, 0xFF, 0x08, 0xFF, 0x05, 0xFF, 0x08, 0xFF,
        0x0F, 0xFF, 0x17, 0xFF, 0x0E, 0xFF, 0x1A, 0xFB, 0x33, 0xFF, 0x3F, 0xBC, 0x2E, 0x0A, 0x3F, 0x00, 0x3F, 0x02, 0x3F, 0x00, 0x3C, 0x01, 0x3C, 0x01,
        0x28, 0x0D, 0x29, 0xB8, 0x26, 0xE0, 0x27, 0x41, 0x3F, 0x00, 0x3C, 0x02, 0x3F, 0x00, 0x3F, 0x00, 0x3F, 0x00, 0x3F, 0x00, 0x3F, 0x00, 0x3F, 0x00,
        0x3F, 0x00, 0x3F, 0x00, 0x3F, 0x00, 0x3F, 0x00, 0x3F, 0x00, 0x3F, 0x00, 0x3F, 0x00, 0x3F, 0x00, 0x3F, 0x01, 0x3F, 0x00, 0x30, 0x13, 0x3F, 0xED,
        0x1C, 0xFF, 0x1E, 0xFE, 0x20, 0xFF, 0x1F, 0xFF, 0x1F, 0xFF, 0x20, 0xFF, 0x1E, 0xFF, 0x0B, 0xFF, 0x07, 0xFF, 0x05, 0xFF, 0x09, 0xFF, 0x10, 0xFF,
        0x14, 0xFF, 0x12, 0xFF, 0x14, 0xFF, 0x0E, 0xFF, 0x1A, 0xFB, 0x33, 0xFF, 0x3F, 0xBC, 0x2E, 0x0A, 0x3F, 0x00, 0x3F, 0x02, 0x3C, 0x02, 0x3F, 0x00,
        0x29, 0x22, 0x26, 0xFF, 0x26, 0xFF, 0x29, 0x82, 0x3F, 0x00, 0x25, 0x04, 0x3F, 0x00, 0x3F, 0x00, 0x3F, 0x00, 0x3F, 0x00, 0x3F, 0x00, 0x3F, 0x00,
        0x3F, 0x00, 0x3F, 0x00, 0x3F, 0x00, 0x3F, 0x00, 0x3F, 0x00, 0x3F, 0x00, 0x3F, 0x00, 0x3F, 0x00, 0x3F, 0x04, 0x3A, 0x00, 0x3F, 0x6D, 0x33, 0xFF,
        0x0B, 0xFC, 0x0C, 0xFF, 0x1F, 0xFF, 0x20, 0xFF, 0x1F, 0xFF, 0x1F, 0xFF, 0x20, 0xFF, 0x1E, 0xFF, 0x0A, 0xFF, 0x08, 0xFF, 0x10, 0xFF, 0x14, 0xFF,
        0x12, 0xFF, 0x13, 0xFF, 0x13, 0xFF, 0x14, 0xFF, 0x0E, 0xFF, 0x1A, 0xFB, 0x33, 0xFF, 0x3F, 0xBC, 0x2E, 0x0A, 0x3F, 0x00, 0x3F, 0x02, 0x3C, 0x01,
        0x3F, 0x00, 0x29, 0x63, 0x27, 0x8D, 0x29, 0x14, 0x3F, 0x00, 0x3C, 0x01, 0x3F, 0x00, 0x3F, 0x00, 0x3F, 0x00, 0x3F, 0x00, 0x3F, 0x00, 0x3F, 0x00,
        0x3F, 0x00, 0x3F, 0x00, 0x3F, 0x00, 0x3F, 0x00, 0x3F, 0x00, 0x3F, 0x00, 0x3F, 0x00, 0x3F, 0x00, 0x3F, 0x01, 0x01, 0x04, 0x3F, 0xD5, 0x2C, 0xFF,
        0x01, 0xFC, 0x07, 0xFF, 0x0C, 0xFF, 0x1F, 0xFF, 0x20, 0xFF, 0x1F, 0xFF, 0x1F, 0xFF, 0x20, 0xFF, 0x22, 0xFF, 0x16, 0xFF, 0x10, 0xFF, 0x14, 0xFF,
        0x13, 0xFF, 0x13, 0xFF, 0x13, 0xFF, 0x13, 0xFF, 0x14, 0xFF, 0x0E, 0xFF, 0x1A, 0xFB, 0x33, 0xFF, 0x3F, 0xBC, 0x31, 0x0A, 0x3F, 0x00, 0x3F, 0x01,
        0x3F, 0x00, 0x3F, 0x00, 0x3F, 0x00, 0x3F, 0x00, 0x3F, 0x00, 0x3F, 0x00, 0x3F, 0x00, 0x3F, 0x00, 0x3F, 0x00, 0x3F, 0x00, 0x3F, 0x00, 0x3F, 0x00,
        0x3F, 0x00, 0x3F, 0x00, 0x3F, 0x00, 0x3F, 0x00, 0x3F, 0x00, 0x3F, 0x00, 0x3F, 0x00, 0x3F, 0x03, 0x3F, 0x00, 0x37, 0x49, 0x36, 0xFF, 0x0D, 0xFD,
        0x01, 0xFF, 0x0A, 0xFF, 0x07, 0xFF, 0x0C, 0xFF, 0x1F, 0xFF, 0x20, 0xFF, 0x1F, 0xFF, 0x25, 0xFF, 0x2A, 0xFF, 0x26, 0xFF, 0x16, 0xFF, 0x10, 0xFF,
        0x14, 0xFF, 0x13, 0xFF, 0x13, 0xFF, 0x13, 0xFF, 0x13, 0xFF, 0x17, 0xFF, 0x0E, 0xFF, 0x1A, 0xFB, 0x31, 0xFF, 0x3A, 0xB8, 0x35, 0x15, 0x3F, 0x02,
        0x3F, 0x01, 0x21, 0x03, 0x29, 0x04, 0x3C, 0x01, 0x3F, 0x00, 0x3F, 0x00, 0x3F, 0x00, 0x3F, 0x00, 0x3F, 0x00, 0x3F, 0x00, 0x3F, 0x00, 0x3F, 0x00,
        0x3F, 0x00, 0x3F, 0x00, 0x3F, 0x00, 0x3F, 0x00, 0x3F, 0x00, 0x3F, 0x00, 0x3F, 0x00, 0x3F, 0x02, 0x37, 0x00, 0x3F, 0xB4, 0x2E, 0xFF, 0x02, 0xFC,
        0x09, 0xFF, 0x05, 0xFF, 0x08, 0xFF, 0x07, 0xFF, 0x0C, 0xFF, 0x1F, 0xFF, 0x25, 0xFF, 0x29, 0xFF, 0x27, 0xFF, 0x2A, 0xFF, 0x26, 0xFF, 0x18, 0xFF,
        0x10, 0xFF, 0x14, 0xFF, 0x13, 0xFF, 0x14, 0xFF, 0x12, 0xFF, 0x0E, 0xFE, 0x0F, 0xFC, 0x1A, 0xFD, 0x2E, 0xFF, 0x3F, 0xFF, 0x36, 0x7B, 0x3F, 0x00,
        0x3F, 0x04, 0x3F, 0x00, 0x3F, 0x00, 0x3F, 0x00, 0x3F, 0x00, 0x3F, 0x00, 0x3F, 0x00, 0x3F, 0x00, 0x3F, 0x00, 0x3F, 0x00, 0x3F, 0x00, 0x3F, 0x00,
        0x3F, 0x00, 0x3F, 0x00, 0x3F, 0x00, 0x3F, 0x00, 0x3F, 0x00, 0x3F, 0x00, 0x3F, 0x02, 0x3F, 0x00, 0x35, 0x28, 0x3F, 0xFA, 0x2B, 0xFE, 0x18, 0xFF,
        0x07, 0xFF, 0x08, 0xFF, 0x08, 0xFF, 0x08, 0xFF, 0x02, 0xFF, 0x16, 0xFF, 0x29, 0xFF, 0x29, 0xFF, 0x27, 0xFF, 0x27, 0xFF, 0x2A, 0xFF, 0x26, 0xFF,
        0x18, 0xFF, 0x10, 0xFF, 0x10, 0xFF, 0x0E, 0xFE, 0x13, 0xFB, 0x1B, 0xFF, 0x2E, 0xFF, 0x3F, 0xFF, 0x3F, 0xD1, 0x39, 0x6E, 0x3F, 0x13, 0x3F, 0x01,
        0x3F, 0x01, 0x3F, 0x00, 0x3F, 0x00, 0x3F, 0x00, 0x3F, 0x00, 0x3F, 0x00, 0x3F, 0x00, 0x3F, 0x00, 0x3F, 0x00, 0x3F, 0x00, 0x3F, 0x00, 0x3F, 0x00,
        0x3F, 0x00, 0x3F, 0x00, 0x3F, 0x00, 0x3F, 0x00, 0x3F, 0x00, 0x3F, 0x00, 0x3F, 0x03, 0x39, 0x00, 0x3B, 0x8E, 0x34, 0xFF, 0x1F, 0xFB, 0x20, 0xFF,
        0x18, 0xFF, 0x03, 0xFF, 0x08, 0xFF, 0x04, 0xFF, 0x0C, 0xFF, 0x10, 0xFF, 0x18, 0xFF, 0x27, 0xFF, 0x29, 0xFF, 0x27, 0xFF, 0x29, 0xFF, 0x2A, 0xFF,
        0x26, 0xFF, 0x16, 0xFD, 0x15, 0xFC, 0x2C, 0xFF, 0x31, 0xFF, 0x3F, 0xFB, 0x3F, 0xB1, 0x3F, 0x4C, 0x2B, 0x03, 0x3F, 0x00, 0x3F, 0x00, 0x3F, 0x00,
        0x3F, 0x00, 0x3F, 0x00, 0x3F, 0x00, 0x3F, 0x00, 0x3F, 0x00, 0x3F, 0x00, 0x3F, 0x00, 0x3F, 0x00, 0x3F, 0x00, 0x3F, 0x00, 0x3F, 0x00, 0x3F, 0x00,
        0x3F, 0x00, 0x3F, 0x00, 0x3F, 0x00, 0x3F, 0x00, 0x3F, 0x00, 0x3F, 0x01, 0x3F, 0x00, 0x30, 0x10, 0x3F, 0xEA, 0x2B, 0xFF, 0x1E, 0xFE, 0x1F, 0xFF,
        0x20, 0xFF, 0x18, 0xFF, 0x03, 0xFF, 0x0F, 0xFF, 0x14, 0xFF, 0x14, 0xFF, 0x10, 0xFF, 0x18, 0xFF, 0x29, 0xFF, 0x28, 0xFF, 0x26, 0xFE, 0x26, 0xFC,
        0x2B, 0xFD, 0x2E, 0xFF, 0x33, 0xFF, 0x3F, 0xE7, 0x3F, 0x8D, 0x35, 0x2D, 0x37, 0x00, 0x3F, 0x00, 0x3F, 0x00, 0x3F, 0x04, 0x3F, 0x01, 0x3F, 0x00,
        0x3F, 0x00, 0x3F, 0x00, 0x3F, 0x00, 0x3F, 0x00, 0x3F, 0x00, 0x3F, 0x00, 0x3F, 0x00, 0x3F, 0x00, 0x3F, 0x00, 0x3F, 0x00, 0x3F, 0x00, 0x3F, 0x00,
        0x3F, 0x00, 0x3F, 0x00, 0x3F, 0x00, 0x3F, 0x00, 0x3F, 0x00, 0x3F, 0x04, 0x3A, 0x00, 0x39, 0x68, 0x33, 0xFF, 0x19, 0xFC, 0x20, 0xFF, 0x1F, 0xFF,
        0x1F, 0xFF, 0x20, 0xFF, 0x19, 0xFF, 0x10, 0xFF, 0x13, 0xFF, 0x14, 0xFF, 0x14, 0xFF, 0x0E, 0xFF, 0x18, 0xFE, 0x27, 0xFB, 0x2B, 0xFF, 0x30, 0xFF,
        0x3B, 0xFF, 0x3F, 0xCB, 0x3F, 0x6A, 0x2F, 0x14, 0x39, 0x00, 0x3F, 0x00, 0x3F, 0x02, 0x3F, 0x03, 0x3F, 0x01, 0x3F, 0x00, 0x3F, 0x00, 0x3F, 0x00,
        0x3F, 0x00, 0x3F, 0x00, 0x3F, 0x00, 0x3F, 0x00, 0x3F, 0x00, 0x3F, 0x00, 0x3F, 0x00, 0x3F, 0x00, 0x3F, 0x00, 0x3F, 0x00, 0x3F, 0x00, 0x3F, 0x00,
        0x3F, 0x00, 0x3F, 0x00, 0x3F, 0x00, 0x3F, 0x00, 0x3F, 0x00, 0x3F, 0x01, 0x01, 0x03, 0x3F, 0xD0, 0x2C, 0xFF, 0x02, 0xFC, 0x19, 0xFF, 0x20, 0xFF,
        0x1F, 0xFF, 0x26, 0xFF, 0x2A, 0xFF, 0x19, 0xFF, 0x10, 0xFF, 0x0F, 0xFF, 0x0E, 0xFD, 0x1A, 0xFC, 0x2C, 0xFF, 0x31, 0xFF, 0x3F, 0xF8, 0x3F, 0xAD,
        0x3F, 0x47, 0x37, 0x00, 0x3A, 0x00, 0x3F, 0x00, 0x3F, 0x03, 0x3F, 0x02, 0x3F, 0x00, 0x3F, 0x00, 0x3F, 0x00, 0x3F, 0x00, 0x3F, 0x00, 0x3F, 0x00,
        0x3F, 0x00, 0x3F, 0x00, 0x3F, 0x00, 0x3F, 0x00, 0x3F, 0x00, 0x3F, 0x00, 0x3F, 0x00, 0x3F, 0x00, 0x3F, 0x00, 0x3F, 0x00, 0x3F, 0x00, 0x3F, 0x00,
        0x3F, 0x00, 0x3F, 0x00, 0x3F, 0x00, 0x3F, 0x00, 0x3F, 0x03, 0x3F, 0x00, 0x37, 0x43, 0x3A, 0xFF, 0x0D, 0xFD, 0x01, 0xFF, 0x04, 0xFF, 0x19, 0xFF,
        0x2A, 0xFF, 0x29, 0xFF, 0x27, 0xFF, 0x28, 0xFE, 0x19, 0xFC, 0x1B, 0xFE, 0x2D, 0xFF, 0x35, 0xFF, 0x3F, 0xE3, 0x3F, 0x88, 0x35, 0x28, 0x39, 0x00,
        0x3F, 0x00, 0x3F, 0x00, 0x3F, 0x04, 0x3F, 0x01, 0x3F, 0x00, 0x3F, 0x00, 0x3F, 0x00, 0x3F, 0x00, 0x3F, 0x00, 0x3F, 0x00, 0x3F, 0x00, 0x3F, 0x00,
        0x3F, 0x00, 0x3F, 0x00, 0x3F, 0x00, 0x3F, 0x00, 0x3F, 0x00, 0x3F, 0x00, 0x3F, 0x00, 0x3F, 0x00, 0x3F, 0x00, 0x3F, 0x00, 0x3F, 0x00, 0x3F, 0x00,
        0x3F, 0x00, 0x3F, 0x00, 0x3F, 0x00, 0x3F, 0x00, 0x3F, 0x02, 0x37, 0x00, 0x3F, 0xAE, 0x2E, 0xFF, 0x01, 0xFB, 0x05, 0xFF, 0x0B, 0xFF, 0x13, 0xFF,
        0x21, 0xFF, 0x26, 0xFD, 0x29, 0xFB, 0x2B, 0xFF, 0x30, 0xFF, 0x3F, 0xFF, 0x3F, 0xC7, 0x3F, 0x64, 0x2F, 0x11, 0x39, 0x00, 0x3F, 0x00, 0x3F, 0x02,
        0x3F, 0x03, 0x3F, 0x00, 0x3F, 0x00, 0x3F, 0x00, 0x3F, 0x00, 0x3F, 0x00, 0x3F, 0x00, 0x3F, 0x00, 0x3F, 0x00, 0x3F, 0x00, 0x3F, 0x00, 0x3F, 0x00,
        0x3F, 0x00, 0x3F, 0x00, 0x3F, 0x00, 0x3F, 0x00, 0x3F, 0x00, 0x3F, 0x00, 0x3F, 0x00, 0x3F, 0x00, 0x3F, 0x00, 0x3F, 0x00, 0x3F, 0x00, 0x3F, 0x00,
        0x3F, 0x00, 0x3F, 0x00, 0x3F, 0x00, 0x3F, 0x02, 0x3F, 0x00, 0x33, 0x24, 0x3F, 0xF8, 0x1B, 0xFE, 0x02, 0xFE, 0x0C, 0xFF, 0x0F, 0xFF, 0x0E, 0xFC,
        0x1A, 0xFC, 0x2E, 0xFF, 0x34, 0xFF, 0x3F, 0xF5, 0x3F, 0xA8, 0x37, 0x43, 0x37, 0x00, 0x3A, 0x00, 0x3F, 0x00, 0x3F, 0x04, 0x3F, 0x02, 0x3F, 0x00,
        0x3F, 0x00, 0x3F, 0x00, 0x3F, 0x00, 0x3F, 0x00, 0x3F, 0x00, 0x3F, 0x00, 0x3F, 0x00, 0x3F, 0x00, 0x3F, 0x00, 0x3F, 0x00, 0x3F, 0x00, 0x3F, 0x00,
        0x3F, 0x00, 0x3F, 0x00, 0x3F, 0x00, 0x3F, 0x00, 0x3F, 0x00, 0x3F, 0x00, 0x3F, 0x00, 0x3F, 0x00, 0x3F, 0x00, 0x3F, 0x00, 0x3F, 0x00, 0x3F, 0x00,
        0x3F, 0x00, 0x3F, 0x00, 0x3F, 0x00, 0x3F, 0x04, 0x38, 0x00, 0x3F, 0x88, 0x31, 0xFF, 0x04, 0xFB, 0x0B, 0xFE, 0x11, 0xFC, 0x1B, 0xFE, 0x2D, 0xFF,
        0x35, 0xFF, 0x3F, 0xDF, 0x3F, 0x83, 0x35, 0x24, 0x39, 0x00, 0x3F, 0x00, 0x3F, 0x00, 0x3F, 0x03, 0x3F, 0x01, 0x3F, 0x00, 0x3F, 0x00, 0x3F, 0x00,
        0x3F, 0x00, 0x3F, 0x00, 0x3F, 0x00, 0x3F, 0x00, 0x3F, 0x00, 0x3F, 0x00, 0x3F, 0x00, 0x3F, 0x00, 0x3F, 0x00, 0x3F, 0x00, 0x3F, 0x00, 0x3F, 0x00,
        0x3F, 0x00, 0x3F, 0x00, 0x3F, 0x00, 0x3F, 0x00, 0x3F, 0x00, 0x3F, 0x00, 0x3F, 0x00, 0x3F, 0x00, 0x3F, 0x00, 0x3F, 0x00, 0x3F, 0x00, 0x3F, 0x00,
        0x3F, 0x00, 0x3F, 0x00, 0x3F, 0x01, 0x3F, 0x00, 0x2D, 0x0E, 0x3F, 0xE6, 0x1B, 0xFD, 0x0B, 0xFA, 0x1C, 0xFF, 0x2F, 0xFF, 0x3F, 0xFF, 0x3F, 0xC2,
        0x3F, 0x5E, 0x30, 0x0D, 0x3A, 0x00, 0x3F, 0x00, 0x3F, 0x03, 0x3F, 0x03, 0x3F, 0x00, 0x3F, 0x00, 0x3F, 0x00, 0x3F, 0x00, 0x3F, 0x00, 0x3F, 0x00,
        0x3F, 0x00, 0x3F, 0x00, 0x3F, 0x00, 0x3F, 0x00, 0x3F, 0x00, 0x3F, 0x00, 0x3F, 0x00, 0x3F, 0x00, 0x3F, 0x00, 0x3F, 0x00, 0x3F, 0x00, 0x3F, 0x00,
        0x3F, 0x00, 0x3F, 0x00, 0x3F, 0x00, 0x3F, 0x00, 0x3F, 0x00, 0x3F, 0x00, 0x3F, 0x00, 0x3F, 0x00, 0x3F, 0x00, 0x3F, 0x00, 0x3F, 0x00, 0x3F, 0x00,
        0x3F, 0x00, 0x3F, 0x00, 0x3F, 0x04, 0x3F, 0x00, 0x3F, 0x5F, 0x36, 0xFE, 0x2C, 0xFF, 0x31, 0xFF, 0x3F, 0xF2, 0x3F, 0xA1, 0x36, 0x3E, 0x37, 0x00,
        0x3A, 0x00, 0x3F, 0x00, 0x3F, 0x04, 0x3F, 0x02, 0x3F, 0x00, 0x3F, 0x00, 0x3F, 0x00, 0x3F, 0x00, 0x3F, 0x00, 0x3F, 0x00, 0x3F, 0x00, 0x3F, 0x00,
        0x3F, 0x00, 0x3F, 0x00, 0x3F, 0x00, 0x3F, 0x00, 0x3F, 0x00, 0x3F, 0x00, 0x3F, 0x00, 0x3F, 0x00, 0x3F, 0x00, 0x3F, 0x00, 0x3F, 0x00, 0x3F, 0x00,
        0x3F, 0x00, 0x3F, 0x00, 0x3F, 0x00, 0x3F, 0x00, 0x3F, 0x00, 0x3F, 0x00, 0x3F, 0x00, 0x3F, 0x00, 0x3F, 0x00, 0x3F, 0x00, 0x3F, 0x00, 0x3F, 0x00,
        0x3F, 0x00, 0x3F, 0x01, 0x3F, 0x01, 0x3F, 0x02, 0x3F, 0xD7, 0x3F, 0xFF, 0x3F, 0xD9, 0x3F, 0x7C, 0x33, 0x20, 0x38, 0x00, 0x3F, 0x00, 0x3F, 0x01,
        0x3F, 0x03, 0x3F, 0x01, 0x3F, 0x00, 0x3F, 0x00, 0x3F, 0x00, 0x3F, 0x00, 0x3F, 0x00, 0x3F, 0x00, 0x3F, 0x00, 0x3F, 0x00, 0x3F, 0x00, 0x3F, 0x00,
        0x3F, 0x00, 0x3F, 0x00, 0x3F, 0x00, 0x3F, 0x00, 0x3F, 0x00, 0x3F, 0x00, 0x3F, 0x00, 0x3F, 0x00, 0x3F, 0x00, 0x3F, 0x00, 0x3F, 0x00, 0x3F, 0x00,
        0x3F, 0x00, 0x3F, 0x00, 0x3F, 0x00, 0x3F, 0x00, 0x3F, 0x00, 0x3F, 0x00, 0x3F, 0x00, 0x3F, 0x00, 0x3F, 0x00, 0x3F, 0x00, 0x3F, 0x00, 0x3F, 0x00,
        0x3F, 0x00, 0x3F, 0x00, 0x3F, 0x00, 0x3F, 0x02, 0x3F, 0x79, 0x3F, 0x5E, 0x2E, 0x09, 0x39, 0x00, 0x3F, 0x00, 0x3F, 0x03, 0x3F, 0x03, 0x3F, 0x00,
        0x3F, 0x00, 0x3F, 0x00, 0x3F, 0x00, 0x3F, 0x00, 0x3F, 0x00, 0x3F, 0x00, 0x3F, 0x00, 0x3F, 0x00, 0x3F, 0x00, 0x3F, 0x00, 0x3F, 0x00, 0x3F, 0x00,
        0x3F, 0x00, 0x3F, 0x00, 0x3F, 0x00, 0x3F, 0x00, 0x3F, 0x00, 0x3F, 0x00, 0x3F, 0x00, 0x3F, 0x00, 0x3F, 0x00, 0x3F, 0x00, 0x3F, 0x00, 0x3F, 0x00,
        0x3F, 0x00, 0x3F, 0x00, 0x3F, 0x00, 0x3F, 0x00, 0x3F, 0x00, 0x3F, 0x00, 0x3F, 0x00, 0x3F, 0x00, 0x3F, 0x00, 0x3F, 0x00, 0x3F, 0x00, 0x3F, 0x00,
        0x3F, 0x00, 0x3F, 0x00, 0x3F, 0x00, 0x3F, 0x00, 0x3F, 0x00, 0x3F, 0x00, 0x3F, 0x00, 0x3F, 0x04, 0x3F, 0x02, 0x3F, 0x00, 0x3F, 0x00, 0x3F, 0x00,
        0x3F, 0x00, 0x3F, 0x00, 0x3F, 0x00, 0x3F, 0x00, 0x3F, 0x00, 0x3F, 0x00, 0x3F, 0x00, 0x3F, 0x00, 0x3F, 0x00, 0x3F, 0x00, 0x3F, 0x00, 0x3F, 0x00,
        0x3F, 0x00, 0x3F, 0x00, 0x3F, 0x00, 0x3F, 0x00, 0x3F, 0x00, 0x3F, 0x00, 0x3F, 0x00, 0x3F, 0x00, 0x3F, 0x00, 0x3F, 0x00, 0x3F, 0x00, 0x3F, 0x00,
        0x3F, 0x00, 0x3F, 0x00, 0x3F, 0x00, 0x3F, 0x00, 0x3F, 0x00, 0x3F, 0x00, 0x3F, 0x00, 0x3F, 0x00, 0x3F, 0x00, 0x3F, 0x00, 0x3F, 0x00, 0x3F, 0x00,
        0x3F, 0x00, 0x3F, 0x00, 0x3F, 0x00, 0x3F, 0x00, 0x3F, 0x03, 0x3F, 0x03, 0x3F, 0x01, 0x3F, 0x00, 0x3F, 0x00, 0x3F, 0x00, 0x3F, 0x00, 0x3F, 0x00,
        0x3F, 0x00, 0x3F, 0x00, 0x3F, 0x00, 0x3F, 0x00, 0x3F, 0x00, 0x3F, 0x00, 0x3F, 0x00, 0x3F, 0x00, 0x3F, 0x00, 0x3F, 0x00, 0x3F, 0x00, 0x3F, 0x00,
        0x3F, 0x00, 0x3F, 0x00, 0x3F, 0x00, 0x3F, 0x00, 0x3F, 0x00, 0x3F, 0x00, 0x3F, 0x00, 0x3F, 0x00, 0x3F, 0x00, 0x3F, 0x00, 0x3F, 0x00, 0x3F, 0x00,
        0x3F, 0x00, 0x3F, 0x00, 0x3F, 0x00, 0x3F, 0x00, 0x3F, 0x00, 0x3F, 0x00, 0x3F, 0x00, 0x3F, 0x00, 0x3F, 0x00, 0x3F, 0x00, 0x3F, 0x00, 0x3F, 0x00,
        0x3F, 0x00, 0x3F, 0x00, 0x3F, 0x00, 0x3F, 0x00, 0x3F, 0x00, 0x3F, 0x00, 0x3F, 0x00, 0x3F, 0x00, 0x3F, 0x00, 0x3F, 0x00, 0x3F, 0x00, 0x3F, 0x00,
        0x3F, 0x00, 0x3F, 0x00, 0x3F, 0x00, 0x3F, 0x00, 0x3F, 0x00, 0x3F, 0x00, 0x3F, 0x00, 0x3F, 0x00, 0x3F, 0x00, 0x3F, 0x00, 0x3F, 0x00, 0x3F, 0x00,
        0x3F, 0x00, 0x3F, 0x00, 0x3F, 0x00, 0x3F, 0x00, 0x3F, 0x00, 0x3F, 0x00, 0x3F, 0x00, 0x3F, 0x00, 0x3F, 0x00, 0x3F, 0x00, 0x3F, 0x00, 0x3F, 0x00,
        0x3F, 0x00, 0x3F, 0x00, 0x3F, 0x00, 0x3F, 0x00, 0x3F, 0x00, 0x3F, 0x00, 0x3F, 0x00, 0x3F, 0x00, 0x3F, 0x00, 0x3F, 0x00, 0x3F, 0x00, 0x3F, 0x00,
        0x3F, 0x00, 0x3F, 0x00, 0x3F, 0x00, 0x3F, 0x00, 0x3F, 0x00, 0x3F, 0x00, 0x3F, 0x00, 0x3F, 0x00, 0x3F, 0x00, 0x3F, 0x00, 0x3F, 0x00, 0x3F, 0x00,
        0x3F, 0x00, 0x3F, 0x00, 0x3F, 0x00, 0x3F, 0x00, 0x3F, 0x00, 0x3F, 0x00, 0x3F, 0x00, 0x3F, 0x00, 0x3F, 0x00, 0x3F, 0x00, 0x3F, 0x00, 0x3F, 0x00,
        0x3F, 0x00, 0x3F, 0x00, 0x3F, 0x00, 0x3F, 0x00, 0x3F, 0x00, 0x3F, 0x00, 0x3F, 0x00, 0x3F, 0x00, 0x3F, 0x00, 0x3F, 0x00, 0x3F, 0x00, 0x3F, 0x00,
        0x3F, 0x00, 0x3F, 0x00, 0x3F, 0x00, 0x3F, 0x00, 0x3F, 0x00, 0x3F, 0x00, 0x3F, 0x00, 0x3F, 0x00, 0x3F, 0x00, 0x3F, 0x00, 0x3F, 0x00, 0x3F, 0x00,
    },
    // thinking: 1F914.svg, source sha256 eadd96d61939
    {
        0x3F, 0x00, 0x3F, 0x00, 0x3F, 0x00, 0x3F, 0x00, 0x3F, 0x00, 0x3F, 0x00, 0x3F, 0x00, 0x3F, 0x00, 0x3F, 0x00, 0x3F, 0x00, 0x3F, 0x00, 0x3F, 0x00,
        0x3F, 0x00, 0x3F, 0x00, 0x3F, 0x00, 0x3F, 0x00, 0x3F, 0x00, 0x3F, 0x00, 0x3F, 0x00, 0x3F, 0x00, 0x3F, 0x00, 0x3F, 0x00, 0x3F, 0x00, 0x3F, 0x00,
        0x3F, 0x00, 0x3F, 0x00, 0x3F, 0x00, 0x3F, 0x00, 0x3F, 0x00, 0x3F, 0x00, 0x3F, 0x00, 0x3F, 0x00, 0x3F, 0x00, 0x3F, 0x00, 0x3F, 0x00, 0x3F, 0x00,
        0x3F, 0x00, 0x3F, 0x00, 0x3F, 0x00, 0x3F, 0x00, 0x3F, 0x00, 0x3F, 0x00, 0x3F, 0x00, 0x3F, 0x00, 0x3F, 0x00, 0x3F, 0x00, 0x3F, 0x00, 0x3F, 0x00,
        0x3F, 0x00, 0x3F, 0x00, 0x3F, 0x00, 0x3F, 0x00, 0x3F, 0x00, 0x3F, 0x00, 0x3F, 0x00, 0x3F, 0x00, 0x3F, 0x00, 0x3F, 0x00, 0x3F, 0x00, 0x3F, 0x00,
        0x3F, 0x00, 0x3F, 0x00, 0x3F, 0x00, 0x3F, 0x00, 0x3F, 0x00, 0x3F, 0x00, 0x3F, 0x00, 0x3F, 0x00, 0x3F, 0x00, 0x3F, 0x00, 0x3F, 0x00, 0x3F, 0x00,
        0x3F, 0x00, 0x3F, 0x00, 0x3F, 0x00, 0x3F, 0x00, 0x3F, 0x00, 0x3F, 0x00, 0x3F, 0x00, 0x3F, 0x00, 0x3F, 0x00, 0x3F, 0x00, 0x3F, 0x00, 0x3F, 0x00,
        0x3F, 0x00, 0x3F, 0x00, 0x3F, 0x00, 0x3F, 0x00, 0x3F, 0x00, 0x3F, 0x00, 0x3F, 0x00, 0x3F, 0x00, 0x3F, 0x00, 0x3F, 0x00, 0x3F, 0x00, 0x3F, 0x00,
        0x3F, 0x00, 0x3F, 0x00, 0x3F, 0x00, 0x3F, 0x00, 0x3F, 0x00, 0x3F, 0x00, 0x3F, 0x00, 0x3F, 0x00, 0x3F, 0x00, 0x3F, 0x00, 0x3F, 0x00, 0x3F, 0x00,
        0x3F, 0x00, 0x3F, 0x00, 0x3F, 0x00, 0x3F, 0x00, 0x3F, 0x00, 0x3F, 0x00, 0x3F, 0x00, 0x3F, 0x00, 0x3F, 0x00, 0x3F, 0x00, 0x3F, 0x00, 0x3F, 0x00,
        0x3F, 0x00, 0x3F, 0x00, 0x3F, 0x00, 0x3F, 0x00, 0x3F, 0x00, 0x3F, 0x00, 0x3F, 0x00, 0x3F, 0x00, 0x3F, 0x00, 0x3F, 0x00, 0x3F, 0x00, 0x3F, 0x00,
        0x3F, 0x00, 0x3F, 0x00, 0x3F, 0x00, 0x3F, 0x00, 0x3F, 0x00, 0x3F, 0x00, 0x3F, 0x00, 0x3F, 0x00, 0x3F, 0x00, 0x3F, 0x00, 0x3F, 0x00, 0x3F, 0x00,
        0x3F, 0x00, 0x3F, 0x00, 0x3F, 0x00, 0x3F, 0x00, 0x3F, 0x00, 0x3F, 0x00, 0x3F, 0x00, 0x3F, 0x00, 0x3F, 0x00, 0x3F, 0x00, 0x3F, 0x00, 0x3F, 0x00,
        0x3F, 0x00, 0x3F, 0x00, 0x3F, 0x00, 0x3F, 0x00, 0x3F, 0x00, 0x3F, 0x00, 0x3F, 0x00, 0x3F, 0x00, 0x3F, 0x00, 0x3F, 0x00, 0x3F, 0x00, 0x3F, 0x00,
        0x3F, 0x00, 0x3F, 0x00, 0x3F, 0x00, 0x3F, 0x00, 0x3F, 0x00, 0x3F, 0x00, 0x3F, 0x00, 0x3F, 0x00, 0x3F, 0x00, 0x3F, 0x00, 0x3F, 0x00, 0x3F, 0x00,
        0x3F, 0x00, 0x3F, 0x00, 0x3F, 0x00, 0x3F, 0x00, 0x3F, 0x00, 0x3F, 0x00, 0x3F, 0x00, 0x3F, 0x00, 0x3F, 0x00, 0x3F, 0x00, 0x3F, 0x00, 0x3F, 0x00,
        0x3F, 0x00, 0x3F, 0x00, 0x3F, 0x00, 0x3F, 0x00, 0x3F, 0x00, 0x3F, 0x00, 0x3F, 0x00, 0x3F, 0x00, 0x3F, 0x00, 0x3F, 0x00, 0x3F, 0x00, 0x3F, 0x00,
        0x3F, 0x00, 0x3F, 0x00, 0x3F, 0x00, 0x3F, 0x00, 0x3F, 0x00, 0x3F, 0x00, 0x3F, 0x00, 0x3F, 0x00, 0x3F, 0x00, 0x3F, 0x00, 0x3F, 0x00, 0x3F, 0x00,
        0x3F, 0x00, 0x3F, 0x00, 0x3F, 0x00, 0x3F, 0x00, 0x3F, 0x00, 0x3F, 0x00, 0x3F, 0x00, 0x3F, 0x00, 0x3F, 0x00, 0x3F, 0x00, 0x3F, 0x00, 0x3F, 0x00,
        0x3F, 0x00, 0x3F, 0x00, 0x3F, 0x00, 0x3F, 0x00, 0x3F, 0x00, 0x3F, 0x00, 0x3F, 0x00, 0x3F, 0x00, 0x3F, 0x00, 0x3F, 0x00, 0x3F, 0x00, 0x3F, 0x00,
        0x3F, 0x00, 0x3F, 0x00, 0x3F, 0x00, 0x3F, 0x00, 0x3F, 0x00, 0x3F, 0x00, 0x3F, 0x00, 0x3F, 0x00, 0x3F, 0x00, 0x3F, 0x00, 0x3F, 0x00, 0x3F, 0x00,
        0x3F, 0x00, 0x3F, 0x00, 0x3F, 0x00, 0x3F, 0x00, 0x3F, 0x00, 0x3F, 0x00, 0x3F, 0x00, 0x3F, 0x00, 0x3F, 0x00, 0x3F, 0x00, 0x3F, 0x00, 0x3F, 0x01,
        0x3F, 0x01, 0x3F, 0x00, 0x3F, 0x00, 0x3F, 0x00, 0x3F, 0x00, 0x3F, 0x00, 0x3F, 0x00, 0x3F, 0x00, 0x3F, 0x00, 0x3F, 0x00, 0x3F, 0x00, 0x3F, 0x00,
        0x3F, 0x00, 0x3F, 0x00, 0x3F, 0x00, 0x3F, 0x00, 0x3F, 0x00, 0x3F, 0x00, 0x3F, 0x00, 0x3F, 0x00, 0x3F, 0x00, 0x3F, 0x00, 0x3F, 0x00, 0x3F, 0x00,
        0x3F, 0x00, 0x3F, 0x00, 0x3F, 0x00, 0x3F, 0x00, 0x3F, 0x00, 0x3F, 0x00, 0x3F, 0x00, 0x3F, 0x00, 0x3F, 0x00, 0x3F, 0x00, 0x3F, 0x00, 0x3F, 0x00,
        0x3F, 0x00, 0x3F, 0x00, 0x3F, 0x00, 0x3F, 0x00, 0x3F, 0x00, 0x3F, 0x00, 0x3F, 0x01, 0x3F, 0x03, 0x3F, 0x04, 0x3F, 0x03, 0x3F, 0x00, 0x3F, 0x00,
        0x3F, 0x00, 0x3F, 0x00, 0x3F, 0x03, 0x3F, 0x04, 0x3F, 0x03, 0x3F, 0x01, 0x3F, 0x00, 0x3F, 0x00, 0x3F, 0x00, 0x3F, 0x00, 0x3F, 0x00, 0x3F, 0x00,
        0x3F, 0x00, 0x3F, 0x00, 0x3F, 0x00, 0x3F, 0x00, 0x3F, 0x00, 0x3F, 0x00, 0x3F, 0x00, 0x3F, 0x00, 0x3F, 0x00, 0x3F, 0x00, 0x3F, 0x00, 0x3F, 0x00,
        0x3F, 0x00, 0x3F, 0x00, 0x3F, 0x00, 0x3F, 0x00, 0x3F, 0x00, 0x3F, 0x00, 0x3F, 0x00, 0x3F, 0x00, 0x3F, 0x00, 0x3F, 0x00, 0x3F, 0x00, 0x3F, 0x00,
        0x3F, 0x00, 0x3F, 0x00, 0x3F, 0x00, 0x3F, 0x00, 0x3F, 0x01, 0x3F, 0x03, 0x3F, 0x00, 0x3F, 0x00, 0x3C, 0x00, 0x3A, 0x00, 0x39, 0x00, 0x01, 0x08,
        0x01, 0x08, 0x39, 0x00, 0x3A, 0x00, 0x3C, 0x00, 0x3F, 0x00, 0x3F, 0x00, 0x3F, 0x03, 0x3F, 0x01, 0x3F, 0x00, 0x3F, 0x00, 0x3F, 0x00, 0x3F, 0x00,
        0x3F, 0x00, 0x3F, 0x00, 0x3F, 0x00, 0x3F, 0x00, 0x3F, 0x00, 0x3F, 0x00, 0x3F, 0x00, 0x3F, 0x00, 0x3F, 0x00, 0x3F, 0x00, 0x3F, 0x00, 0x3F, 0x00,
        0x3F, 0x00, 0x3F, 0x00, 0x3F, 0x00, 0x3F, 0x00, 0x3F, 0x00, 0x3F, 0x00, 0x3F, 0x00, 0x3F, 0x00, 0x3F, 0x00, 0x3F, 0x00, 0x3F, 0x00, 0x3F, 0x00,
        0x3F, 0x00, 0x3F, 0x00, 0x3F, 0x01, 0x3F, 0x03, 0x3F, 0x00, 0x3C, 0x00, 0x01, 0x0A, 0x34, 0x45, 0x39, 0x84, 0x3F, 0xB4, 0x3F, 0xCC, 0x3F, 0xDF,
        0x3F, 0xDF, 0x3F, 0xCC, 0x3F, 0xB4, 0x3A, 0x83, 0x34, 0x45, 0x24, 0x0B, 0x3C, 0x00, 0x3F, 0x00, 0x3F, 0x03, 0x3F, 0x00, 0x3F, 0x00, 0x3F, 0x00,
        0x3F, 0x00, 0x3F, 0x00, 0x3F, 0x00, 0x3F, 0x00, 0x3F, 0x00, 0x3F, 0x00, 0x3F, 0x00, 0x3F, 0x00, 0x3F, 0x00, 0x3F, 0x00, 0x3F, 0x00, 0x3F, 0x00,
        0x3F, 0x00, 0x3F, 0x00, 0x3F, 0x00, 0x3F, 0x00, 0x3F, 0x00, 0x3F, 0x00, 0x3F, 0x00, 0x3F, 0x00, 0x3F, 0x00, 0x3F, 0x00, 0x3F, 0x00, 0x3F, 0x00,
        0x3F, 0x00, 0x3F, 0x02, 0x3F, 0x00, 0x3D, 0x00, 0x2E, 0x1C, 0x37, 0x86, 0x3F, 0xDE, 0x3C, 0xFF, 0x34, 0xFF, 0x31, 0xFF, 0x2E, 0xFF, 0x2C, 0xFF,
        0x2C, 0xFF, 0x2E, 0xFF, 0x31, 0xFF, 0x34, 0xFF, 0x3C, 0xFF, 0x3F, 0xDE, 0x38, 0x86, 0x2E, 0x1D, 0x3D, 0x00, 0x3F, 0x00, 0x3F, 0x02, 0x3F, 0x00,
        0x3F, 0x00, 0x3F, 0x00, 0x3F, 0x00, 0x3F, 0x00, 0x3F, 0x00, 0x3F, 0x00, 0x3F, 0x00, 0x3F, 0x00, 0x3F, 0x00, 0x3F, 0x00, 0x3F, 0x00, 0x3F, 0x00,
        0x3F, 0x00, 0x3F, 0x00, 0x3F, 0x00, 0x3F, 0x00, 0x3F, 0x00, 0x3F, 0x00, 0x3F, 0x00, 0x3F, 0x00, 0x3F, 0x00, 0x3F, 0x00, 0x3F, 0x00, 0x3F, 0x00,
        0x3F, 0x02, 0x3F, 0x00, 0x00, 0x02, 0x35, 0x75, 0x3F, 0xED, 0x36, 0xFF, 0x2E, 0xFF, 0x26, 0xFD, 0x14, 0xFB, 0x07, 0xFC, 0x03, 0xFD, 0x02, 0xFD,
        0x02, 0xFD, 0x02, 0xFD, 0x07, 0xFC, 0x14, 0xFB, 0x26, 0xFD, 0x2E, 0xFF, 0x36, 0xFF, 0x3F, 0xEE, 0x36, 0x77, 0x00, 0x03, 0x3F, 0x00, 0x3F, 0x03,
        0x3F, 0x00, 0x3F, 0x00, 0x3F, 0x00, 0x3F, 0x00, 0x3F, 0x00, 0x3F, 0x00, 0x3F, 0x00, 0x3F, 0x00, 0x3F, 0x00, 0x3F, 0x00, 0x3F, 0x00, 0x3F, 0x00,
        0x3F, 0x00, 0x3F, 0x00, 0x3F, 0x00, 0x3F, 0x00, 0x3F, 0x00, 0x3F, 0x00, 0x3F, 0x00, 0x3F, 0x00, 0x3F, 0x00, 0x3F, 0x00, 0x3F, 0x00, 0x3F, 0x03,
        0x3F, 0x00, 0x2F, 0x1B, 0x39, 0xBD, 0x3B, 0xFF, 0x2E, 0xFF, 0x23, 0xFB, 0x07, 0xFD, 0x0B, 0xFF, 0x11, 0xFF, 0x1B, 0xFF, 0x1E, 0xFF, 0x1E, 0xFF,
        0x1E, 0xFF, 0x1E, 0xFF, 0x1B, 0xFF, 0x11, 0xFF, 0x09, 0xFF, 0x02, 0xFD, 0x23, 0xFB, 0x2E, 0xFF, 0x3A, 0xFF, 0x39, 0xBF, 0x30, 0x1C, 0x3F, 0x00,
        0x3F, 0x03, 0x3F, 0x00, 0x3F, 0x00, 0x3F, 0x00, 0x3F, 0x00, 0x3F, 0x00, 0x3F, 0x00, 0x3F, 0x00, 0x3F, 0x00, 0x3F, 0x00, 0x3F, 0x00, 0x3F, 0x00,
        0x3F, 0x00, 0x3F, 0x00, 0x3F, 0x00, 0x3F, 0x00, 0x3F, 0x00, 0x3F, 0x00, 0x3F, 0x00, 0x3F, 0x00, 0x3F, 0x00, 0x3F, 0x00, 0x3F, 0x02, 0x3F, 0x00,
        0x30, 0x27, 0x3D, 0xDD, 0x35, 0xFF, 0x26, 0xFB, 0x01, 0xFE, 0x01, 0xFF, 0x09, 0xFF, 0x0E, 0xFF, 0x1B, 0xFF, 0x15, 0xFF, 0x12, 0xFF, 0x12, 0xFF,
        0x12, 0xFF, 0x12, 0xFF, 0x12, 0xFF, 0x15, 0xFF, 0x17, 0xFF, 0x1E, 0xFF, 0x0F, 0xFF, 0x02, 0xFE, 0x26, 0xFA, 0x35, 0xFF, 0x3F, 0xDF, 0x32, 0x29,
        0x3F, 0x00, 0x3F, 0x02, 0x3F, 0x00, 0x3F, 0x00, 0x3F, 0x00, 0x3F, 0x00, 0x3F, 0x00, 0x3F, 0x00, 0x3F, 0x00, 0x3F, 0x00, 0x3F, 0x00, 0x3F, 0x00,
        0x3F, 0x00, 0x3F, 0x00, 0x3F, 0x00, 0x3F, 0x00, 0x3F, 0x00, 0x3F, 0x00, 0x3F, 0x00, 0x3F, 0x00, 0x3F, 0x00, 0x3F, 0x02, 0x3F, 0x00, 0x2F, 0x1B,
        0x3C, 0xE0, 0x34, 0xFF, 0x20, 0xFB, 0x22, 0xFF, 0x2A, 0xFF, 0x2C, 0xFF, 0x29, 0xFF, 0x25, 0xFF, 0x06, 0xFF, 0x0F, 0xFF, 0x13, 0xFF, 0x12, 0xFF,
        0x12, 0xFF, 0x12, 0xFF, 0x12, 0xFF, 0x12, 0xFF, 0x12, 0xFF, 0x12, 0xFF, 0x15, 0xFF, 0x1F, 0xFF, 0x07, 0xFF, 0x23, 0xFB, 0x33, 0xFF, 0x3D, 0xE2,
        0x30, 0x1C, 0x3F, 0x00, 0x3F, 0x02, 0x3F, 0x00, 0x3F, 0x00, 0x3F, 0x00, 0x3F, 0x00, 0x3F, 0x00, 0x3F, 0x00, 0x3F, 0x00, 0x3F, 0x00, 0x3F, 0x00,
        0x3F, 0x00, 0x3F, 0x00, 0x3F, 0x00, 0x3F, 0x00, 0x3F, 0x00, 0x3F, 0x00, 0x3F, 0x00, 0x3F, 0x00, 0x3F, 0x01, 0x3F, 0x03, 0x02, 0x06, 0x39, 0xC7,
        0x35, 0xFF, 0x22, 0xFB, 0x2B, 0xFF, 0x3F, 0xFF, 0x3B, 0xFF, 0x37, 0xFF, 0x3B, 0xFF, 0x3F, 0xFF, 0x2F, 0xFF, 0x22, 0xFF, 0x14, 0xFF, 0x15, 0xFF,
        0x12, 0xFF, 0x12, 0xFF, 0x12, 0xFF, 0x12, 0xFF, 0x17, 0xFF, 0x1B, 0xFF, 0x1E, 0xFF, 0x1C, 0xFF, 0x21, 0xFF, 0x0C, 0xFF, 0x23, 0xFB, 0x35, 0xFF,
        0x3A, 0xC7, 0x01, 0x05, 0x3F, 0x03, 0x3F, 0x01, 0x3F, 0x00, 0x3F, 0x00, 0x3F, 0x00, 0x3F, 0x00, 0x3F, 0x00, 0x3F, 0x00, 0x3F, 0x00, 0x3F, 0x00,
        0x3F, 0x00, 0x3F, 0x00, 0x3F, 0x00, 0x3F, 0x00, 0x3F, 0x00, 0x3F, 0x00, 0x3F, 0x00, 0x3F, 0x00, 0x3F, 0x03, 0x3C, 0x00, 0x36, 0x82, 0x3A, 0xFF,
        0x26, 0xFA, 0x01, 0xFF, 0x2C, 0xFF, 0x2C, 0xFF, 0x23, 0xFF, 0x1C, 0xFF, 0x23, 0xFF, 0x2A, 0xFF, 0x38, 0xFF, 0x27, 0xFF, 0x08, 0xFF, 0x1B, 0xFF,
        0x12, 0xFF, 0x12, 0xFF, 0x12, 0xFF, 0x12, 0xFF, 0x09, 0xFF, 0x05, 0xFF, 0x03, 0xFF, 0x03, 0xFF, 0x05, 0xFF, 0x0F, 0xFF, 0x06, 0xFF, 0x26, 0xFA,
        0x3A, 0xFF, 0x37, 0x82, 0x3D, 0x00, 0x3F, 0x03, 0x3F, 0x00, 0x3F, 0x00, 0x3F, 0x00, 0x3F, 0x00, 0x3F, 0x00, 0x3F, 0x00, 0x3F, 0x00, 0x3F, 0x00,
        0x3F, 0x00, 0x3F, 0x00, 0x3F, 0x00, 0x3F, 0x00, 0x3F, 0x00, 0x3F, 0x00, 0x3F, 0x00, 0x3F, 0x02, 0x3F, 0x01, 0x2F, 0x24, 0x3F, 0xF8, 0x2D, 0xFC,
        0x02, 0xFE, 0x1F, 0xFF, 0x07, 0xFF, 0x05, 0xFF, 0x0E, 0xFF, 0x12, 0xFF, 0x11, 0xFF, 0x08, 0xFF, 0x22, 0xFF, 0x1C, 0xFF, 0x12, 0xFF, 0x12, 0xFF,
        0x12, 0xFF, 0x12, 0xFF, 0x12, 0xFF, 0x14, 0xFF, 0x26, 0xFF, 0x29, 0xFF, 0x2B, 0xFF, 0x2B, 0xFF, 0x28, 0xFF, 0x25, 0xFF, 0x21, 0xFF, 0x02, 0xFE,
        0x2C, 0xFC, 0x3F, 0xF8, 0x31, 0x24, 0x3F, 0x01, 0x3F, 0x02, 0x3F, 0x00, 0x3F, 0x00, 0x3F, 0x00, 0x3F, 0x00, 0x3F, 0x00, 0x3F, 0x00, 0x3F, 0x00,
        0x3F, 0x00, 0x3F, 0x00, 0x3F, 0x00, 0x3F, 0x00, 0x3F, 0x00, 0x3F, 0x00, 0x3F, 0x00, 0x3F, 0x03, 0x3C, 0x00, 0x38, 0x99, 0x35, 0xFF, 0x20, 0xFB,
        0x11, 0xFF, 0x15, 0xFF, 0x19, 0xFF, 0x1B, 0xFF, 0x1B, 0xFF, 0x0C, 0xFF, 0x04, 0xFF, 0x09, 0xFF, 0x0F, 0xFF, 0x11, 0xFF, 0x12, 0xFF, 0x12, 0xFF,
        0x12, 0xFF, 0x15, 0xFF, 0x0F, 0xFF, 0x23, 0xFF, 0x36, 0xFF, 0x3F, 0xFF, 0x38, 0xFF, 0x38, 0xFF, 0x3C, 0xFF, 0x3F, 0xFF, 0x2F, 0xFF, 0x06, 0xFF,
        0x20, 0xFB, 0x35, 0xFF, 0x3A, 0x99, 0x3C, 0x00, 0x3F, 0x03, 0x3F, 0x00, 0x3F, 0x00, 0x3F, 0x00, 0x3F, 0x00, 0x3F, 0x00, 0x3F, 0x00, 0x3F, 0x00,
        0x3F, 0x00, 0x3F, 0x00, 0x3F, 0x00, 0x3F, 0x00, 0x3F, 0x00, 0x3F, 0x00, 0x3F, 0x01, 0x3F, 0x00, 0x2C, 0x15, 0x3F, 0xF0, 0x2C, 0xFE, 0x03, 0xFE,
        0x1E, 0xFF, 0x12, 0xFF, 0x12, 0xFF, 0x16, 0xFF, 0x0A, 0xFF, 0x26, 0xFF, 0x2D, 0xFF, 0x29, 0xFF, 0x0E, 0xFF, 0x15, 0xFF, 0x12, 0xFF, 0x12, 0xFF,
        0x12, 0xFF, 0x12, 0xFF, 0x12, 0xFF, 0x12, 0xFF, 0x25, 0xFF, 0x24, 0xFF, 0x21, 0xFF, 0x21, 0xFF, 0x23, 0xFF, 0x27, 0xFF, 0x26, 0xFF, 0x14, 0xFF,
        0x04, 0xFE, 0x2C, 0xFE, 0x3F, 0xF0, 0x2C, 0x15, 0x3F, 0x00, 0x3F, 0x01, 0x3F, 0x00, 0x3F, 0x00, 0x3F, 0x00, 0x3F, 0x00, 0x3F, 0x00, 0x3F, 0x00,
        0x3F, 0x00, 0x3F, 0x00, 0x3F, 0x00, 0x3F, 0x00, 0x3F, 0x00, 0x3F, 0x00, 0x3F, 0x04, 0x3F, 0x00, 0x36, 0x5B, 0x39, 0xFF, 0x25, 0xFC, 0x0C, 0xFF,
        0x17, 0xFF, 0x12, 0xFF, 0x15, 0xFF, 0x0D, 0xFF, 0x25, 0xFF, 0x38, 0xFF, 0x3F, 0xFF, 0x3F, 0xFF, 0x2A, 0xFF, 0x06, 0xFF, 0x1B, 0xFF, 0x12, 0xFF,
        0x12, 0xFF, 0x12, 0xFF, 0x12, 0xFF, 0x13, 0xFF, 0x0A, 0xFF, 0x01, 0xFF, 0x02, 0xFF, 0x0E, 0xFF, 0x0F, 0xFF, 0x07, 0xFF, 0x0A, 0xFF, 0x18, 0xFF,
        0x0C, 0xFF, 0x25, 0xFC, 0x39, 0xFF, 0x36, 0x5B, 0x3F, 0x00, 0x3F, 0x04, 0x3F, 0x00, 0x3F, 0x00, 0x3F, 0x00, 0x3F, 0x00, 0x3F, 0x00, 0x3F, 0x00,
        0x3F, 0x00, 0x3F, 0x00, 0x3F, 0x00, 0x3F, 0x00, 0x3F, 0x00, 0x3F, 0x00, 0x3F, 0x04, 0x3B, 0x00, 0x3C, 0x9F, 0x33, 0xFE, 0x0A, 0xFB, 0x15, 0xFF,
        0x12, 0xFF, 0x12, 0xFF, 0x1B, 0xFF, 0x05, 0xFF, 0x29, 0xFF, 0x3F, 0xFF, 0x38, 0xFF, 0x3C, 0xFF, 0x30, 0xFF, 0x05, 0xFF, 0x1B, 0xFF, 0x12, 0xFF,
        0x12, 0xFF, 0x12, 0xFF, 0x15, 0xFF, 0x0E, 0xFF, 0x23, 0xFF, 0x2C, 0xFF, 0x2C, 0xFF, 0x22, 0xFF, 0x10, 0xFF, 0x1E, 0xFF, 0x17, 0xFF, 0x12, 0xFF,
        0x15, 0xFF, 0x0A, 0xFB, 0x33, 0xFE, 0x3D, 0x9E, 0x3B, 0x00, 0x3F, 0x04, 0x3F, 0x00, 0x3F, 0x00, 0x3F, 0x00, 0x3F, 0x00, 0x3F, 0x00, 0x3F, 0x00,
        0x3F, 0x00, 0x3F, 0x00, 0x3F, 0x00, 0x3F, 0x00, 0x3F, 0x00, 0x3F, 0x00, 0x3F, 0x01, 0x00, 0x01, 0x3F, 0xCB, 0x2F, 0xFF, 0x03, 0xFD, 0x1E, 0xFF,
        0x12, 0xFF, 0x12, 0xFF, 0x15, 0xFF, 0x0E, 0xFF, 0x24, 0xFF, 0x36, 0xFF, 0x3F, 0xFF, 0x3F, 0xFF, 0x29, 0xFF, 0x07, 0xFF, 0x1B, 0xFF, 0x12, 0xFF,
        0x12, 0xFF, 0x12, 0xFF, 0x17, 0xFF, 0x0D, 0xFF, 0x31, 0xFF, 0x3F, 0xFF, 0x3F, 0xFF, 0x31, 0xFF, 0x0D, 0xFF, 0x17, 0xFF, 0x12, 0xFF, 0x12, 0xFF,
        0x1E, 0xFF, 0x03, 0xFD, 0x2F, 0xFF, 0x3F, 0xCB, 0x00, 0x01, 0x3F, 0x01, 0x3F, 0x00, 0x3F, 0x00, 0x3F, 0x00, 0x3F, 0x00, 0x3F, 0x00, 0x3F, 0x00,
        0x3F, 0x00, 0x3F, 0x00, 0x3F, 0x00, 0x3F, 0x00, 0x3F, 0x00, 0x3F, 0x01, 0x3F, 0x00, 0x24, 0x0C, 0x3F, 0xE8, 0x2C, 0xFF, 0x03, 0xFE, 0x1E, 0xFF,
        0x12, 0xFF, 0x12, 0xFF, 0x12, 0xFF, 0x16, 0xFF, 0x0B, 0xFF, 0x25, 0xFF, 0x2C, 0xFF, 0x28, 0xFF, 0x0C, 0xFF, 0x13, 0xFF, 0x12, 0xFF, 0x12, 0xFF,
        0x12, 0xFF, 0x15, 0xFF, 0x0F, 0xFF, 0x23, 0xFF, 0x39, 0xFF, 0x39, 0xFF, 0x39, 0xFF, 0x39, 0xFF, 0x23, 0xFF, 0x0F, 0xFF, 0x15, 0xFF, 0x12, 0xFF,
        0x1E, 0xFF, 0x03, 0xFE, 0x2C, 0xFF, 0x3F, 0xE8, 0x24, 0x0C, 0x3F, 0x00, 0x3F, 0x01, 0x3F, 0x00, 0x3F, 0x00, 0x3F, 0x00, 0x3F, 0x00, 0x3F, 0x00,
        0x3F, 0x00, 0x3F, 0x00, 0x3F, 0x00, 0x3F, 0x00, 0x3F, 0x00, 0x3F, 0x01, 0x3F, 0x00, 0x31, 0x11, 0x3F, 0xEE, 0x29, 0xFF, 0x05, 0xFE, 0x1C, 0xFF,
        0x12, 0xFF, 0x12, 0xFF, 0x12, 0xFF, 0x12, 0xFF, 0x16, 0xFF, 0x0D, 0xFF, 0x04, 0xFF, 0x08, 0xFF, 0x15, 0xFF, 0x12, 0xFF, 0x12, 0xFF, 0x12, 0xFF,
        0x12, 0xFF, 0x12, 0xFF, 0x17, 0xFF, 0x0C, 0xFF, 0x30, 0xFF, 0x3F, 0xFF, 0x3F, 0xFF, 0x30, 0xFF, 0x0C, 0xFF, 0x17, 0xFF, 0x12, 0xFF, 0x12, 0xFF,
        0x1C, 0xFF, 0x05, 0xFE, 0x29, 0xFF, 0x3F, 0xEE, 0x32, 0x11, 0x3F, 0x00, 0x3F, 0x01, 0x3F, 0x00, 0x3F, 0x00, 0x3F, 0x00, 0x3F, 0x00, 0x3F, 0x00,
        0x3F, 0x00, 0x3F, 0x00, 0x3F, 0x00, 0x3F, 0x00, 0x3F, 0x00, 0x3F, 0x01, 0x3F, 0x00, 0x32, 0x11, 0x3F, 0xEE, 0x29, 0xFF, 0x05, 0xFE, 0x1C, 0xFF,
        0x12, 0xFF, 0x12, 0xFF, 0x12, 0xFF, 0x12, 0xFF, 0x12, 0xFF, 0x17, 0xFF, 0x1E, 0xFF, 0x1B, 0xFF, 0x12, 0xFF, 0x12, 0xFF, 0x12, 0xFF, 0x12, 0xFF,
        0x12, 0xFF, 0x12, 0xFF, 0x15, 0xFF, 0x10, 0xFF, 0x20, 0xFF, 0x2A, 0xFF, 0x2A, 0xFF, 0x20, 0xFF, 0x10, 0xFF, 0x15, 0xFF, 0x12, 0xFF, 0x12, 0xFF,
        0x1B, 0xFF, 0x05, 0xFE, 0x29, 0xFF, 0x3F, 0xEE, 0x32, 0x11, 0x3F, 0x00, 0x3F, 0x01, 0x3F, 0x00, 0x3F, 0x00, 0x3F, 0x00, 0x3F, 0x00, 0x3F, 0x00,
        0x3F, 0x00, 0x3F, 0x00, 0x3F, 0x00, 0x3F, 0x00, 0x3F, 0x00, 0x3F, 0x01, 0x3F, 0x00, 0x2A, 0x0F, 0x3F, 0xEC, 0x2B, 0xFF, 0x04, 0xFE, 0x1E, 0xFF,
        0x12, 0xFF, 0x12, 0xFF, 0x12, 0xFF, 0x12, 0xFF, 0x12, 0xFF, 0x12, 0xFF, 0x12, 0xFF, 0x12, 0xFF, 0x12, 0xFF, 0x12, 0xFF, 0x12, 0xFF, 0x12, 0xFF,
        0x12, 0xFF, 0x12, 0xFF, 0x12, 0xFF, 0x13, 0xFF, 0x11, 0xFF, 0x05, 0xFF, 0x05, 0xFF, 0x11, 0xFF, 0x13, 0xFF, 0x12, 0xFF, 0x12, 0xFF, 0x12, 0xFF,
        0x1E, 0xFF, 0x03, 0xFE, 0x2B, 0xFF, 0x3F, 0xEB, 0x28, 0x0F, 0x3F, 0x00, 0x3F, 0x01, 0x3F, 0x00, 0x3F, 0x00, 0x3F, 0x00, 0x3F, 0x00, 0x3F, 0x00,
        0x3F, 0x00, 0x3F, 0x00, 0x3F, 0x00, 0x3F, 0x00, 0x3F, 0x00, 0x3F, 0x01, 0x3F, 0x00, 0x00, 0x04, 0x3F, 0xD4, 0x2E, 0xFF, 0x02, 0xFD, 0x1E, 0xFF,
        0x12, 0xFF, 0x12, 0xFF, 0x12, 0xFF, 0x12, 0xFF, 0x12, 0xFF, 0x12, 0xFF, 0x12, 0xFF, 0x15, 0xFF, 0x17, 0xFF, 0x17, 0xFF, 0x15, 0xFF, 0x15, 0xFF,
        0x12, 0xFF, 0x12, 0xFF, 0x12, 0xFF, 0x12, 0xFF, 0x15, 0xFF, 0x1C, 0xFF, 0x1C, 0xFF, 0x15, 0xFF, 0x12, 0xFF, 0x12, 0xFF, 0x12, 0xFF, 0x12, 0xFF,
        0x1E, 0xFF, 0x02, 0xFD, 0x2E, 0xFF, 0x3F, 0xD4, 0x00, 0x04, 0x3F, 0x00, 0x3F, 0x01, 0x3F, 0x00, 0x3F, 0x00, 0x3F, 0x00, 0x3F, 0x00, 0x3F, 0x00,
        0x3F, 0x00, 0x3F, 0x00, 0x3F, 0x00, 0x3F, 0x00, 0x3F, 0x00, 0x3F, 0x00, 0x3F, 0x03, 0x3B, 0x00, 0x3F, 0xAD, 0x32, 0xFF, 0x08, 0xFC, 0x17, 0xFF,
        0x12, 0xFF, 0x12, 0xFF, 0x12, 0xFF, 0x12, 0xFF, 0x12, 0xFF, 0x12, 0xFF, 0x12, 0xFF, 0x0D, 0xFF, 0x0A, 0xFF, 0x0C, 0xFF, 0x0D, 0xFF, 0x0F, 0xFF,
        0x15, 0xFF, 0x1B, 0xFF, 0x1E, 0xFF, 0x17, 0xFF, 0x12, 0xFF, 0x12, 0xFF, 0x12, 0xFF, 0x12, 0xFF, 0x12, 0xFF, 0x12, 0xFF, 0x12, 0xFF, 0x12, 0xFF,
        0x17, 0xFF, 0x08, 0xFC, 0x32, 0xFF, 0x3F, 0xAC, 0x3B, 0x00, 0x3F, 0x03, 0x3F, 0x00, 0x3F, 0x00, 0x3F, 0x00, 0x3F, 0x00, 0x3F, 0x00, 0x3F, 0x00,
        0x3F, 0x00, 0x3F, 0x00, 0x3F, 0x00, 0x3F, 0x00, 0x3F, 0x00, 0x3F, 0x00, 0x3F, 0x04, 0x3D, 0x00, 0x37, 0x6F, 0x37, 0xFF, 0x23, 0xFB, 0x0F, 0xFF,
        0x15, 0xFF, 0x12, 0xFF, 0x12, 0xFF, 0x17, 0xFF, 0x1E, 0xFF, 0x17, 0xFF, 0x11, 0xFF, 0x24, 0xFF, 0x25, 0xFF, 0x25, 0xFF, 0x24, 0xFF, 0x21, 0xFF,
        0x0A, 0xFF, 0x03, 0xFF, 0x03, 0xFF, 0x0A, 0xFF, 0x15, 0xFF, 0x15, 0xFF, 0x12, 0xFF, 0x12, 0xFF, 0x12, 0xFF, 0x12, 0xFF, 0x12, 0xFF, 0x15, 0xFF,
        0x0F, 0xFF, 0x23, 0xFB, 0x37, 0xFF, 0x37, 0x6E, 0x3D, 0x00, 0x3F, 0x04, 0x3F, 0x00, 0x3F, 0x00, 0x3F, 0x00, 0x3F, 0x00, 0x3F, 0x00, 0x3F, 0x00,
        0x3F, 0x00, 0x3F, 0x00, 0x3F, 0x00, 0x3F, 0x00, 0x3F, 0x00, 0x3F, 0x00, 0x3F, 0x02, 0x3F, 0x00, 0x30, 0x25, 0x3F, 0xFA, 0x29, 0xFE, 0x05, 0xFF,
        0x1E, 0xFF, 0x12, 0xFF, 0x16, 0xFF, 0x0C, 0xFF, 0x07, 0xFF, 0x01, 0xFF, 0x28, 0xFF, 0x3F, 0xFF, 0x3F, 0xFF, 0x3F, 0xFF, 0x3F, 0xFF, 0x38, 0xFF,
        0x34, 0xFF, 0x30, 0xFF, 0x2B, 0xFF, 0x26, 0xFF, 0x0A, 0xFF, 0x0C, 0xFF, 0x15, 0xFF, 0x12, 0xFF, 0x12, 0xFF, 0x12, 0xFF, 0x12, 0xFF, 0x1E, 0xFF,
        0x05, 0xFF, 0x29, 0xFE, 0x3F, 0xF9, 0x30, 0x24, 0x3F, 0x00, 0x3F, 0x02, 0x3F, 0x00, 0x3F, 0x00, 0x3F, 0x00, 0x3F, 0x00, 0x3F, 0x00, 0x3F, 0x00,
        0x3F, 0x00, 0x3F, 0x00, 0x3F, 0x00, 0x3F, 0x00, 0x3F, 0x00, 0x3F, 0x00, 0x3F, 0x00, 0x3F, 0x02, 0x3B, 0x00, 0x3C, 0xB8, 0x33, 0xFE, 0x09, 0xFC,
        0x15, 0xFF, 0x17, 0xFF, 0x0B, 0xFF, 0x26, 0xFF, 0x2E, 0xFF, 0x26, 0xFF, 0x23, 0xFF, 0x28, 0xFF, 0x27, 0xFF, 0x27, 0xFF, 0x28, 0xFF, 0x2B, 0xFF,
        0x2F, 0xFF, 0x33, 0xFF, 0x38, 0xFF, 0x3F, 0xFF, 0x33, 0xFF, 0x25, 0xFF, 0x0D, 0xFF, 0x15, 0xFF, 0x12, 0xFF, 0x12, 0xFF, 0x12, 0xFF, 0x16, 0xFF,
        0x0A, 0xFC, 0x33, 0xFF, 0x3B, 0xB7, 0x3A, 0x00, 0x3F, 0x02, 0x3F, 0x00, 0x3F, 0x00, 0x3F, 0x00, 0x3F, 0x00, 0x3F, 0x00, 0x3F, 0x00, 0x3F, 0x00,
        0x3F, 0x00, 0x3F, 0x00, 0x3F, 0x00, 0x3F, 0x00, 0x3F, 0x00, 0x3F, 0x00, 0x3F, 0x00, 0x3F, 0x03, 0x3F, 0x00, 0x33, 0x41, 0x3F, 0xFF, 0x28, 0xFC,
        0x06, 0xFF, 0x15, 0xFF, 0x22, 0xFF, 0x35, 0xFF, 0x3F, 0xFF, 0x31, 0xFF, 0x02, 0xFF, 0x09, 0xFF, 0x08, 0xFF, 0x08, 0xFF, 0x06, 0xFF, 0x03, 0xFF,
        0x04, 0xFF, 0x09, 0xFF, 0x21, 0xFF, 0x28, 0xFF, 0x31, 0xFF, 0x26, 0xFF, 0x0A, 0xFF, 0x17, 0xFF, 0x12, 0xFF, 0x12, 0xFF, 0x1E, 0xFF, 0x04, 0xFF,
        0x29, 0xFC, 0x3F, 0xFF, 0x33, 0x40, 0x3F, 0x00, 0x3F, 0x03, 0x3F, 0x00, 0x3F, 0x00, 0x3F, 0x00, 0x3F, 0x00, 0x3F, 0x00, 0x3F, 0x00, 0x3F, 0x00,
        0x3F, 0x00, 0x3F, 0x00, 0x3F, 0x00, 0x3F, 0x00, 0x3F, 0x00, 0x3F, 0x00, 0x3F, 0x00, 0x3F, 0x00, 0x3F, 0x03, 0x3B, 0x00, 0x3B, 0xAE, 0x35, 0xFF,
        0x20, 0xFB, 0x03, 0xFF, 0x2A, 0xFF, 0x39, 0xFF, 0x34, 0xFF, 0x31, 0xFF, 0x07, 0xFF, 0x21, 0xFF, 0x1E, 0xFF, 0x21, 0xFF, 0x21, 0xFF, 0x17, 0xFF,
        0x0C, 0xFF, 0x04, 0xFF, 0x09, 0xFF, 0x02, 0xFF, 0x01, 0xFF, 0x0F, 0xFF, 0x13, 0xFF, 0x12, 0xFF, 0x12, 0xFF, 0x18, 0xFF, 0x0E, 0xFF, 0x22, 0xFB,
        0x36, 0xFF, 0x39, 0xAB, 0x3B, 0x00, 0x3F, 0x03, 0x3F, 0x00, 0x3F, 0x00, 0x3F, 0x00, 0x3F, 0x00, 0x3F, 0x00, 0x3F, 0x00, 0x3F, 0x00, 0x3F, 0x00,
        0x3F, 0x00, 0x3F, 0x00, 0x3F, 0x00, 0x3F, 0x00, 0x3F, 0x00, 0x3F, 0x00, 0x3F, 0x00, 0x3F, 0x00, 0x3F, 0x02, 0x2D, 0x02, 0x35, 0x18, 0x2B, 0xE3,
        0x10, 0xFF, 0x0C, 0xFD, 0x34, 0xFF, 0x2F, 0xFF, 0x32, 0xFF, 0x30, 0xFF, 0x07, 0xFF, 0x20, 0xFF, 0x0E, 0xFF, 0x05, 0xFF, 0x03, 0xFF, 0x17, 0xFF,
        0x27, 0xFF, 0x2E, 0xFF, 0x34, 0xFF, 0x33, 0xFF, 0x26, 0xFF, 0x0D, 0xFF, 0x17, 0xFF, 0x12, 0xFF, 0x17, 0xFF, 0x14, 0xFF, 0x08, 0xFC, 0x31, 0xFF,
        0x3F, 0xE9, 0x2F, 0x1A, 0x3F, 0x01, 0x3F, 0x02, 0x3F, 0x00, 0x3F, 0x00, 0x3F, 0x00, 0x3F, 0x00, 0x3F, 0x00, 0x3F, 0x00, 0x3F, 0x00, 0x3F, 0x00,
        0x3F, 0x00, 0x3F, 0x00, 0x3F, 0x00, 0x3F, 0x00, 0x3F, 0x00, 0x3F, 0x00, 0x3F, 0x00, 0x3F, 0x00, 0x3F, 0x00, 0x28, 0x03, 0x3F, 0x00, 0x01, 0x38,
        0x02, 0xF6, 0x26, 0xFF, 0x3F, 0xFE, 0x26, 0xFF, 0x34, 0xFF, 0x2E, 0xFF, 0x01, 0xFF, 0x0A, 0xFF, 0x23, 0xFF, 0x29, 0xFF, 0x30, 0xFF, 0x37, 0xFF,
        0x3C, 0xFF, 0x34, 0xFF, 0x2E, 0xFF, 0x35, 0xFF, 0x33, 0xFF, 0x05, 0xFF, 0x1B, 0xFF, 0x1E, 0xFF, 0x0F, 0xFF, 0x08, 0xFD, 0x2F, 0xFE, 0x3F, 0xFC,
        0x33, 0x43, 0x3F, 0x00, 0x3F, 0x03, 0x3F, 0x00, 0x3F, 0x00, 0x3F, 0x00, 0x3F, 0x00, 0x3F, 0x00, 0x3F, 0x00, 0x3F, 0x00, 0x3F, 0x00, 0x3F, 0x00,
        0x3F, 0x00, 0x3F, 0x00, 0x3F, 0x00, 0x3F, 0x00, 0x3F, 0x00, 0x3F, 0x00, 0x3F, 0x00, 0x3F, 0x00, 0x3F, 0x00, 0x3F, 0x00, 0x2D, 0x04, 0x3F, 0x00,
        0x01, 0x47, 0x30, 0xF1, 0x34, 0xFD, 0x0F, 0xFE, 0x36, 0xFF, 0x2F, 0xFF, 0x2A, 0xFF, 0x33, 0xFF, 0x3C, 0xFF, 0x3F, 0xFF, 0x33, 0xFF, 0x2D, 0xFF,
        0x29, 0xFF, 0x2B, 0xFF, 0x30, 0xFF, 0x3B, 0xFF, 0x2D, 0xFF, 0x09, 0xFF, 0x21, 0xFF, 0x07, 0xFF, 0x20, 0xFB, 0x30, 0xFF, 0x3F, 0xFD, 0x34, 0x58,
        0x3E, 0x00, 0x3F, 0x04, 0x3F, 0x00, 0x3F, 0x00, 0x3F, 0x00, 0x3F, 0x00, 0x3F, 0x00, 0x3F, 0x00, 0x3F, 0x00, 0x3F, 0x00, 0x3F, 0x00, 0x3F, 0x00,
        0x3F, 0x00, 0x3F, 0x00, 0x3F, 0x00, 0x3F, 0x00, 0x3F, 0x00, 0x3F, 0x00, 0x3F, 0x00, 0x3F, 0x00, 0x3F, 0x00, 0x3F, 0x00, 0x3F, 0x02, 0x1A, 0x02,
        0x3F, 0x0F, 0x3F, 0xED, 0x2A, 0xFF, 0x0F, 0xFE, 0x3A, 0xFF, 0x3F, 0xFF, 0x38, 0xFF, 0x31, 0xFF, 0x2A, 0xFF, 0x24, 0xFF, 0x28, 0xFF, 0x32, 0xFF,
        0x38, 0xFF, 0x39, 0xFF, 0x32, 0xFF, 0x2A, 0xFF, 0x10, 0xFF, 0x07, 0xFF, 0x07, 0xFC, 0x28, 0xFC, 0x34, 0xFF, 0x3F, 0xEB, 0x34, 0x49, 0x3F, 0x00,
        0x3F, 0x04, 0x3F, 0x00, 0x3F, 0x00, 0x3F, 0x00, 0x3F, 0x00, 0x3F, 0x00, 0x3F, 0x00, 0x3F, 0x00, 0x3F, 0x00, 0x3F, 0x00, 0x3F, 0x00, 0x3F, 0x00,
        0x3F, 0x00, 0x3F, 0x00, 0x3F, 0x00, 0x3F, 0x00, 0x3F, 0x00, 0x3F, 0x00, 0x3F, 0x00, 0x3F, 0x00, 0x3F, 0x00, 0x3F, 0x00, 0x3F, 0x04, 0x3D, 0x00,
        0x3B, 0x7D, 0x36, 0xFF, 0x22, 0xFB, 0x10, 0xFF, 0x29, 0xFF, 0x28, 0xFF, 0x20, 0xFF, 0x04, 0xFF, 0x08, 0xFF, 0x01, 0xFF, 0x28, 0xFF, 0x3F, 0xFF,
        0x2E, 0xFE, 0x1C, 0xFE, 0x08, 0xFD, 0x01, 0xFC, 0x19, 0xFB, 0x28, 0xFE, 0x31, 0xFF, 0x3F, 0xFF, 0x3A, 0xB4, 0x31, 0x23, 0x3F, 0x00, 0x3F, 0x04,
        0x3F, 0x00, 0x3F, 0x00, 0x3F, 0x00, 0x3F, 0x00, 0x3F, 0x00, 0x3F, 0x00, 0x3F, 0x00, 0x3F, 0x00, 0x3F, 0x00, 0x3F, 0x00, 0x3F, 0x00, 0x3F, 0x00,
        0x3F, 0x00, 0x3F, 0x00, 0x3F, 0x00, 0x3F, 0x00, 0x3F, 0x00, 0x3F, 0x00, 0x3F, 0x00, 0x3F, 0x00, 0x3F, 0x00, 0x3F, 0x01, 0x3F, 0x01, 0x2C, 0x08,
        0x3F, 0xDE, 0x2D, 0xFE, 0x03, 0xFD, 0x1C, 0xFF, 0x06, 0xFF, 0x07, 0xFF, 0x0F, 0xFF, 0x1F, 0xFF, 0x10, 0xFF, 0x26, 0xFF, 0x2F, 0xFF, 0x39, 0xFE,
        0x27, 0xFF, 0x04, 0xFF, 0x08, 0xFF, 0x2A, 0xFF, 0x35, 0xFF, 0x3F, 0xFF, 0x3F, 0xC4, 0x34, 0x52, 0x3B, 0x00, 0x3F, 0x00, 0x3F, 0x03, 0x3F, 0x00,
        0x3F, 0x00, 0x3F, 0x00, 0x3F, 0x00, 0x3F, 0x00, 0x3F, 0x00, 0x3F, 0x00, 0x3F, 0x00, 0x3F, 0x00, 0x3F, 0x00, 0x3F, 0x00, 0x3F, 0x00, 0x3F, 0x00,
        0x3F, 0x00, 0x3F, 0x00, 0x3F, 0x00, 0x3F, 0x00, 0x3F, 0x00, 0x3F, 0x00, 0x3F, 0x00, 0x3F, 0x00, 0x3F, 0x00, 0x3F, 0x02, 0x3F, 0x00, 0x38, 0x27,
        0x3F, 0xFC, 0x27, 0xFF, 0x08, 0xFE, 0x1B, 0xFF, 0x1B, 0xFF, 0x1B, 0xFF, 0x15, 0xFF, 0x1D, 0xFF, 0x06, 0xFF, 0x26, 0xFF, 0x3D, 0xFF, 0x31, 0xFF,
        0x07, 0xFB, 0x1F, 0xF4, 0x09, 0xE1, 0x2C, 0xBC, 0x3F, 0x85, 0x32, 0x38, 0x3A, 0x00, 0x3F, 0x00, 0x3F, 0x01, 0x3F, 0x02, 0x3F, 0x00, 0x3F, 0x00,
        0x3F, 0x00, 0x3F, 0x00, 0x3F, 0x00, 0x3F, 0x00, 0x3F, 0x00, 0x3F, 0x00, 0x3F, 0x00, 0x3F, 0x00, 0x3F, 0x00, 0x3F, 0x00, 0x3F, 0x00, 0x3F, 0x00,
        0x3F, 0x00, 0x3F, 0x00, 0x3F, 0x00, 0x3F, 0x00, 0x3F, 0x00, 0x3F, 0x00, 0x3F, 0x00, 0x3F, 0x00, 0x3F, 0x00, 0x3F, 0x02, 0x3F, 0x00, 0x38, 0x25,
        0x3F, 0xFB, 0x27, 0xFF, 0x09, 0xFE, 0x1B, 0xFF, 0x12, 0xFF, 0x12, 0xFF, 0x15, 0xFF, 0x12, 0xFF, 0x23, 0xFF, 0x2A, 0xFC, 0x35, 0xFF, 0x37, 0xA5,
        0x01, 0x27, 0x24, 0x1E, 0x24, 0x09, 0x3B, 0x00, 0x3C, 0x00, 0x3F, 0x00, 0x3F, 0x01, 0x3F, 0x03, 0x3F, 0x00, 0x3F, 0x00, 0x3F, 0x00, 0x3F, 0x00,
        0x3F, 0x00, 0x3F, 0x00, 0x3F, 0x00, 0x3F, 0x00, 0x3F, 0x00, 0x3F, 0x00, 0x3F, 0x00, 0x3F, 0x00, 0x3F, 0x00, 0x3F, 0x00, 0x3F, 0x00, 0x3F, 0x00,
        0x3F, 0x00, 0x3F, 0x00, 0x3F, 0x00, 0x3F, 0x00, 0x3F, 0x00, 0x3F, 0x00, 0x3F, 0x00, 0x3F, 0x00, 0x3F, 0x00, 0x3F, 0x01, 0x3F, 0x01, 0x28, 0x06,
        0x3F, 0xDA, 0x2E, 0xFD, 0x01, 0xFD, 0x21, 0xFF, 0x19, 0xFF, 0x1E, 0xFF, 0x1E, 0xFF, 0x0A, 0xFF, 0x23, 0xFD, 0x37, 0xFC, 0x3F, 0xEB, 0x3F, 0x1A,
        0x3F, 0x00, 0x3F, 0x00, 0x3F, 0x00, 0x3F, 0x02, 0x3F, 0x04, 0x3F, 0x03, 0x3F, 0x00, 0x3F, 0x00, 0x3F, 0x00, 0x3F, 0x00, 0x3F, 0x00, 0x3F, 0x00,
        0x3F, 0x00, 0x3F, 0x00, 0x3F, 0x00, 0x3F, 0x00, 0x3F, 0x00, 0x3F, 0x00, 0x3F, 0x00, 0x3F, 0x00, 0x3F, 0x00, 0x3F, 0x00, 0x3F, 0x00, 0x3F, 0x00,
        0x3F, 0x00, 0x3F, 0x00, 0x3F, 0x00, 0x3F, 0x00, 0x3F, 0x00, 0x3F, 0x00, 0x3F, 0x00, 0x3F, 0x00, 0x3F, 0x00, 0x3F, 0x00, 0x3F, 0x04, 0x3D, 0x00,
        0x3C, 0x75, 0x38, 0xFF, 0x25, 0xF8, 0x01, 0xFE, 0x09, 0xFE, 0x04, 0xFE, 0x07, 0xFC, 0x22, 0xFB, 0x27, 0xFD, 0x31, 0xFF, 0x3D, 0xDB, 0x00, 0x02,
        0x28, 0x03, 0x27, 0x02, 0x1A, 0x01, 0x3F, 0x00, 0x3F, 0x00, 0x3F, 0x00, 0x3F, 0x00, 0x3F, 0x00, 0x3F, 0x00, 0x3F, 0x00, 0x3F, 0x00, 0x3F, 0x00,
        0x3F, 0x00, 0x3F, 0x00, 0x3F, 0x00, 0x3F, 0x00, 0x3F, 0x00, 0x3F, 0x00, 0x3F, 0x00, 0x3F, 0x00, 0x3F, 0x00, 0x3F, 0x00, 0x3F, 0x00, 0x3F, 0x00,
        0x3F, 0x00, 0x3F, 0x00, 0x3F, 0x00, 0x3F, 0x00, 0x3F, 0x00, 0x3F, 0x00, 0x3F, 0x00, 0x3F, 0x00, 0x3F, 0x00, 0x3F, 0x00, 0x3F, 0x01, 0x3F, 0x02,
        0x35, 0x08, 0x3F, 0xBF, 0x36, 0xFF, 0x2B, 0xFF, 0x27, 0xFF, 0x2A, 0xFF, 0x30, 0xFF, 0x36, 0xFF, 0x3F, 0xFC, 0x3F, 0xCD, 0x3F, 0x49, 0x3F, 0x01,
        0x3F, 0x02, 0x3F, 0x00, 0x3F, 0x00, 0x3F, 0x00, 0x3F, 0x00, 0x3F, 0x00, 0x3F, 0x00, 0x3F, 0x00, 0x3F, 0x00, 0x3F, 0x00, 0x3F, 0x00, 0x3F, 0x00,
        0x3F, 0x00, 0x3F, 0x00, 0x3F, 0x00, 0x3F, 0x00, 0x3F, 0x00, 0x3F, 0x00, 0x3F, 0x00, 0x3F, 0x00, 0x3F, 0x00, 0x3F, 0x00, 0x3F, 0x00, 0x3F, 0x00,
        0x3F, 0x00, 0x3F, 0x00, 0x3F, 0x00, 0x3F, 0x00, 0x3F, 0x00, 0x3F, 0x00, 0x3F, 0x00, 0x3F, 0x00, 0x3F, 0x00, 0x3F, 0x00, 0x3F, 0x00, 0x3F, 0x01,
        0x3F, 0x00, 0x36, 0x0A, 0x3F, 0x92, 0x3F, 0xE7, 0x3F, 0xF7, 0x3F, 0xE6, 0x3F, 0xAF, 0x3F, 0x69, 0x38, 0x2B, 0x3C, 0x00, 0x3F, 0x00, 0x3F, 0x00,
        0x3F, 0x00, 0x3F, 0x00, 0x3F, 0x00, 0x3F, 0x00, 0x3F, 0x00, 0x3F, 0x00, 0x3F, 0x00, 0x3F, 0x00, 0x3F, 0x00, 0x3F, 0x00, 0x3F, 0x00, 0x3F, 0x00,
        0x3F, 0x00, 0x3F, 0x00, 0x3F, 0x00, 0x3F, 0x00, 0x3F, 0x00, 0x3F, 0x00, 0x3F, 0x00, 0x3F, 0x00, 0x3F, 0x00, 0x3F, 0x00, 0x3F, 0x00, 0x3F, 0x00,
        0x3F, 0x00, 0x3F, 0x00, 0x3F, 0x00, 0x3F, 0x00, 0x3F, 0x00, 0x3F, 0x00, 0x3F, 0x00, 0x3F, 0x00, 0x3F, 0x00, 0x3F, 0x00, 0x3F, 0x00, 0x3F, 0x00,
        0x3F, 0x01, 0x3F, 0x00, 0x3D, 0x00, 0x33, 0x10, 0x38, 0x23, 0x32, 0x0F, 0x3B, 0x00, 0x3D, 0x00, 0x3F, 0x00, 0x3F, 0x00, 0x3F, 0x02, 0x3F, 0x00,
        0x3F, 0x00, 0x3F, 0x00, 0x3F, 0x00, 0x3F, 0x00, 0x3F, 0x00, 0x3F, 0x00, 0x3F, 0x00, 0x3F, 0x00, 0x3F, 0x00, 0x3F, 0x00, 0x3F, 0x00, 0x3F, 0x00,
        0x3F, 0x00, 0x3F, 0x00, 0x3F, 0x00, 0x3F, 0x00, 0x3F, 0x00, 0x3F, 0x00, 0x3F, 0x00, 0x3F, 0x00, 0x3F, 0x00, 0x3F, 0x00, 0x3F, 0x00, 0x3F, 0x00,
        0x3F, 0x00, 0x3F, 0x00, 0x3F, 0x00, 0x3F, 0x00, 0x3F, 0x00, 0x3F, 0x00, 0x3F, 0x00, 0x3F, 0x00, 0x3F, 0x00, 0x3F, 0x00, 0x3F, 0x00, 0x3F, 0x00,
        0x3F, 0x00, 0x3F, 0x01, 0x3F, 0x03, 0x3F, 0x00, 0x3F, 0x00, 0x3F, 0x00, 0x3F, 0x02, 0x3F, 0x04, 0x3F, 0x02, 0x3F, 0x00, 0x3F, 0x00, 0x3F, 0x00,
        0x3F, 0x00, 0x3F, 0x00, 0x3F, 0x00, 0x3F, 0x00, 0x3F, 0x00, 0x3F, 0x00, 0x3F, 0x00, 0x3F, 0x00, 0x3F, 0x00, 0x3F, 0x00, 0x3F, 0x00, 0x3F, 0x00,
        0x3F, 0x00, 0x3F, 0x00, 0x3F, 0x00, 0x3F, 0x00, 0x3F, 0x00, 0x3F, 0x00, 0x3F, 0x00, 0x3F, 0x00, 0x3F, 0x00, 0x3F, 0x00, 0x3F, 0x00, 0x3F, 0x00,
        0x3F, 0x00, 0x3F, 0x00, 0x3F, 0x00, 0x3F, 0x00, 0x3F, 0x00, 0x3F, 0x00, 0x3F, 0x00, 0x3F, 0x00, 0x3F, 0x00, 0x3F, 0x00, 0x3F, 0x00, 0x3F, 0x00,
        0x3F, 0x00, 0x3F, 0x00, 0x3F, 0x00, 0x3F, 0x01, 0x3F, 0x02, 0x3F, 0x01, 0x3F, 0x00, 0x3F, 0x00, 0x3F, 0x00, 0x3F, 0x00, 0x3F, 0x00, 0x3F, 0x00,
        0x3F, 0x00, 0x3F, 0x00, 0x3F, 0x00, 0x3F, 0x00, 0x3F, 0x00, 0x3F, 0x00, 0x3F, 0x00, 0x3F, 0x00, 0x3F, 0x00, 0x3F, 0x00, 0x3F, 0x00, 0x3F, 0x00,
        0x3F, 0x00, 0x3F, 0x00, 0x3F, 0x00, 0x3F, 0x00, 0x3F, 0x00, 0x3F, 0x00, 0x3F, 0x00, 0x3F, 0x00, 0x3F, 0x00, 0x3F, 0x00, 0x3F, 0x00, 0x3F, 0x00,
    },
    // surprised: 1F62E.svg, source sha256 d684284f0626
    {
        0x3F, 0x00, 0x3F, 0x00, 0x3F, 0x00, 0x3F, 0x00, 0x3F, 0x00, 0x3F, 0x00, 0x3F, 0x00, 0x3F, 0x00, 0x3F, 0x00, 0x3F, 0x00, 0x3F, 0x00, 0x3F, 0x00,
        0x3F, 0x00, 0x3F, 0x00, 0x3F, 0x00, 0x3F, 0x00, 0x3F, 0x00, 0x3F, 0x00, 0x3F, 0x00, 0x3F, 0x00, 0x3F, 0x00, 0x3F, 0x00, 0x3F, 0x00, 0x3F, 0x00,
        0x3F, 0x00, 0x3F, 0x00, 0x3F, 0x00, 0x3F, 0x00, 0x3F, 0x00, 0x3F, 0x00, 0x3F, 0x00, 0x3F, 0x00, 0x3F, 0x00, 0x3F, 0x00, 0x3F, 0x00, 0x3F, 0x00,
        0x3F, 0x00, 0x3F, 0x00, 0x3F, 0x00, 0x3F, 0x00, 0x3F, 0x00, 0x3F, 0x00, 0x3F, 0x00, 0x3F, 0x00, 0x3F, 0x00, 0x3F, 0x00, 0x3F, 0x00, 0x3F, 0x00,
        0x3F, 0x00, 0x3F, 0x00, 0x3F, 0x00, 0x3F, 0x00, 0x3F, 0x00, 0x3F, 0x00, 0x3F, 0x00, 0x3F, 0x00, 0x3F, 0x00, 0x3F, 0x00, 0x3F, 0x00, 0x3F, 0x00,
        0x3F, 0x00, 0x3F, 0x00, 0x3F, 0x00, 0x3F, 0x00, 0x3F, 0x00, 0x3F, 0x00, 0x3F, 0x00, 0x3F, 0x00, 0x3F, 0x00, 0x3F, 0x00, 0x3F, 0x00, 0x3F, 0x00,
        0x3F, 0x00, 0x3F, 0x00, 0x3F, 0x00, 0x3F, 0x00, 0x3F, 0x00, 0x3F, 0x00, 0x3F, 0x00, 0x3F, 0x00, 0x3F, 0x00, 0x3F, 0x00, 0x3F, 0x00, 0x3F, 0x00,
        0x3F, 0x00, 0x3F, 0x00, 0x3F, 0x00, 0x3F, 0x00, 0x3F, 0x00, 0x3F, 0x00, 0x3F, 0x00, 0x3F, 0x00, 0x3F, 0x00, 0x3F, 0x00, 0x3F, 0x00, 0x3F, 0x00,
        0x3F, 0x00, 0x3F, 0x00, 0x3F, 0x00, 0x3F, 0x00, 0x3F, 0x00, 0x3F, 0x00, 0x3F, 0x00, 0x3F, 0x00, 0x3F, 0x00, 0x3F, 0x00, 0x3F, 0x00, 0x3F, 0x00,
        0x3F, 0x00, 0x3F, 0x00, 0x3F, 0x00, 0x3F, 0x00, 0x3F, 0x00, 0x3F, 0x00, 0x3F, 0x00, 0x3F, 0x00, 0x3F, 0x00, 0x3F, 0x00, 0x3F, 0x00, 0x3F, 0x00,
        0x3F, 0x00, 0x3F, 0x00, 0x3F, 0x00, 0x3F, 0x00, 0x3F, 0x00, 0x3F, 0x00, 0x3F, 0x00, 0x3F, 0x00, 0x3F, 0x00, 0x3F, 0x00, 0x3F, 0x00, 0x3F, 0x00,
        0x3F, 0x00, 0x3F, 0x00, 0x3F, 0x00, 0x3F, 0x00, 0x3F, 0x00, 0x3F, 0x00, 0x3F, 0x00, 0x3F, 0x00, 0x3F, 0x00, 0x3F, 0x00, 0x3F, 0x00, 0x3F, 0x00,
        0x3F, 0x00, 0x3F, 0x00, 0x3F, 0x00, 0x3F, 0x00, 0x3F, 0x00, 0x3F, 0x00, 0x3F, 0x00, 0x3F, 0x00, 0x3F, 0x00, 0x3F, 0x00, 0x3F, 0x00, 0x3F, 0x00,
        0x3F, 0x00, 0x3F, 0x00, 0x3F, 0x00, 0x3F, 0x00, 0x3F, 0x00, 0x3F, 0x00, 0x3F, 0x00, 0x3F, 0x00, 0x3F, 0x00, 0x3F, 0x00, 0x3F, 0x00, 0x3F, 0x00,
        0x3F, 0x00, 0x3F, 0x00, 0x3F, 0x00, 0x3F, 0x00, 0x3F, 0x00, 0x3F, 0x00, 0x3F, 0x00, 0x3F, 0x00, 0x3F, 0x00, 0x3F, 0x00, 0x3F, 0x00, 0x3F, 0x00,
        0x3F, 0x00, 0x3F, 0x00, 0x3F, 0x00, 0x3F, 0x00, 0x3F, 0x00, 0x3F, 0x00, 0x3F, 0x00, 0x3F, 0x00, 0x3F, 0x00, 0x3F, 0x00, 0x3F, 0x00, 0x3F, 0x00,
        0x3F, 0x00, 0x3F, 0x00, 0x3F, 0x00, 0x3F, 0x00, 0x3F, 0x00, 0x3F, 0x00, 0x3F, 0x00, 0x3F, 0x00, 0x3F, 0x00, 0x3F, 0x00, 0x3F, 0x00, 0x3F, 0x00,
        0x3F, 0x00, 0x3F, 0x00, 0x3F, 0x00, 0x3F, 0x00, 0x3F, 0x00, 0x3F, 0x00, 0x3F, 0x00, 0x3F, 0x00, 0x3F, 0x00, 0x3F, 0x00, 0x3F, 0x00, 0x3F, 0x00,
        0x3F, 0x00, 0x3F, 0x00, 0x3F, 0x00, 0x3F, 0x00, 0x3F, 0x00, 0x3F, 0x00, 0x3F, 0x00, 0x3F, 0x00, 0x3F, 0x00, 0x3F, 0x00, 0x3F, 0x00, 0x3F, 0x00,
        0x3F, 0x00, 0x3F, 0x00, 0x3F, 0x00, 0x3F, 0x00, 0x3F, 0x00, 0x3F, 0x00, 0x3F, 0x00, 0x3F, 0x00, 0x3F, 0x00, 0x3F, 0x00, 0x3F, 0x00, 0x3F, 0x00,
        0x3F, 0x00, 0x3F, 0x00, 0x3F, 0x00, 0x3F, 0x00, 0x3F, 0x00, 0x3F, 0x00, 0x3F, 0x00, 0x3F, 0x00, 0x3F, 0x00, 0x3F, 0x00, 0x3F, 0x00, 0x3F, 0x00,
        0x3F, 0x00, 0x3F, 0x00, 0x3F, 0x00, 0x3F, 0x00, 0x3F, 0x00, 0x3F, 0x00, 0x3F, 0x00, 0x3F, 0x00, 0x3F, 0x00, 0x3F, 0x00, 0x3F, 0x01, 0x3F, 0x01,
        0x3F, 0x01, 0x3F, 0x01, 0x3F, 0x00, 0x3F, 0x00, 0x3F, 0x00, 0x3F, 0x00, 0x3F, 0x00, 0x3F, 0x00, 0x3F, 0x00, 0x3F, 0x00, 0x3F, 0x00, 0x3F, 0x00,
        0x3F, 0x00, 0x3F, 0x00, 0x3F, 0x00, 0x3F, 0x00, 0x3F, 0x00, 0x3F, 0x00, 0x3F, 0x00, 0x3F, 0x00, 0x3F, 0x00, 0x3F, 0x00, 0x3F, 0x00, 0x3F, 0x00,
        0x3F, 0x00, 0x3F, 0x00, 0x3F, 0x00, 0x3F, 0x00, 0x3F, 0x00, 0x3F, 0x00, 0x3F, 0x00, 0x3F, 0x00, 0x3F, 0x00, 0x3F, 0x00, 0x3F, 0x00, 0x3F, 0x00,
        0x3F, 0x00, 0x3F, 0x00, 0x3F, 0x00, 0x3F, 0x00, 0x3F, 0x00, 0x3F, 0x00, 0x3F, 0x01, 0x3F, 0x04, 0x3F, 0x03, 0x3F, 0x01, 0x3F, 0x00, 0x3F, 0x00,
        0x3F, 0x00, 0x3F, 0x00, 0x3F, 0x01, 0x3F, 0x03, 0x3F, 0x04, 0x3F, 0x01, 0x3F, 0x00, 0x3F, 0x00, 0x3F, 0x00, 0x3F, 0x00, 0x3F, 0x00, 0x3F, 0x00,
        0x3F, 0x00, 0x3F, 0x00, 0x3F, 0x00, 0x3F, 0x00, 0x3F, 0x00, 0x3F, 0x00, 0x3F, 0x00, 0x3F, 0x00, 0x3F, 0x00, 0x3F, 0x00, 0x3F, 0x00, 0x3F, 0x00,
        0x3F, 0x00, 0x3F, 0x00, 0x3F, 0x00, 0x3F, 0x00, 0x3F, 0x00, 0x3F, 0x00, 0x3F, 0x00, 0x3F, 0x00, 0x3F, 0x00, 0x3F, 0x00, 0x3F, 0x00, 0x3F, 0x00,
        0x3F, 0x00, 0x3F, 0x00, 0x3F, 0x00, 0x3F, 0x00, 0x3F, 0x02, 0x3F, 0x03, 0x3F, 0x00, 0x3D, 0x00, 0x3B, 0x00, 0x3B, 0x00, 0x2C, 0x09, 0x2F, 0x0F,
        0x2F, 0x0F, 0x2C, 0x09, 0x3B, 0x00, 0x3B, 0x00, 0x3D, 0x00, 0x3F, 0x00, 0x3F, 0x03, 0x3F, 0x02, 0x3F, 0x00, 0x3F, 0x00, 0x3F, 0x00, 0x3F, 0x00,
        0x3F, 0x00, 0x3F, 0x00, 0x3F, 0x00, 0x3F, 0x00, 0x3F, 0x00, 0x3F, 0x00, 0x3F, 0x00, 0x3F, 0x00, 0x3F, 0x00, 0x3F, 0x00, 0x3F, 0x00, 0x3F, 0x00,
        0x3F, 0x00, 0x3F, 0x00, 0x3F, 0x00, 0x3F, 0x00, 0x3F, 0x00, 0x3F, 0x00, 0x3F, 0x00, 0x3F, 0x00, 0x3F, 0x00, 0x3F, 0x00, 0x3F, 0x00, 0x3F, 0x00,
        0x3F, 0x00, 0x3F, 0x00, 0x3F, 0x01, 0x3F, 0x03, 0x3F, 0x00, 0x3C, 0x00, 0x34, 0x19, 0x3F, 0x5D, 0x3F, 0x9B, 0x3F, 0xC7, 0x3F, 0xE0, 0x3F, 0xED,
        0x3F, 0xED, 0x3F, 0xE0, 0x3F, 0xC7, 0x3F, 0x9B, 0x3F, 0x5D, 0x34, 0x19, 0x3C, 0x00, 0x3F, 0x00, 0x3F, 0x03, 0x3F, 0x01, 0x3F, 0x00, 0x3F, 0x00,
        0x3F, 0x00, 0x3F, 0x00, 0x3F, 0x00, 0x3F, 0x00, 0x3F, 0x00, 0x3F, 0x00, 0x3F, 0x00, 0x3F, 0x00, 0x3F, 0x00, 0x3F, 0x00, 0x3F, 0x00, 0x3F, 0x00,
        0x3F, 0x00, 0x3F, 0x00, 0x3F, 0x00, 0x3F, 0x00, 0x3F, 0x00, 0x3F, 0x00, 0x3F, 0x00, 0x3F, 0x00, 0x3F, 0x00, 0x3F, 0x00, 0x3F, 0x00, 0x3F, 0x00,
        0x3F, 0x00, 0x3F, 0x02, 0x3F, 0x00, 0x3D, 0x00, 0x36, 0x2C, 0x3F, 0x99, 0x3F, 0xED, 0x38, 0xFF, 0x2E, 0xFF, 0x2B, 0xFF, 0x28, 0xFF, 0x26, 0xFF,
        0x26, 0xFF, 0x28, 0xFF, 0x2B, 0xFF, 0x2E, 0xFF, 0x38, 0xFF, 0x3F, 0xED, 0x3F, 0x99, 0x36, 0x2C, 0x3D, 0x00, 0x3F, 0x00, 0x3F, 0x02, 0x3F, 0x00,
        0x3F, 0x00, 0x3F, 0x00, 0x3F, 0x00, 0x3F, 0x00, 0x3F, 0x00, 0x3F, 0x00, 0x3F, 0x00, 0x3F, 0x00, 0x3F, 0x00, 0x3F, 0x00, 0x3F, 0x00, 0x3F, 0x00,
        0x3F, 0x00, 0x3F, 0x00, 0x3F, 0x00, 0x3F, 0x00, 0x3F, 0x00, 0x3F, 0x00, 0x3F, 0x00, 0x3F, 0x00, 0x3F, 0x00, 0x3F, 0x00, 0x3F, 0x00, 0x3F, 0x00,
        0x3F, 0x03, 0x3F, 0x00, 0x30, 0x09, 0x3F, 0x89, 0x3F, 0xF7, 0x33, 0xFF, 0x27, 0xFF, 0x22, 0xFC, 0x0A, 0xFB, 0x04, 0xFC, 0x05, 0xFD, 0x07, 0xFE,
        0x07, 0xFE, 0x05, 0xFD, 0x04, 0xFC, 0x0A, 0xFB, 0x22, 0xFC, 0x27, 0xFF, 0x33, 0xFF, 0x3F, 0xF7, 0x3F, 0x89, 0x30, 0x09, 0x3F, 0x00, 0x3F, 0x03,
        0x3F, 0x00, 0x3F, 0x00, 0x3F, 0x00, 0x3F, 0x00, 0x3F, 0x00, 0x3F, 0x00, 0x3F, 0x00, 0x3F, 0x00, 0x3F, 0x00, 0x3F, 0x00, 0x3F, 0x00, 0x3F, 0x00,
        0x3F, 0x00, 0x3F, 0x00, 0x3F, 0x00, 0x3F, 0x00, 0x3F, 0x00, 0x3F, 0x00, 0x3F, 0x00, 0x3F, 0x00, 0x3F, 0x00, 0x3F, 0x00, 0x3F, 0x00, 0x3F, 0x03,
        0x3F, 0x00, 0x35, 0x26, 0x3F, 0xCC, 0x37, 0xFF, 0x27, 0xFF, 0x11, 0xFB, 0x06, 0xFE, 0x0E, 0xFF, 0x1B, 0xFF, 0x20, 0xFF, 0x20, 0xFF, 0x1D, 0xFF,
        0x1D, 0xFF, 0x20, 0xFF, 0x20, 0xFF, 0x1B, 0xFF, 0x0E, 0xFF, 0x06, 0xFE, 0x11, 0xFB, 0x27, 0xFF, 0x37, 0xFF, 0x3F, 0xCC, 0x35, 0x26, 0x3F, 0x00,
        0x3F, 0x03, 0x3F, 0x00, 0x3F, 0x00, 0x3F, 0x00, 0x3F, 0x00, 0x3F, 0x00, 0x3F, 0x00, 0x3F, 0x00, 0x3F, 0x00, 0x3F, 0x00, 0x3F, 0x00, 0x3F, 0x00,
        0x3F, 0x00, 0x3F, 0x00, 0x3F, 0x00, 0x3F, 0x00, 0x3F, 0x00, 0x3F, 0x00, 0x3F, 0x00, 0x3F, 0x00, 0x3F, 0x00, 0x3F, 0x00, 0x3F, 0x03, 0x3F, 0x00,
        0x37, 0x32, 0x3F, 0xE7, 0x31, 0xFF, 0x23, 0xFB, 0x05, 0xFE, 0x13, 0xFF, 0x20, 0xFF, 0x18, 0xFF, 0x13, 0xFF, 0x13, 0xFF, 0x13, 0xFF, 0x13, 0xFF,
        0x13, 0xFF, 0x13, 0xFF, 0x13, 0xFF, 0x13, 0xFF, 0x18, 0xFF, 0x20, 0xFF, 0x13, 0xFF, 0x05, 0xFE, 0x23, 0xFA, 0x31, 0xFF, 0x3F, 0xE7, 0x37, 0x33,
        0x3F, 0x00, 0x3F, 0x03, 0x3F, 0x00, 0x3F, 0x00, 0x3F, 0x00, 0x3F, 0x00, 0x3F, 0x00, 0x3F, 0x00, 0x3F, 0x00, 0x3F, 0x00, 0x3F, 0x00, 0x3F, 0x00,
        0x3F, 0x00, 0x3F, 0x00, 0x3F, 0x00, 0x3F, 0x00, 0x3F, 0x00, 0x3F, 0x00, 0x3F, 0x00, 0x3F, 0x00, 0x3F, 0x00, 0x3F, 0x02, 0x3F, 0x00, 0x35, 0x25,
        0x3F, 0xE8, 0x2E, 0xFF, 0x14, 0xFB, 0x0C, 0xFF, 0x20, 0xFF, 0x13, 0xFF, 0x13, 0xFF, 0x13, 0xFF, 0x13, 0xFF, 0x13, 0xFF, 0x13, 0xFF, 0x13, 0xFF,
        0x13, 0xFF, 0x13, 0xFF, 0x13, 0xFF, 0x13, 0xFF, 0x13, 0xFF, 0x13, 0xFF, 0x13, 0xFF, 0x20, 0xFF, 0x0C, 0xFF, 0x14, 0xFB, 0x2E, 0xFF, 0x3F, 0xE9,
        0x35, 0x25, 0x3F, 0x00, 0x3F, 0x02, 0x3F, 0x00, 0x3F, 0x00, 0x3F, 0x00, 0x3F, 0x00, 0x3F, 0x00, 0x3F, 0x00, 0x3F, 0x00, 0x3F, 0x00, 0x3F, 0x00,
        0x3F, 0x00, 0x3F, 0x00, 0x3F, 0x00, 0x3F, 0x00, 0x3F, 0x00, 0x3F, 0x00, 0x3F, 0x00, 0x3F, 0x00, 0x3F, 0x01, 0x3F, 0x03, 0x2F, 0x09, 0x3F, 0xCF,
        0x31, 0xFF, 0x14, 0xFB, 0x0F, 0xFF, 0x1F, 0xFF, 0x13, 0xFF, 0x13, 0xFF, 0x13, 0xFF, 0x13, 0xFF, 0x13, 0xFF, 0x13, 0xFF, 0x13, 0xFF, 0x13, 0xFF,
        0x13, 0xFF, 0x13, 0xFF, 0x13, 0xFF, 0x13, 0xFF, 0x13, 0xFF, 0x13, 0xFF, 0x13, 0xFF, 0x13, 0xFF, 0x1F, 0xFF, 0x0F, 0xFF, 0x14, 0xFB, 0x31, 0xFF,
        0x3F, 0xCF, 0x2F, 0x09, 0x3F, 0x03, 0x3F, 0x01, 0x3F, 0x00, 0x3F, 0x00, 0x3F, 0x00, 0x3F, 0x00, 0x3F, 0x00, 0x3F, 0x00, 0x3F, 0x00, 0x3F, 0x00,
        0x3F, 0x00, 0x3F, 0x00, 0x3F, 0x00, 0x3F, 0x00, 0x3F, 0x00, 0x3F, 0x00, 0x3F, 0x00, 0x3F, 0x00, 0x3F, 0x03, 0x3D, 0x00, 0x3B, 0x8A, 0x37, 0xFF,
        0x23, 0xFA, 0x0C, 0xFF, 0x1F, 0xFF, 0x13, 0xFF, 0x13, 0xFF, 0x13, 0xFF, 0x13, 0xFF, 0x13, 0xFF, 0x13, 0xFF, 0x13, 0xFF, 0x13, 0xFF, 0x13, 0xFF,
        0x13, 0xFF, 0x13, 0xFF, 0x13, 0xFF, 0x13, 0xFF, 0x13, 0xFF, 0x13, 0xFF, 0x13, 0xFF, 0x13, 0xFF, 0x13, 0xFF, 0x1F, 0xFF, 0x0C, 0xFF, 0x23, 0xFA,
        0x37, 0xFF, 0x3B, 0x88, 0x3D, 0x00, 0x3F, 0x03, 0x3F, 0x00, 0x3F, 0x00, 0x3F, 0x00, 0x3F, 0x00, 0x3F, 0x00, 0x3F, 0x00, 0x3F, 0x00, 0x3F, 0x00,
        0x3F, 0x00, 0x3F, 0x00, 0x3F, 0x00, 0x3F, 0x00, 0x3F, 0x00, 0x3F, 0x00, 0x3F, 0x00, 0x3F, 0x02, 0x3F, 0x01, 0x36, 0x28, 0x3F, 0xF9, 0x28, 0xFC,
        0x04, 0xFE, 0x20, 0xFF, 0x13, 0xFF, 0x13, 0xFF, 0x13, 0xFF, 0x1D, 0xFF, 0x1D, 0xFF, 0x13, 0xFF, 0x13, 0xFF, 0x13, 0xFF, 0x13, 0xFF, 0x13, 0xFF,
        0x13, 0xFF, 0x13, 0xFF, 0x13, 0xFF, 0x13, 0xFF, 0x13, 0xFF, 0x1D, 0xFF, 0x1D, 0xFF, 0x13, 0xFF, 0x13, 0xFF, 0x13, 0xFF, 0x20, 0xFF, 0x04, 0xFE,
        0x28, 0xFC, 0x3F, 0xF9, 0x36, 0x27, 0x3F, 0x01, 0x3F, 0x02, 0x3F, 0x00, 0x3F, 0x00, 0x3F, 0x00, 0x3F, 0x00, 0x3F, 0x00, 0x3F, 0x00, 0x3F, 0x00,
        0x3F, 0x00, 0x3F, 0x00, 0x3F, 0x00, 0x3F, 0x00, 0x3F, 0x00, 0x3F, 0x00, 0x3F, 0x00, 0x3F, 0x03, 0x3C, 0x00, 0x3F, 0x9C, 0x33, 0xFF, 0x11, 0xFB,
        0x15, 0xFF, 0x13, 0xFF, 0x13, 0xFF, 0x13, 0xFF, 0x18, 0xFF, 0x0A, 0xFF, 0x0A, 0xFF, 0x18, 0xFF, 0x13, 0xFF, 0x13, 0xFF, 0x13, 0xFF, 0x13, 0xFF,
        0x13, 0xFF, 0x13, 0xFF, 0x13, 0xFF, 0x13, 0xFF, 0x18, 0xFF, 0x0A, 0xFF, 0x0A, 0xFF, 0x18, 0xFF, 0x13, 0xFF, 0x13, 0xFF, 0x15, 0xFF, 0x15, 0xFF,
        0x11, 0xFB, 0x33, 0xFF, 0x3F, 0x9B, 0x3C, 0x00, 0x3F, 0x03, 0x3F, 0x00, 0x3F, 0x00, 0x3F, 0x00, 0x3F, 0x00, 0x3F, 0x00, 0x3F, 0x00, 0x3F, 0x00,
        0x3F, 0x00, 0x3F, 0x00, 0x3F, 0x00, 0x3F, 0x00, 0x3F, 0x00, 0x3F, 0x00, 0x3F, 0x01, 0x3F, 0x00, 0x34, 0x17, 0x3F, 0xF1, 0x27, 0xFE, 0x06, 0xFE,
        0x20, 0xFF, 0x13, 0xFF, 0x18, 0xFF, 0x12, 0xFF, 0x10, 0xFF, 0x24, 0xFF, 0x24, 0xFF, 0x10, 0xFF, 0x12, 0xFF, 0x18, 0xFF, 0x13, 0xFF, 0x13, 0xFF,
        0x13, 0xFF, 0x13, 0xFF, 0x18, 0xFF, 0x12, 0xFF, 0x10, 0xFF, 0x24, 0xFF, 0x24, 0xFF, 0x10, 0xFF, 0x12, 0xFF, 0x18, 0xFF, 0x13, 0xFF, 0x20, 0xFF,
        0x06, 0xFE, 0x28, 0xFE, 0x3F, 0xEF, 0x33, 0x14, 0x3F, 0x00, 0x3F, 0x01, 0x3F, 0x00, 0x3F, 0x00, 0x3F, 0x00, 0x3F, 0x00, 0x3F, 0x00, 0x3F, 0x00,
        0x3F, 0x00, 0x3F, 0x00, 0x3F, 0x00, 0x3F, 0x00, 0x3F, 0x00, 0x3F, 0x00, 0x3F, 0x04, 0x3D, 0x00, 0x3F, 0x5C, 0x38, 0xFF, 0x22, 0xFC, 0x0F, 0xFF,
        0x18, 0xFF, 0x13, 0xFF, 0x1B, 0xFF, 0x0B, 0xFF, 0x2B, 0xFF, 0x3F, 0xFF, 0x3F, 0xFF, 0x2B, 0xFF, 0x0B, 0xFF, 0x1B, 0xFF, 0x13, 0xFF, 0x13, 0xFF,
        0x13, 0xFF, 0x13, 0xFF, 0x1B, 0xFF, 0x0B, 0xFF, 0x2B, 0xFF, 0x3F, 0xFF, 0x3F, 0xFF, 0x2B, 0xFF, 0x0B, 0xFF, 0x1B, 0xFF, 0x13, 0xFF, 0x18, 0xFF,
        0x0F, 0xFF, 0x22, 0xFC, 0x38, 0xFF, 0x3F, 0x5A, 0x3D, 0x00, 0x3F, 0x04, 0x3F, 0x00, 0x3F, 0x00, 0x3F, 0x00, 0x3F, 0x00, 0x3F, 0x00, 0x3F, 0x00,
        0x3F, 0x00, 0x3F, 0x00, 0x3F, 0x00, 0x3F, 0x00, 0x3F, 0x00, 0x3F, 0x00, 0x3F, 0x04, 0x3B, 0x00, 0x3F, 0x9C, 0x2E, 0xFE, 0x0A, 0xFB, 0x1B, 0xFF,
        0x13, 0xFF, 0x18, 0xFF, 0x10, 0xFF, 0x21, 0xFF, 0x38, 0xFF, 0x3A, 0xFF, 0x3A, 0xFF, 0x38, 0xFF, 0x21, 0xFF, 0x10, 0xFF, 0x18, 0xFF, 0x13, 0xFF,
        0x13, 0xFF, 0x18, 0xFF, 0x10, 0xFF, 0x21, 0xFF, 0x38, 0xFF, 0x3A, 0xFF, 0x3A, 0xFF, 0x38, 0xFF, 0x21, 0xFF, 0x10, 0xFF, 0x18, 0xFF, 0x13, 0xFF,
        0x19, 0xFF, 0x0B, 0xFB, 0x2E, 0xFE, 0x3F, 0x9C, 0x3B, 0x00, 0x3F, 0x04, 0x3F, 0x00, 0x3F, 0x00, 0x3F, 0x00, 0x3F, 0x00, 0x3F, 0x00, 0x3F, 0x00,
        0x3F, 0x00, 0x3F, 0x00, 0x3F, 0x00, 0x3F, 0x00, 0x3F, 0x00, 0x3F, 0x00, 0x3F, 0x01, 0x3B, 0x00, 0x3F, 0xC9, 0x2B, 0xFF, 0x05, 0xFD, 0x20, 0xFF,
        0x13, 0xFF, 0x18, 0xFF, 0x18, 0xFF, 0x11, 0xFF, 0x30, 0xFF, 0x3F, 0xFF, 0x3F, 0xFF, 0x30, 0xFF, 0x11, 0xFF, 0x18, 0xFF, 0x18, 0xFF, 0x13, 0xFF,
        0x13, 0xFF, 0x18, 0xFF, 0x18, 0xFF, 0x11, 0xFF, 0x30, 0xFF, 0x3F, 0xFF, 0x3F, 0xFF, 0x30, 0xFF, 0x11, 0xFF, 0x18, 0xFF, 0x18, 0xFF, 0x13, 0xFF,
        0x20, 0xFF, 0x05, 0xFD, 0x2B, 0xFF, 0x3F, 0xC8, 0x3B, 0x00, 0x3F, 0x01, 0x3F, 0x00, 0x3F, 0x00, 0x3F, 0x00, 0x3F, 0x00, 0x3F, 0x00, 0x3F, 0x00,
        0x3F, 0x00, 0x3F, 0x00, 0x3F, 0x00, 0x3F, 0x00, 0x3F, 0x00, 0x3F, 0x01, 0x3F, 0x00, 0x2C, 0x08, 0x3F, 0xE1, 0x28, 0xFF, 0x05, 0xFD, 0x20, 0xFF,
        0x13, 0xFF, 0x13, 0xFF, 0x1A, 0xFF, 0x0D, 0xFF, 0x23, 0xFF, 0x2B, 0xFF, 0x2B, 0xFF, 0x23, 0xFF, 0x0D, 0xFF, 0x1A, 0xFF, 0x13, 0xFF, 0x13, 0xFF,
        0x13, 0xFF, 0x13, 0xFF, 0x1A, 0xFF, 0x0D, 0xFF, 0x23, 0xFF, 0x2B, 0xFF, 0x2B, 0xFF, 0x23, 0xFF, 0x0D, 0xFF, 0x1A, 0xFF, 0x13, 0xFF, 0x13, 0xFF,
        0x20, 0xFF, 0x05, 0xFD, 0x28, 0xFF, 0x3F, 0xE0, 0x2C, 0x08, 0x3F, 0x00, 0x3F, 0x01, 0x3F, 0x00, 0x3F, 0x00, 0x3F, 0x00, 0x3F, 0x00, 0x3F, 0x00,
        0x3F, 0x00, 0x3F, 0x00, 0x3F, 0x00, 0x3F, 0x00, 0x3F, 0x00, 0x3F, 0x01, 0x3F, 0x00, 0x32, 0x10, 0x3F, 0xED, 0x26, 0xFF, 0x07, 0xFE, 0x1D, 0xFF,
        0x13, 0xFF, 0x13, 0xFF, 0x13, 0xFF, 0x17, 0xFF, 0x0E, 0xFF, 0x07, 0xFF, 0x07, 0xFF, 0x0E, 0xFF, 0x17, 0xFF, 0x13, 0xFF, 0x13, 0xFF, 0x13, 0xFF,
        0x13, 0xFF, 0x13, 0xFF, 0x13, 0xFF, 0x17, 0xFF, 0x0E, 0xFF, 0x07, 0xFF, 0x07, 0xFF, 0x0E, 0xFF, 0x17, 0xFF, 0x13, 0xFF, 0x13, 0xFF, 0x13, 0xFF,
        0x1E, 0xFF, 0x07, 0xFE, 0x26, 0xFF, 0x3F, 0xEC, 0x2F, 0x0F, 0x3F, 0x00, 0x3F, 0x01, 0x3F, 0x00, 0x3F, 0x00, 0x3F, 0x00, 0x3F, 0x00, 0x3F, 0x00,
        0x3F, 0x00, 0x3F, 0x00, 0x3F, 0x00, 0x3F, 0x00, 0x3F, 0x00, 0x3F, 0x01, 0x3F, 0x00, 0x32, 0x10, 0x3F, 0xED, 0x26, 0xFF, 0x07, 0xFE, 0x1D, 0xFF,
        0x13, 0xFF, 0x13, 0xFF, 0x13, 0xFF, 0x13, 0xFF, 0x18, 0xFF, 0x1E, 0xFF, 0x1E, 0xFF, 0x18, 0xFF, 0x13, 0xFF, 0x13, 0xFF, 0x13, 0xFF, 0x18, 0xFF,
        0x18, 0xFF, 0x13, 0xFF, 0x13, 0xFF, 0x13, 0xFF, 0x18, 0xFF, 0x1E, 0xFF, 0x1E, 0xFF, 0x18, 0xFF, 0x13, 0xFF, 0x13, 0xFF, 0x13, 0xFF, 0x13, 0xFF,
        0x1E, 0xFF, 0x07, 0xFE, 0x26, 0xFF, 0x3F, 0xEC, 0x2F, 0x0F, 0x3F, 0x00, 0x3F, 0x01, 0x3F, 0x00, 0x3F, 0x00, 0x3F, 0x00, 0x3F, 0x00, 0x3F, 0x00,
        0x3F, 0x00, 0x3F, 0x00, 0x3F, 0x00, 0x3F, 0x00, 0x3F, 0x00, 0x3F, 0x01, 0x3F, 0x00, 0x2C, 0x08, 0x3F, 0xE0, 0x28, 0xFF, 0x05, 0xFD, 0x20, 0xFF,
        0x13, 0xFF, 0x13, 0xFF, 0x13, 0xFF, 0x13, 0xFF, 0x13, 0xFF, 0x13, 0xFF, 0x13, 0xFF, 0x13, 0xFF, 0x13, 0xFF, 0x1B, 0xFF, 0x1D, 0xFF, 0x12, 0xFF,
        0x12, 0xFF, 0x1D, 0xFF, 0x1B, 0xFF, 0x13, 0xFF, 0x13, 0xFF, 0x13, 0xFF, 0x13, 0xFF, 0x13, 0xFF, 0x13, 0xFF, 0x13, 0xFF, 0x13, 0xFF, 0x13, 0xFF,
        0x20, 0xFF, 0x05, 0xFD, 0x28, 0xFF, 0x3F, 0xE0, 0x2C, 0x08, 0x3F, 0x00, 0x3F, 0x01, 0x3F, 0x00, 0x3F, 0x00, 0x3F, 0x00, 0x3F, 0x00, 0x3F, 0x00,
        0x3F, 0x00, 0x3F, 0x00, 0x3F, 0x00, 0x3F, 0x00, 0x3F, 0x00, 0x3F, 0x00, 0x3F, 0x01, 0x3B, 0x00, 0x3F, 0xC8, 0x2B, 0xFF, 0x05, 0xFD, 0x20, 0xFF,
        0x13, 0xFF, 0x13, 0xFF, 0x13, 0xFF, 0x13, 0xFF, 0x13, 0xFF, 0x13, 0xFF, 0x13, 0xFF, 0x13, 0xFF, 0x1C, 0xFF, 0x0C, 0xFF, 0x03, 0xFF, 0x16, 0xFF,
        0x16, 0xFF, 0x03, 0xFF, 0x0C, 0xFF, 0x1C, 0xFF, 0x13, 0xFF, 0x13, 0xFF, 0x13, 0xFF, 0x13, 0xFF, 0x13, 0xFF, 0x13, 0xFF, 0x13, 0xFF, 0x13, 0xFF,
        0x20, 0xFF, 0x05, 0xFD, 0x2B, 0xFF, 0x3F, 0xC8, 0x3B, 0x00, 0x3F, 0x01, 0x3F, 0x00, 0x3F, 0x00, 0x3F, 0x00, 0x3F, 0x00, 0x3F, 0x00, 0x3F, 0x00,
        0x3F, 0x00, 0x3F, 0x00, 0x3F, 0x00, 0x3F, 0x00, 0x3F, 0x00, 0x3F, 0x00, 0x3F, 0x04, 0x3B, 0x00, 0x3F, 0x9C, 0x2E, 0xFE, 0x0A, 0xFB, 0x1B, 0xFF,
        0x13, 0xFF, 0x13, 0xFF, 0x13, 0xFF, 0x13, 0xFF, 0x13, 0xFF, 0x13, 0xFF, 0x13, 0xFF, 0x1B, 0xFF, 0x08, 0xFF, 0x24, 0xFF, 0x2E, 0xFF, 0x36, 0xFF,
        0x36, 0xFF, 0x2E, 0xFF, 0x24, 0xFF, 0x08, 0xFF, 0x1B, 0xFF, 0x13, 0xFF, 0x13, 0xFF, 0x13, 0xFF, 0x13, 0xFF, 0x13, 0xFF, 0x13, 0xFF, 0x13, 0xFF,
        0x19, 0xFF, 0x0B, 0xFB, 0x2E, 0xFE, 0x3F, 0x9B, 0x3B, 0x00, 0x3F, 0x04, 0x3F, 0x00, 0x3F, 0x00, 0x3F, 0x00, 0x3F, 0x00, 0x3F, 0x00, 0x3F, 0x00,
        0x3F, 0x00, 0x3F, 0x00, 0x3F, 0x00, 0x3F, 0x00, 0x3F, 0x00, 0x3F, 0x00, 0x3F, 0x04, 0x3D, 0x00, 0x3F, 0x5C, 0x38, 0xFF, 0x22, 0xFC, 0x0F, 0xFF,
        0x18, 0xFF, 0x13, 0xFF, 0x13, 0xFF, 0x13, 0xFF, 0x13, 0xFF, 0x13, 0xFF, 0x1D, 0xFF, 0x0A, 0xFF, 0x24, 0xFF, 0x3F, 0xFF, 0x32, 0xFF, 0x2A, 0xFF,
        0x2A, 0xFF, 0x32, 0xFF, 0x3F, 0xFF, 0x24, 0xFF, 0x0A, 0xFF, 0x1D, 0xFF, 0x13, 0xFF, 0x13, 0xFF, 0x13, 0xFF, 0x13, 0xFF, 0x13, 0xFF, 0x1A, 0xFF,
        0x0F, 0xFF, 0x22, 0xFC, 0x38, 0xFF, 0x3F, 0x5A, 0x3D, 0x00, 0x3F, 0x04, 0x3F, 0x00, 0x3F, 0x00, 0x3F, 0x00, 0x3F, 0x00, 0x3F, 0x00, 0x3F, 0x00,
        0x3F, 0x00, 0x3F, 0x00, 0x3F, 0x00, 0x3F, 0x00, 0x3F, 0x00, 0x3F, 0x00, 0x3F, 0x01, 0x3F, 0x00, 0x34, 0x16, 0x3F, 0xF1, 0x27, 0xFE, 0x06, 0xFE,
        0x20, 0xFF, 0x13, 0xFF, 0x13, 0xFF, 0x13, 0xFF, 0x13, 0xFF, 0x18, 0xFF, 0x12, 0xFF, 0x21, 0xFF, 0x38, 0xFF, 0x2D, 0xFF, 0x00, 0xFF, 0x00, 0xFF,
        0x00, 0xFF, 0x00, 0xFF, 0x2D, 0xFF, 0x38, 0xFF, 0x21, 0xFF, 0x0F, 0xFF, 0x18, 0xFF, 0x13, 0xFF, 0x13, 0xFF, 0x13, 0xFF, 0x13, 0xFF, 0x20, 0xFF,
        0x06, 0xFE, 0x28, 0xFE, 0x3F, 0xEF, 0x33, 0x14, 0x3F, 0x00, 0x3F, 0x01, 0x3F, 0x00, 0x3F, 0x00, 0x3F, 0x00, 0x3F, 0x00, 0x3F, 0x00, 0x3F, 0x00,
        0x3F, 0x00, 0x3F, 0x00, 0x3F, 0x00, 0x3F, 0x00, 0x3F, 0x00, 0x3F, 0x00, 0x3F, 0x00, 0x3F, 0x03, 0x3C, 0x00, 0x3F, 0x9B, 0x33, 0xFF, 0x11, 0xFB,
        0x15, 0xFF, 0x15, 0xFF, 0x13, 0xFF, 0x13, 0xFF, 0x13, 0xFF, 0x20, 0xFF, 0x03, 0xFF, 0x26, 0xFF, 0x39, 0xFF, 0x01, 0xFF, 0x00, 0xFF, 0x01, 0xFF,
        0x01, 0xFF, 0x00, 0xFF, 0x01, 0xFF, 0x39, 0xFF, 0x26, 0xFF, 0x03, 0xFF, 0x1E, 0xFF, 0x13, 0xFF, 0x13, 0xFF, 0x13, 0xFF, 0x15, 0xFF, 0x15, 0xFF,
        0x11, 0xFB, 0x33, 0xFF, 0x3F, 0x9B, 0x3C, 0x00, 0x3F, 0x03, 0x3F, 0x00, 0x3F, 0x00, 0x3F, 0x00, 0x3F, 0x00, 0x3F, 0x00, 0x3F, 0x00, 0x3F, 0x00,
        0x3F, 0x00, 0x3F, 0x00, 0x3F, 0x00, 0x3F, 0x00, 0x3F, 0x00, 0x3F, 0x00, 0x3F, 0x00, 0x3F, 0x02, 0x3F, 0x01, 0x36, 0x27, 0x3F, 0xF9, 0x28, 0xFC,
        0x04, 0xFE, 0x20, 0xFF, 0x13, 0xFF, 0x13, 0xFF, 0x13, 0xFF, 0x20, 0xFF, 0x04, 0xFF, 0x2B, 0xFF, 0x34, 0xFF, 0x00, 0xFF, 0x00, 0xFF, 0x00, 0xFF,
        0x00, 0xFF, 0x00, 0xFF, 0x00, 0xFF, 0x34, 0xFF, 0x2B, 0xFF, 0x04, 0xFF, 0x20, 0xFF, 0x13, 0xFF, 0x13, 0xFF, 0x13, 0xFF, 0x20, 0xFF, 0x04, 0xFE,
        0x28, 0xFC, 0x3F, 0xF9, 0x36, 0x27, 0x3F, 0x01, 0x3F, 0x02, 0x3F, 0x00, 0x3F, 0x00, 0x3F, 0x00, 0x3F, 0x00, 0x3F, 0x00, 0x3F, 0x00, 0x3F, 0x00,
        0x3F, 0x00, 0x3F, 0x00, 0x3F, 0x00, 0x3F, 0x00, 0x3F, 0x00, 0x3F, 0x00, 0x3F, 0x00, 0x3F, 0x00, 0x3F, 0x03, 0x3D, 0x00, 0x3B, 0x88, 0x37, 0xFF,
        0x23, 0xFA, 0x0C, 0xFF, 0x1F, 0xFF, 0x13, 0xFF, 0x13, 0xFF, 0x20, 0xFF, 0x05, 0xFF, 0x29, 0xFF, 0x39, 0xFF, 0x01, 0xFF, 0x01, 0xFF, 0x01, 0xFF,
        0x01, 0xFF, 0x01, 0xFF, 0x01, 0xFF, 0x39, 0xFF, 0x28, 0xFF, 0x05, 0xFF, 0x20, 0xFF, 0x13, 0xFF, 0x13, 0xFF, 0x1F, 0xFF, 0x0C, 0xFF, 0x23, 0xFA,
        0x37, 0xFF, 0x3B, 0x88, 0x3D, 0x00, 0x3F, 0x03, 0x3F, 0x00, 0x3F, 0x00, 0x3F, 0x00, 0x3F, 0x00, 0x3F, 0x00, 0x3F, 0x00, 0x3F, 0x00, 0x3F, 0x00,
        0x3F, 0x00, 0x3F, 0x00, 0x3F, 0x00, 0x3F, 0x00, 0x3F, 0x00, 0x3F, 0x00, 0x3F, 0x00, 0x3F, 0x00, 0x3F, 0x01, 0x3F, 0x03, 0x2F, 0x09, 0x3F, 0xCF,
        0x31, 0xFF, 0x14, 0xFB, 0x0F, 0xFF, 0x1F, 0xFF, 0x13, 0xFF, 0x18, 0xFF, 0x0F, 0xFF, 0x22, 0xFF, 0x3C, 0xFF, 0x2A, 0xFF, 0x00, 0xFF, 0x00, 0xFF,
        0x00, 0xFF, 0x00, 0xFF, 0x2A, 0xFF, 0x3C, 0xFF, 0x22, 0xFF, 0x0F, 0xFF, 0x18, 0xFF, 0x13, 0xFF, 0x1F, 0xFF, 0x0F, 0xFF, 0x14, 0xFB, 0x31, 0xFF,
        0x3F, 0xCF, 0x2F, 0x09, 0x3F, 0x03, 0x3F, 0x01, 0x3F, 0x00, 0x3F, 0x00, 0x3F, 0x00, 0x3F, 0x00, 0x3F, 0x00, 0x3F, 0x00, 0x3F, 0x00, 0x3F, 0x00,
        0x3F, 0x00, 0x3F, 0x00, 0x3F, 0x00, 0x3F, 0x00, 0x3F, 0x00, 0x3F, 0x00, 0x3F, 0x00, 0x3F, 0x00, 0x3F, 0x00, 0x3F, 0x02, 0x3F, 0x00, 0x35, 0x24,
        0x3F, 0xE8, 0x2E, 0xFF, 0x14, 0xFB, 0x0C, 0xFF, 0x20, 0xFF, 0x13, 0xFF, 0x1D, 0xFF, 0x07, 0xFF, 0x26, 0xFF, 0x3F, 0xFF, 0x2D, 0xFF, 0x02, 0xFF,
        0x02, 0xFF, 0x2D, 0xFF, 0x3F, 0xFF, 0x26, 0xFF, 0x07, 0xFF, 0x1D, 0xFF, 0x13, 0xFF, 0x20, 0xFF, 0x0C, 0xFF, 0x14, 0xFB, 0x2E, 0xFF, 0x3F, 0xE8,
        0x35, 0x24, 0x3F, 0x00, 0x3F, 0x02, 0x3F, 0x00, 0x3F, 0x00, 0x3F, 0x00, 0x3F, 0x00, 0x3F, 0x00, 0x3F, 0x00, 0x3F, 0x00, 0x3F, 0x00, 0x3F, 0x00,
        0x3F, 0x00, 0x3F, 0x00, 0x3F, 0x00, 0x3F, 0x00, 0x3F, 0x00, 0x3F, 0x00, 0x3F, 0x00, 0x3F, 0x00, 0x3F, 0x00, 0x3F, 0x00, 0x3F, 0x03, 0x3F, 0x00,
        0x37, 0x32, 0x3F, 0xE6, 0x31, 0xFF, 0x23, 0xFB, 0x04, 0xFE, 0x13, 0xFF, 0x20, 0xFF, 0x20, 0xFF, 0x0A, 0xFF, 0x24, 0xFF, 0x33, 0xFF, 0x3E, 0xFF,
        0x3E, 0xFF, 0x33, 0xFF, 0x24, 0xFF, 0x0A, 0xFF, 0x1E, 0xFF, 0x20, 0xFF, 0x13, 0xFF, 0x05, 0xFE, 0x23, 0xFA, 0x31, 0xFF, 0x3F, 0xE7, 0x37, 0x33,
        0x3F, 0x00, 0x3F, 0x03, 0x3F, 0x00, 0x3F, 0x00, 0x3F, 0x00, 0x3F, 0x00, 0x3F, 0x00, 0x3F, 0x00, 0x3F, 0x00, 0x3F, 0x00, 0x3F, 0x00, 0x3F, 0x00,
        0x3F, 0x00, 0x3F, 0x00, 0x3F, 0x00, 0x3F, 0x00, 0x3F, 0x00, 0x3F, 0x00, 0x3F, 0x00, 0x3F, 0x00, 0x3F, 0x00, 0x3F, 0x00, 0x3F, 0x00, 0x3F, 0x03,
        0x3F, 0x00, 0x35, 0x26, 0x3F, 0xCB, 0x37, 0xFF, 0x27, 0xFF, 0x11, 0xFB, 0x06, 0xFE, 0x0D, 0xFF, 0x20, 0xFF, 0x0C, 0xFF, 0x0E, 0xFF, 0x22, 0xFF,
        0x22, 0xFF, 0x0E, 0xFF, 0x0C, 0xFF, 0x20, 0xFF, 0x0E, 0xFF, 0x06, 0xFE, 0x11, 0xFB, 0x27, 0xFF, 0x37, 0xFF, 0x3F, 0xCB, 0x35, 0x26, 0x3F, 0x00,
        0x3F, 0x03, 0x3F, 0x00, 0x3F, 0x00, 0x3F, 0x00, 0x3F, 0x00, 0x3F, 0x00, 0x3F, 0x00, 0x3F, 0x00, 0x3F, 0x00, 0x3F, 0x00, 0x3F, 0x00, 0x3F, 0x00,
        0x3F, 0x00, 0x3F, 0x00, 0x3F, 0x00, 0x3F, 0x00, 0x3F, 0x00, 0x3F, 0x00, 0x3F, 0x00, 0x3F, 0x00, 0x3F, 0x00, 0x3F, 0x00, 0x3F, 0x00, 0x3F, 0x00,
        0x3F, 0x03, 0x3F, 0x00, 0x30, 0x08, 0x3F, 0x88, 0x3F, 0xF6, 0x33, 0xFF, 0x27, 0xFF, 0x23, 0xFC, 0x0A, 0xFB, 0x09, 0xFC, 0x06, 0xFD, 0x04, 0xFE,
        0x04, 0xFE, 0x06, 0xFD, 0x07, 0xFC, 0x0A, 0xFB, 0x23, 0xFC, 0x29, 0xFF, 0x33, 0xFF, 0x3F, 0xF7, 0x3F, 0x88, 0x30, 0x09, 0x3F, 0x00, 0x3F, 0x03,
        0x3F, 0x00, 0x3F, 0x00, 0x3F, 0x00, 0x3F, 0x00, 0x3F, 0x00, 0x3F, 0x00, 0x3F, 0x00, 0x3F, 0x00, 0x3F, 0x00, 0x3F, 0x00, 0x3F, 0x00, 0x3F, 0x00,
        0x3F, 0x00, 0x3F, 0x00, 0x3F, 0x00, 0x3F, 0x00, 0x3F, 0x00, 0x3F, 0x00, 0x3F, 0x00, 0x3F, 0x00, 0x3F, 0x00, 0x3F, 0x00, 0x3F, 0x00, 0x3F, 0x00,
        0x3F, 0x00, 0x3F, 0x02, 0x3F, 0x00, 0x3D, 0x00, 0x36, 0x2B, 0x3F, 0x98, 0x3F, 0xE9, 0x38, 0xFF, 0x2E, 0xFF, 0x2B, 0xFF, 0x29, 0xFF, 0x26, 0xFF,
        0x26, 0xFF, 0x29, 0xFF, 0x2B, 0xFF, 0x2E, 0xFF, 0x38, 0xFF, 0x3F, 0xEB, 0x3F, 0x98, 0x36, 0x2B, 0x3D, 0x00, 0x3F, 0x00, 0x3F, 0x02, 0x3F, 0x00,
        0x3F, 0x00, 0x3F, 0x00, 0x3F, 0x00, 0x3F, 0x00, 0x3F, 0x00, 0x3F, 0x00, 0x3F, 0x00, 0x3F, 0x00, 0x3F, 0x00, 0x3F, 0x00, 0x3F, 0x00, 0x3F, 0x00,
        0x3F, 0x00, 0x3F, 0x00, 0x3F, 0x00, 0x3F, 0x00, 0x3F, 0x00, 0x3F, 0x00, 0x3F, 0x00, 0x3F, 0x00, 0x3F, 0x00, 0x3F, 0x00, 0x3F, 0x00, 0x3F, 0x00,
        0x3F, 0x00, 0x3F, 0x00, 0x3F, 0x01, 0x3F, 0x03, 0x3F, 0x00, 0x3C, 0x00, 0x34, 0x15, 0x3F, 0x5B, 0x3F, 0x9A, 0x3F, 0xC7, 0x3F, 0xE0, 0x3F, 0xEC,
        0x3F, 0xEC, 0x3F, 0xE0, 0x3F, 0xC7, 0x3F, 0x9A, 0x3F, 0x5C, 0x34, 0x17, 0x3C, 0x00, 0x3F, 0x00, 0x3F, 0x03, 0x3F, 0x01, 0x3F, 0x00, 0x3F, 0x00,
        0x3F, 0x00, 0x3F, 0x00, 0x3F, 0x00, 0x3F, 0x00, 0x3F, 0x00, 0x3F, 0x00, 0x3F, 0x00, 0x3F, 0x00, 0x3F, 0x00, 0x3F, 0x00, 0x3F, 0x00, 0x3F, 0x00,
        0x3F, 0x00, 0x3F, 0x00, 0x3F, 0x00, 0x3F, 0x00, 0x3F, 0x00, 0x3F, 0x00, 0x3F, 0x00, 0x3F, 0x00, 0x3F, 0x00, 0x3F, 0x00, 0x3F, 0x00, 0x3F, 0x00,
        0x3F, 0x00, 0x3F, 0x00, 0x3F, 0x00, 0x3F, 0x00, 0x3F, 0x02, 0x3F, 0x03, 0x3F, 0x00, 0x3D, 0x00, 0x3B, 0x00, 0x3B, 0x00, 0x2C, 0x08, 0x2F, 0x0F,
        0x2F, 0x0F, 0x2C, 0x08, 0x3B, 0x00, 0x3B, 0x00, 0x3D, 0x00, 0x3F, 0x00, 0x3F, 0x03, 0x3F, 0x02, 0x3F, 0x00, 0x3F, 0x00, 0x3F, 0x00, 0x3F, 0x00,
        0x3F, 0x00, 0x3F, 0x00, 0x3F, 0x00, 0x3F, 0x00, 0x3F, 0x00, 0x3F, 0x00, 0x3F, 0x00, 0x3F, 0x00, 0x3F, 0x00, 0x3F, 0x00, 0x3F, 0x00, 0x3F, 0x00,
        0x3F, 0x00, 0x3F, 0x00, 0x3F, 0x00, 0x3F, 0x00, 0x3F, 0x00, 0x3F, 0x00, 0x3F, 0x00, 0x3F, 0x00, 0x3F, 0x00, 0x3F, 0x00, 0x3F, 0x00, 0x3F, 0x00,
        0x3F, 0x00, 0x3F, 0x00, 0x3F, 0x00, 0x3F, 0x00, 0x3F, 0x00, 0x3F, 0x00, 0x3F, 0x01, 0x3F, 0x04, 0x3F, 0x04, 0x3F, 0x01, 0x3F, 0x00, 0x3F, 0x00,
        0x3F, 0x00, 0x3F, 0x00, 0x3F, 0x01, 0x3F, 0x04, 0x3F, 0x04, 0x3F, 0x01, 0x3F, 0x00, 0x3F, 0x00, 0x3F, 0x00, 0x3F, 0x00, 0x3F, 0x00, 0x3F, 0x00,
        0x3F, 0x00, 0x3F, 0x00, 0x3F, 0x00, 0x3F, 0x00, 0x3F, 0x00, 0x3F, 0x00, 0x3F, 0x00, 0x3F, 0x00, 0x3F, 0x00, 0x3F, 0x00, 0x3F, 0x00, 0x3F, 0x00,
        0x3F, 0x00, 0x3F, 0x00, 0x3F, 0x00, 0x3F, 0x00, 0x3F, 0x00, 0x3F, 0x00, 0x3F, 0x00, 0x3F, 0x00, 0x3F, 0x00, 0x3F, 0x00, 0x3F, 0x00, 0x3F, 0x00,
        0x3F, 0x00, 0x3F, 0x00, 0x3F, 0x00, 0x3F, 0x00, 0x3F, 0x00, 0x3F, 0x00, 0x3F, 0x00, 0x3F, 0x00, 0x3F, 0x00, 0x3F, 0x00, 0x3F, 0x01, 0x3F, 0x01,
        0x3F, 0x01, 0x3F, 0x01, 0x3F, 0x00, 0x3F, 0x00, 0x3F, 0x00, 0x3F, 0x00, 0x3F, 0x00, 0x3F, 0x00, 0x3F, 0x00, 0x3F, 0x00, 0x3F, 0x00, 0x3F, 0x00,
        0x3F, 0x00, 0x3F, 0x00, 0x3F, 0x00, 0x3F, 0x00, 0x3F, 0x00, 0x3F, 0x00, 0x3F, 0x00, 0x3F, 0x00, 0x3F, 0x00, 0x3F, 0x00, 0x3F, 0x00, 0x3F, 0x00,
        0x3F, 0x00, 0x3F, 0x00, 0x3F, 0x00, 0x3F, 0x00, 0x3F, 0x00, 0x3F, 0x00, 0x3F, 0x00, 0x3F, 0x00, 0x3F, 0x00, 0x3F, 0x00, 0x3F, 0x00, 0x3F, 0x00,
        0x3F, 0x00, 0x3F, 0x00, 0x3F, 0x00, 0x3F, 0x00, 0x3F, 0x00, 0x3F, 0x00, 0x3F, 0x00, 0x3F, 0x00, 0x3F, 0x00, 0x3F, 0x00, 0x3F, 0x00, 0x3F, 0x00,
        0x3F, 0x00, 0x3F, 0x00, 0x3F, 0x00, 0x3F, 0x00, 0x3F, 0x00, 0x3F, 0x00, 0x3F, 0x00, 0x3F, 0x00, 0x3F, 0x00, 0x3F, 0x00, 0x3F, 0x00, 0x3F, 0x00,
        0x3F, 0x00, 0x3F, 0x00, 0x3F, 0x00, 0x3F, 0x00, 0x3F, 0x00, 0x3F, 0x00, 0x3F, 0x00, 0x3F, 0x00, 0x3F, 0x00, 0x3F, 0x00, 0x3F, 0x00, 0x3F, 0x00,
        0x3F, 0x00, 0x3F, 0x00, 0x3F, 0x00, 0x3F, 0x00, 0x3F, 0x00, 0x3F, 0x00, 0x3F, 0x00, 0x3F, 0x00, 0x3F, 0x00, 0x3F, 0x00, 0x3F, 0x00, 0x3F, 0x00,
        0x3F, 0x00, 0x3F, 0x00, 0x3F, 0x00, 0x3F, 0x00, 0x3F, 0x00, 0x3F, 0x00, 0x3F, 0x00, 0x3F, 0x00, 0x3F, 0x00, 0x3F, 0x00, 0x3F, 0x00, 0x3F, 0x00,
        0x3F, 0x00, 0x3F, 0x00, 0x3F, 0x00, 0x3F, 0x00, 0x3F, 0x00, 0x3F, 0x00, 0x3F, 0x00, 0x3F, 0x00, 0x3F, 0x00, 0x3F, 0x00, 0x3F, 0x00, 0x3F, 0x00,
        0x3F, 0x00, 0x3F, 0x00, 0x3F, 0x00, 0x3F, 0x00, 0x3F, 0x00, 0x3F, 0x00, 0x3F, 0x00, 0x3F, 0x00, 0x3F, 0x00, 0x3F, 0x00, 0x3F, 0x00, 0x3F, 0x00,
        0x3F, 0x00, 0x3F, 0x00, 0x3F, 0x00, 0x3F, 0x00, 0x3F, 0x00, 0x3F, 0x00, 0x3F, 0x00, 0x3F, 0x00, 0x3F, 0x00, 0x3F, 0x00, 0x3F, 0x00, 0x3F, 0x00,
        0x3F, 0x00, 0x3F, 0x00, 0x3F, 0x00, 0x3F, 0x00, 0x3F, 0x00, 0x3F, 0x00, 0x3F, 0x00, 0x3F, 0x00, 0x3F, 0x00, 0x3F, 0x00, 0x3F, 0x00, 0x3F, 0x00,
        0x3F, 0x00, 0x3F, 0x00, 0x3F, 0x00, 0x3F, 0x00, 0x3F, 0x00, 0x3F, 0x00, 0x3F, 0x00, 0x3F, 0x00, 0x3F, 0x00, 0x3F, 0x00, 0x3F, 0x00, 0x3F, 0x00,
        0x3F, 0x00, 0x3F, 0x00, 0x3F, 0x00, 0x3F, 0x00, 0x3F, 0x00, 0x3F, 0x00, 0x3F, 0x00, 0x3F, 0x00, 0x3F, 0x00, 0x3F, 0x00, 0x3F, 0x00, 0x3F, 0x00,
        0x3F, 0x00, 0x3F, 0x00, 0x3F, 0x00, 0x3F, 0x00, 0x3F, 0x00, 0x3F, 0x00, 0x3F, 0x00, 0x3F, 0x00, 0x3F, 0x00, 0x3F, 0x00, 0x3F, 0x00, 0x3F, 0x00,
        0x3F, 0x00, 0x3F, 0x00, 0x3F, 0x00, 0x3F, 0x00, 0x3F, 0x00, 0x3F, 0x00, 0x3F, 0x00, 0x3F, 0x00, 0x3F, 0x00, 0x3F, 0x00, 0x3F, 0x00, 0x3F, 0x00,
        0x3F, 0x00, 0x3F, 0x00, 0x3F, 0x00, 0x3F, 0x00, 0x3F, 0x00, 0x3F, 0x00, 0x3F, 0x00, 0x3F, 0x00, 0x3F, 0x00, 0x3F, 0x00, 0x3F, 0x00, 0x3F, 0x00,
        0x3F, 0x00, 0x3F, 0x00, 0x3F, 0x00, 0x3F, 0x00, 0x3F, 0x00, 0x3F, 0x00, 0x3F, 0x00, 0x3F, 0x00, 0x3F, 0x00, 0x3F, 0x00, 0x3F, 0x00, 0x3F, 0x00,
        0x3F, 0x00, 0x3F, 0x00, 0x3F, 0x00, 0x3F, 0x00, 0x3F, 0x00, 0x3F, 0x00, 0x3F, 0x00, 0x3F, 0x00, 0x3F, 0x00, 0x3F, 0x00, 0x3F, 0x00, 0x3F, 0x00,
        0x3F, 0x00, 0x3F, 0x00, 0x3F, 0x00, 0x3F, 0x00, 0x3F, 0x00, 0x3F, 0x00, 0x3F, 0x00, 0x3F, 0x00, 0x3F, 0x00, 0x3F, 0x00, 0x3F, 0x00, 0x3F, 0x00,
        0x3F, 0x00, 0x3F, 0x00, 0x3F, 0x00, 0x3F, 0x00, 0x3F, 0x00, 0x3F, 0x00, 0x3F, 0x00, 0x3F, 0x00, 0x3F, 0x00, 0x3F, 0x00, 0x3F, 0x00, 0x3F, 0x00,
        0x3F, 0x00, 0x3F, 0x00, 0x3F, 0x00, 0x3F, 0x00, 0x3F, 0x00, 0x3F, 0x00, 0x3F, 0x00, 0x3F, 0x00, 0x3F, 0x00, 0x3F, 0x00, 0x3F, 0x00, 0x3F, 0x00,
    },
    // fire: 1F525.svg, source sha256 c9d2cc9cedfa
    {
        0x3F, 0x00, 0x3F, 0x00, 0x3F, 0x00, 0x3F, 0x00, 0x3F, 0x00, 0x3F, 0x00, 0x3F, 0x00, 0x3F, 0x00, 0x3F, 0x00, 0x3F, 0x00, 0x3F, 0x00, 0x3F, 0x00,
        0x3F, 0x00, 0x3F, 0x00, 0x3F, 0x00, 0x3F, 0x00, 0x3F, 0x00, 0x3F, 0x00, 0x3F, 0x00, 0x3F, 0x00, 0x3F, 0x00, 0x3F, 0x00, 0x3F, 0x02, 0x3F, 0x04,
        0x3F, 0x00, 0x3F, 0x00, 0x3F, 0x00, 0x3F, 0x00, 0x3F, 0x00, 0x3F, 0x00, 0x3F, 0x00, 0x3F, 0x00, 0x3F, 0x00, 0x3F, 0x00, 0x3F, 0x00, 0x3F, 0x00,
        0x3F, 0x00, 0x3F, 0x00, 0x3F, 0x00, 0x3F, 0x00, 0x3F, 0x00, 0x3F, 0x00, 0x3F, 0x00, 0x3F, 0x00, 0x3F, 0x00, 0x3F, 0x00, 0x3F, 0x00, 0x3F, 0x00,
        0x3F, 0x00, 0x3F, 0x00, 0x3F, 0x00, 0x3F, 0x00, 0x3F, 0x00, 0x3F, 0x00, 0x3F, 0x00, 0x3F, 0x00, 0x3F, 0x00, 0x3F, 0x00, 0x3F, 0x00, 0x3F, 0x00,
        0x3F, 0x00, 0x3F, 0x00, 0x3F, 0x00, 0x3F, 0x00, 0x3F, 0x00, 0x3F, 0x00, 0x3F, 0x00, 0x3F, 0x00, 0x3F, 0x00, 0x3F, 0x00, 0x3F, 0x00, 0x3F, 0x00,
        0x3F, 0x02, 0x3F, 0x00, 0x3F, 0x00, 0x3F, 0x00, 0x3F, 0x00, 0x3F, 0x00, 0x3F, 0x00, 0x3F, 0x00, 0x3F, 0x00, 0x3F, 0x00, 0x3F, 0x00, 0x3F, 0x00,
        0x3F, 0x00, 0x3F, 0x00, 0x3F, 0x00, 0x3F, 0x00, 0x3F, 0x00, 0x3F, 0x00, 0x3F, 0x00, 0x3F, 0x00, 0x3F, 0x00, 0x3F, 0x00, 0x3F, 0x00, 0x3F, 0x00,
        0x3F, 0x00, 0x3F, 0x00, 0x3F, 0x00, 0x3F, 0x00, 0x3F, 0x00, 0x3F, 0x00, 0x3F, 0x00, 0x3F, 0x00, 0x3F, 0x00, 0x3F, 0x00, 0x3F, 0x00, 0x3F, 0x00,
        0x3F, 0x00, 0x3F, 0x00, 0x3F, 0x00, 0x3F, 0x00, 0x3F, 0x00, 0x3F, 0x00, 0x3F, 0x00, 0x3F, 0x00, 0x3F, 0x02, 0x3F, 0x00, 0x3F, 0x3C, 0x3F, 0x5D,
        0x3D, 0x00, 0x3F, 0x01, 0x3F, 0x01, 0x3F, 0x00, 0x3F, 0x00, 0x3F, 0x00, 0x3F, 0x00, 0x3F, 0x00, 0x3F, 0x00, 0x3F, 0x00, 0x3F, 0x00, 0x3F, 0x00,
        0x3F, 0x00, 0x3F, 0x00, 0x3F, 0x00, 0x3F, 0x00, 0x3F, 0x00, 0x3F, 0x00, 0x3F, 0x00, 0x3F, 0x00, 0x3F, 0x00, 0x3F, 0x00, 0x3F, 0x00, 0x3F, 0x00,
        0x3F, 0x00, 0x3F, 0x00, 0x3F, 0x00, 0x3F, 0x00, 0x3F, 0x00, 0x3F, 0x00, 0x3F, 0x00, 0x3F, 0x00, 0x3F, 0x00, 0x3F, 0x00, 0x3F, 0x00, 0x3F, 0x00,
        0x3F, 0x00, 0x3F, 0x00, 0x3F, 0x00, 0x3F, 0x00, 0x3F, 0x00, 0x3F, 0x00, 0x3F, 0x00, 0x3F, 0x00, 0x3F, 0x04, 0x3F, 0x00, 0x3F, 0x8D, 0x3F, 0xFF,
        0x3F, 0x8B, 0x3D, 0x00, 0x3F, 0x01, 0x3F, 0x01, 0x3F, 0x00, 0x3F, 0x00, 0x3F, 0x00, 0x3F, 0x00, 0x3F, 0x00, 0x3F, 0x00, 0x3F, 0x00, 0x3F, 0x00,
        0x3F, 0x00, 0x3F, 0x00, 0x3F, 0x00, 0x3F, 0x00, 0x3F, 0x00, 0x3F, 0x00, 0x3F, 0x00, 0x3F, 0x00, 0x3F, 0x00, 0x3F, 0x00, 0x3F, 0x00, 0x3F, 0x00,
        0x3F, 0x00, 0x3F, 0x00, 0x3F, 0x00, 0x3F, 0x00, 0x3F, 0x00, 0x3F, 0x00, 0x3F, 0x00, 0x3F, 0x00, 0x3F, 0x00, 0x3F, 0x00, 0x3F, 0x00, 0x3F, 0x00,
        0x3F, 0x00, 0x3F, 0x00, 0x3F, 0x00, 0x3F, 0x00, 0x3F, 0x00, 0x3F, 0x00, 0x3F, 0x00, 0x3F, 0x00, 0x3F, 0x04, 0x3F, 0x00, 0x3F, 0x61, 0x37, 0xFC,
        0x3D, 0xFF, 0x3F, 0xA5, 0x10, 0x01, 0x3F, 0x02, 0x3F, 0x01, 0x3F, 0x00, 0x3F, 0x00, 0x3F, 0x00, 0x3F, 0x00, 0x3F, 0x00, 0x3F, 0x00, 0x3F, 0x00,
        0x3F, 0x00, 0x3F, 0x00, 0x3F, 0x00, 0x3F, 0x00, 0x3F, 0x00, 0x3F, 0x00, 0x3F, 0x00, 0x3F, 0x00, 0x3F, 0x00, 0x3F, 0x00, 0x3F, 0x00, 0x3F, 0x00,
        0x3F, 0x00, 0x3F, 0x00, 0x3F, 0x00, 0x3F, 0x00, 0x3F, 0x00, 0x3F, 0x00, 0x3F, 0x00, 0x3F, 0x00, 0x3F, 0x00, 0x3F, 0x00, 0x3F, 0x00, 0x3F, 0x00,
        0x3F, 0x00, 0x3F, 0x00, 0x3F, 0x00, 0x3F, 0x00, 0x3F, 0x00, 0x3F, 0x00, 0x3F, 0x00, 0x3F, 0x00, 0x3F, 0x03, 0x3D, 0x00, 0x3F, 0x43, 0x33, 0xFF,
        0x2C, 0xF8, 0x34, 0xFF, 0x3F, 0xA3, 0x3C, 0x00, 0x3F, 0x03, 0x3F, 0x01, 0x3F, 0x00, 0x3F, 0x00, 0x3F, 0x00, 0x3F, 0x00, 0x3F, 0x00, 0x3F, 0x00,
        0x3F, 0x00, 0x3F, 0x00, 0x3F, 0x00, 0x3F, 0x00, 0x3F, 0x00, 0x3F, 0x00, 0x3F, 0x00, 0x3F, 0x00, 0x3F, 0x00, 0x3F, 0x00, 0x3F, 0x00, 0x3F, 0x00,
        0x3F, 0x00, 0x3F, 0x00, 0x3F, 0x00, 0x3F, 0x00, 0x3F, 0x00, 0x3F, 0x00, 0x3F, 0x00, 0x3F, 0x00, 0x3F, 0x00, 0x3F, 0x00, 0x3F, 0x00, 0x3F, 0x00,
        0x3F, 0x00, 0x3F, 0x00, 0x3F, 0x00, 0x3F, 0x00, 0x3F, 0x00, 0x3F, 0x00, 0x3F, 0x00, 0x3F, 0x00, 0x3F, 0x02, 0x3F, 0x00, 0x37, 0x30, 0x3F, 0xFE,
        0x24, 0xFF, 0x25, 0xFA, 0x37, 0xFF, 0x3A, 0x8D, 0x3D, 0x00, 0x3F, 0x04, 0x3F, 0x00, 0x3F, 0x00, 0x3F, 0x00, 0x3F, 0x00, 0x3F, 0x00, 0x3F, 0x00,
        0x3F, 0x00, 0x3F, 0x00, 0x3F, 0x00, 0x3F, 0x00, 0x3F, 0x00, 0x3F, 0x00, 0x3F, 0x00, 0x3F, 0x00, 0x3F, 0x00, 0x3F, 0x00, 0x3F, 0x00, 0x3F, 0x00,
        0x3F, 0x00, 0x3F, 0x00, 0x3F, 0x00, 0x3F, 0x00, 0x3F, 0x00, 0x3F, 0x00, 0x3F, 0x00, 0x3F, 0x00, 0x3F, 0x00, 0x3F, 0x00, 0x3F, 0x00, 0x3F, 0x00,
        0x3F, 0x00, 0x3F, 0x00, 0x3F, 0x00, 0x3F, 0x00, 0x3F, 0x00, 0x3F, 0x01, 0x3F, 0x00, 0x3F, 0x00, 0x3F, 0x02, 0x3F, 0x00, 0x34, 0x22, 0x3F, 0xF9,
        0x2B, 0xFF, 0x01, 0xFE, 0x2C, 0xFA, 0x3F, 0xFF, 0x35, 0x5F, 0x3F, 0x00, 0x3F, 0x03, 0x3F, 0x00, 0x3F, 0x00, 0x3F, 0x00, 0x3F, 0x00, 0x3F, 0x00,
        0x3F, 0x00, 0x3F, 0x00, 0x3F, 0x00, 0x3F, 0x00, 0x3F, 0x00, 0x3F, 0x00, 0x3F, 0x00, 0x3F, 0x00, 0x3F, 0x00, 0x3F, 0x00, 0x3F, 0x00, 0x3F, 0x00,
        0x3F, 0x00, 0x3F, 0x00, 0x3F, 0x00, 0x3F, 0x00, 0x3F, 0x00, 0x3F, 0x00, 0x3F, 0x00, 0x3F, 0x00, 0x3F, 0x00, 0x3F, 0x00, 0x3F, 0x00, 0x3F, 0x00,
        0x3F, 0x00, 0x3F, 0x00, 0x3F, 0x00, 0x3F, 0x00, 0x3F, 0x00, 0x3F, 0x00, 0x3F, 0x00, 0x3F, 0x00, 0x3F, 0x02, 0x3F, 0x00, 0x33, 0x1F, 0x3F, 0xF7,
        0x2B, 0xFF, 0x06, 0xFE, 0x03, 0xFE, 0x2D, 0xFD, 0x3F, 0xF4, 0x32, 0x26, 0x3F, 0x00, 0x3F, 0x02, 0x3F, 0x00, 0x3F, 0x00, 0x3F, 0x00, 0x3F, 0x00,
        0x3F, 0x00, 0x3F, 0x00, 0x3F, 0x00, 0x3F, 0x00, 0x3F, 0x00, 0x3F, 0x00, 0x3F, 0x00, 0x3F, 0x00, 0x3F, 0x00, 0x3F, 0x00, 0x3F, 0x00, 0x3F, 0x00,
        0x3F, 0x00, 0x3F, 0x00, 0x3F, 0x00, 0x3F, 0x00, 0x3F, 0x00, 0x3F, 0x00, 0x3F, 0x00, 0x3F, 0x00, 0x3F, 0x00, 0x3F, 0x00, 0x3F, 0x00, 0x3F, 0x00,
        0x3F, 0x00, 0x3F, 0x00, 0x3F, 0x00, 0x3F, 0x00, 0x3F, 0x01, 0x3F, 0x17, 0x3F, 0x01, 0x3F, 0x00, 0x3F, 0x02, 0x3F, 0x00, 0x37, 0x27, 0x3F, 0xFC,
        0x25, 0xFF, 0x05, 0xFE, 0x16, 0xFF, 0x09, 0xFC, 0x30, 0xFF, 0x3F, 0xBF, 0x00, 0x01, 0x3F, 0x03, 0x3F, 0x00, 0x3F, 0x00, 0x3F, 0x00, 0x3F, 0x00,
        0x3F, 0x00, 0x3F, 0x00, 0x3F, 0x00, 0x3F, 0x00, 0x3F, 0x00, 0x3F, 0x00, 0x3F, 0x00, 0x3F, 0x00, 0x3F, 0x00, 0x3F, 0x00, 0x3F, 0x00, 0x3F, 0x00,
        0x3F, 0x00, 0x3F, 0x00, 0x3F, 0x00, 0x3F, 0x00, 0x3F, 0x00, 0x3F, 0x00, 0x3F, 0x00, 0x3F, 0x00, 0x3F, 0x00, 0x3F, 0x00, 0x3F, 0x00, 0x3F, 0x00,
        0x3F, 0x00, 0x3F, 0x00, 0x3F, 0x01, 0x3F, 0x01, 0x3F, 0x18, 0x3F, 0xEB, 0x3F, 0x37, 0x3F, 0x01, 0x3F, 0x08, 0x2E, 0x03, 0x3F, 0x3F, 0x37, 0xFF,
        0x24, 0xFD, 0x06, 0xFF, 0x1A, 0xFF, 0x05, 0xFF, 0x25, 0xFB, 0x37, 0xFF, 0x37, 0x5B, 0x3E, 0x00, 0x3F, 0x03, 0x3F, 0x00, 0x3F, 0x00, 0x3F, 0x00,
        0x3F, 0x00, 0x3F, 0x00, 0x3F, 0x00, 0x3F, 0x00, 0x3F, 0x00, 0x3F, 0x00, 0x3F, 0x00, 0x3F, 0x00, 0x3F, 0x00, 0x3F, 0x00, 0x3F, 0x00, 0x3F, 0x00,
        0x3F, 0x00, 0x3F, 0x00, 0x3F, 0x00, 0x3F, 0x00, 0x3F, 0x00, 0x3F, 0x00, 0x3F, 0x00, 0x3F, 0x00, 0x3F, 0x00, 0x3F, 0x00, 0x3F, 0x00, 0x3F, 0x00,
        0x3F, 0x00, 0x3F, 0x00, 0x3F, 0x03, 0x3F, 0x00, 0x3F, 0x3B, 0x3F, 0xFF, 0x3F, 0x30, 0x3F, 0x00, 0x3D, 0x00, 0x37, 0x00, 0x38, 0x8F, 0x31, 0xFF,
        0x0B, 0xFB, 0x0D, 0xFF, 0x0E, 0xFF, 0x1A, 0xFF, 0x02, 0xFD, 0x2E, 0xFE, 0x3F, 0xDB, 0x2E, 0x09, 0x3F, 0x01, 0x3F, 0x01, 0x3F, 0x00, 0x3F, 0x00,
        0x3F, 0x00, 0x3F, 0x00, 0x3F, 0x00, 0x3F, 0x00, 0x3F, 0x00, 0x3F, 0x00, 0x3F, 0x00, 0x3F, 0x00, 0x3F, 0x00, 0x3F, 0x00, 0x3F, 0x00, 0x3F, 0x00,
        0x3F, 0x00, 0x3F, 0x00, 0x3F, 0x00, 0x3F, 0x00, 0x3F, 0x00, 0x3F, 0x00, 0x3F, 0x00, 0x3F, 0x00, 0x3F, 0x00, 0x3F, 0x00, 0x3F, 0x00, 0x3F, 0x00,
        0x3F, 0x00, 0x3F, 0x01, 0x3F, 0x02, 0x3F, 0x0C, 0x3F, 0xD6, 0x3F, 0xCC, 0x3F, 0x02, 0x3F, 0x24, 0x3F, 0xAE, 0x3F, 0xA1, 0x3F, 0xFA, 0x2C, 0xFF,
        0x03, 0xFE, 0x17, 0xFF, 0x0E, 0xFF, 0x14, 0xFF, 0x08, 0xFF, 0x24, 0xFC, 0x36, 0xFF, 0x3B, 0x60, 0x3D, 0x00, 0x3F, 0x04, 0x3F, 0x00, 0x3F, 0x00,
        0x3F, 0x00, 0x3F, 0x00, 0x3F, 0x00, 0x3F, 0x00, 0x3F, 0x00, 0x3F, 0x00, 0x3F, 0x00, 0x3F, 0x00, 0x3F, 0x00, 0x3F, 0x00, 0x3F, 0x00, 0x3F, 0x00,
        0x3F, 0x00, 0x3F, 0x00, 0x3F, 0x00, 0x3F, 0x00, 0x3F, 0x00, 0x3F, 0x00, 0x3F, 0x00, 0x3F, 0x00, 0x3F, 0x00, 0x3F, 0x00, 0x3F, 0x00, 0x3F, 0x00,
        0x3F, 0x00, 0x3F, 0x02, 0x3F, 0x00, 0x3F, 0xB5, 0x3F, 0xEE, 0x3F, 0x23, 0x3D, 0x00, 0x3F, 0x8C, 0x33, 0xFF, 0x2F, 0xFF, 0x2C, 0xFF, 0x08, 0xFF,
        0x0F, 0xFF, 0x0E, 0xFF, 0x0E, 0xFF, 0x0E, 0xFF, 0x1A, 0xFF, 0x02, 0xFC, 0x2E, 0xFE, 0x3F, 0xC9, 0x00, 0x01, 0x3F, 0x01, 0x3F, 0x00, 0x3F, 0x00,
        0x3F, 0x00, 0x3F, 0x00, 0x3F, 0x00, 0x3F, 0x00, 0x3F, 0x00, 0x3F, 0x00, 0x3F, 0x00, 0x3F, 0x00, 0x3F, 0x00, 0x3F, 0x00, 0x3F, 0x00, 0x3F, 0x00,
        0x3F, 0x00, 0x3F, 0x00, 0x3F, 0x00, 0x3F, 0x00, 0x3F, 0x00, 0x3F, 0x00, 0x3F, 0x00, 0x3F, 0x00, 0x3F, 0x00, 0x3F, 0x00, 0x3F, 0x00, 0x3F, 0x00,
        0x3F, 0x03, 0x3F, 0x00, 0x3F, 0x44, 0x3F, 0xFF, 0x3F, 0x3E, 0x3F, 0x00, 0x2E, 0x0C, 0x3F, 0xE2, 0x2D, 0xFC, 0x01, 0xFA, 0x07, 0xFE, 0x0E, 0xFF,
        0x0E, 0xFF, 0x0E, 0xFF, 0x0E, 0xFF, 0x0E, 0xFF, 0x17, 0xFF, 0x04, 0xFF, 0x2B, 0xFE, 0x3F, 0xFD, 0x35, 0x30, 0x3F, 0x00, 0x3F, 0x02, 0x3F, 0x00,
        0x3F, 0x00, 0x3F, 0x00, 0x3F, 0x00, 0x3F, 0x00, 0x3F, 0x00, 0x3F, 0x00, 0x3F, 0x00, 0x3F, 0x00, 0x3F, 0x00, 0x3F, 0x00, 0x3F, 0x00, 0x3F, 0x00,
        0x3F, 0x00, 0x3F, 0x00, 0x3F, 0x00, 0x3F, 0x00, 0x3F, 0x00, 0x3F, 0x00, 0x3F, 0x00, 0x3F, 0x00, 0x3F, 0x00, 0x3F, 0x00, 0x3F, 0x00, 0x3F, 0x00,
        0x3F, 0x03, 0x3F, 0x00, 0x3F, 0x62, 0x3F, 0xC3, 0x3F, 0x00, 0x3F, 0x02, 0x3A, 0x48, 0x37, 0xFF, 0x24, 0xFD, 0x08, 0xFF, 0x1A, 0xFF, 0x0E, 0xFF,
        0x0E, 0xFF, 0x0E, 0xFF, 0x0E, 0xFF, 0x0E, 0xFF, 0x12, 0xFF, 0x0C, 0xFF, 0x16, 0xFB, 0x32, 0xFF, 0x3F, 0x7A, 0x3B, 0x00, 0x3F, 0x04, 0x3F, 0x00,
        0x3F, 0x00, 0x3F, 0x00, 0x3F, 0x00, 0x3F, 0x00, 0x3F, 0x00, 0x3F, 0x00, 0x3F, 0x00, 0x3F, 0x00, 0x3F, 0x00, 0x3F, 0x00, 0x3F, 0x00, 0x3F, 0x00,
        0x3F, 0x00, 0x3F, 0x00, 0x3F, 0x00, 0x3F, 0x00, 0x3F, 0x00, 0x3F, 0x00, 0x3F, 0x00, 0x3F, 0x00, 0x3F, 0x00, 0x3F, 0x00, 0x3F, 0x00, 0x3F, 0x00,
        0x3F, 0x00, 0x3F, 0x00, 0x3F, 0x00, 0x3F, 0x02, 0x3F, 0x04, 0x3A, 0x00, 0x3F, 0x98, 0x30, 0xFE, 0x07, 0xFB, 0x12, 0xFF, 0x0E, 0xFF, 0x0E, 0xFF,
        0x0E, 0xFF, 0x0E, 0xFF, 0x0E, 0xFF, 0x0E, 0xFF, 0x0E, 0xFF, 0x17, 0xFF, 0x02, 0xFC, 0x2E, 0xFF, 0x3F, 0xB9, 0x38, 0x00, 0x3F, 0x02, 0x3F, 0x00,
        0x3F, 0x00, 0x3F, 0x00, 0x3F, 0x00, 0x3F, 0x00, 0x3F, 0x00, 0x3F, 0x00, 0x3F, 0x00, 0x3F, 0x00, 0x3F, 0x00, 0x3F, 0x00, 0x3F, 0x00, 0x3F, 0x00,
        0x3F, 0x00, 0x3F, 0x00, 0x3F, 0x00, 0x3F, 0x00, 0x3F, 0x00, 0x3F, 0x00, 0x3F, 0x00, 0x3F, 0x00, 0x3F, 0x00, 0x3F, 0x00, 0x3F, 0x00, 0x3F, 0x00,
        0x3F, 0x00, 0x3F, 0x00, 0x3F, 0x00, 0x3F, 0x00, 0x3F, 0x01, 0x01, 0x04, 0x3F, 0xD8, 0x2D, 0xFF, 0x02, 0xFD, 0x1A, 0xFF, 0x0E, 0xFF, 0x0E, 0xFF,
        0x0E, 0xFF, 0x0E, 0xFF, 0x0E, 0xFF, 0x0E, 0xFF, 0x0E, 0xFF, 0x1A, 0xFF, 0x02, 0xFD, 0x2C, 0xFF, 0x3F, 0xE4, 0x2D, 0x0A, 0x3F, 0x00, 0x3F, 0x01,
        0x3F, 0x00, 0x3F, 0x00, 0x3F, 0x00, 0x3F, 0x00, 0x3F, 0x00, 0x3F, 0x00, 0x3F, 0x00, 0x3F, 0x00, 0x3F, 0x00, 0x3F, 0x00, 0x3F, 0x00, 0x3F, 0x00,
        0x3F, 0x00, 0x3F, 0x00, 0x3F, 0x00, 0x3F, 0x00, 0x3F, 0x00, 0x3F, 0x00, 0x3F, 0x00, 0x3F, 0x00, 0x3F, 0x00, 0x3F, 0x00, 0x3F, 0x00, 0x3F, 0x00,
        0x3F, 0x00, 0x3F, 0x03, 0x3F, 0x03, 0x3F, 0x03, 0x3F, 0x00, 0x34, 0x27, 0x3F, 0xFB, 0x2B, 0xFF, 0x04, 0xFE, 0x17, 0xFF, 0x0E, 0xFF, 0x0E, 0xFF,
        0x0E, 0xFF, 0x0E, 0xFF, 0x0E, 0xFF, 0x0E, 0xFF, 0x0E, 0xFF, 0x17, 0xFF, 0x04, 0xFE, 0x2B, 0xFF, 0x3F, 0xFB, 0x34, 0x24, 0x3F, 0x00, 0x3F, 0x02,
        0x3F, 0x00, 0x3F, 0x00, 0x3F, 0x00, 0x3F, 0x00, 0x3F, 0x00, 0x3F, 0x00, 0x3F, 0x00, 0x3F, 0x00, 0x3F, 0x00, 0x3F, 0x00, 0x3F, 0x00, 0x3F, 0x00,
        0x3F, 0x00, 0x3F, 0x00, 0x3F, 0x00, 0x3F, 0x00, 0x3F, 0x00, 0x3F, 0x00, 0x3F, 0x00, 0x3F, 0x00, 0x3F, 0x00, 0x3F, 0x00, 0x3F, 0x00, 0x3F, 0x00,
        0x3F, 0x01, 0x3F, 0x00, 0x3F, 0x00, 0x3F, 0x04, 0x3D, 0x00, 0x3F, 0x51, 0x35, 0xFF, 0x1E, 0xFC, 0x08, 0xFF, 0x12, 0xFF, 0x0E, 0xFF, 0x0E, 0xFF,
        0x11, 0xFF, 0x0E, 0xFF, 0x0E, 0xFF, 0x0E, 0xFF, 0x0E, 0xFF, 0x14, 0xFF, 0x07, 0xFF, 0x24, 0xFE, 0x3B, 0xFF, 0x3F, 0x39, 0x10, 0x01, 0x3F, 0x06,
        0x3F, 0x01, 0x3F, 0x00, 0x3F, 0x00, 0x3F, 0x00, 0x3F, 0x00, 0x3F, 0x00, 0x3F, 0x00, 0x3F, 0x00, 0x3F, 0x00, 0x3F, 0x00, 0x3F, 0x00, 0x3F, 0x00,
        0x3F, 0x00, 0x3F, 0x00, 0x3F, 0x00, 0x3F, 0x00, 0x3F, 0x00, 0x3F, 0x00, 0x3F, 0x00, 0x3F, 0x00, 0x3F, 0x00, 0x3F, 0x00, 0x3F, 0x00, 0x3F, 0x02,
        0x3F, 0x00, 0x3F, 0x65, 0x3F, 0x6B, 0x3F, 0x01, 0x3B, 0x00, 0x3F, 0x74, 0x31, 0xFF, 0x11, 0xFB, 0x0D, 0xFF, 0x12, 0xFF, 0x0E, 0xFF, 0x0E, 0xFF,
        0x0A, 0xFF, 0x0B, 0xFF, 0x0E, 0xFF, 0x0E, 0xFF, 0x0E, 0xFF, 0x14, 0xFF, 0x08, 0xFF, 0x1E, 0xFC, 0x36, 0xFF, 0x3F, 0x49, 0x3D, 0x00, 0x3F, 0x00,
        0x3F, 0x00, 0x3F, 0x00, 0x3F, 0x00, 0x3F, 0x00, 0x3F, 0x00, 0x3F, 0x00, 0x3F, 0x00, 0x3F, 0x00, 0x3F, 0x00, 0x3F, 0x00, 0x3F, 0x00, 0x3F, 0x00,
        0x3F, 0x00, 0x3F, 0x00, 0x3F, 0x00, 0x3F, 0x00, 0x3F, 0x00, 0x3F, 0x00, 0x3F, 0x00, 0x3F, 0x00, 0x3F, 0x00, 0x3F, 0x00, 0x3F, 0x02, 0x3F, 0x01,
        0x3F, 0x1F, 0x3D, 0xFF, 0x3F, 0xCB, 0x3F, 0x00, 0x3A, 0x00, 0x3F, 0x8B, 0x30, 0xFF, 0x07, 0xFB, 0x12, 0xFF, 0x0E, 0xFF, 0x0E, 0xFF, 0x0B, 0xFF,
        0x1F, 0xFF, 0x1C, 0xFF, 0x0A, 0xFF, 0x11, 0xFF, 0x0E, 0xFF, 0x12, 0xFF, 0x08, 0xFF, 0x1E, 0xFC, 0x35, 0xFF, 0x37, 0x3A, 0x10, 0x02, 0x3D, 0x9C,
        0x3F, 0x14, 0x3F, 0x00, 0x3F, 0x01, 0x3F, 0x00, 0x3F, 0x00, 0x3F, 0x00, 0x3F, 0x00, 0x3F, 0x00, 0x3F, 0x00, 0x3F, 0x00, 0x3F, 0x00, 0x3F, 0x00,
        0x3F, 0x00, 0x3F, 0x00, 0x3F, 0x00, 0x3F, 0x00, 0x3F, 0x00, 0x3F, 0x00, 0x3F, 0x00, 0x3F, 0x00, 0x3F, 0x00, 0x3F, 0x00, 0x3F, 0x03, 0x3F, 0x00,
        0x3F, 0xA5, 0x3F, 0xFF, 0x3E, 0xCE, 0x3F, 0x05, 0x39, 0x00, 0x3F, 0x97, 0x2F, 0xFF, 0x04, 0xFB, 0x14, 0xFF, 0x0E, 0xFF, 0x0D, 0xFF, 0x15, 0xFF,
        0x27, 0xFF, 0x20, 0xFF, 0x0E, 0xFF, 0x0E, 0xFF, 0x0E, 0xFF, 0x12, 0xFF, 0x0C, 0xFF, 0x1B, 0xFC, 0x33, 0xFF, 0x3F, 0x81, 0x3F, 0x6C, 0x3F, 0xFF,
        0x3F, 0x6D, 0x3F, 0x00, 0x3F, 0x04, 0x3F, 0x00, 0x3F, 0x00, 0x3F, 0x00, 0x3F, 0x00, 0x3F, 0x00, 0x3F, 0x00, 0x3F, 0x00, 0x3F, 0x00, 0x3F, 0x00,
        0x3F, 0x00, 0x3F, 0x00, 0x3F, 0x00, 0x3F, 0x00, 0x3F, 0x00, 0x3F, 0x00, 0x3F, 0x00, 0x3F, 0x00, 0x3F, 0x00, 0x3F, 0x02, 0x3F, 0x00, 0x3F, 0x2C,
        0x3B, 0xFB, 0x2E, 0xFE, 0x3C, 0xF3, 0x3F, 0x1B, 0x00, 0x02, 0x3F, 0x9D, 0x2F, 0xFF, 0x04, 0xFB, 0x16, 0xFF, 0x11, 0xFF, 0x09, 0xFF, 0x1D, 0xFF,
        0x28, 0xFF, 0x27, 0xFF, 0x1C, 0xFF, 0x0A, 0xFF, 0x11, 0xFF, 0x0E, 0xFF, 0x15, 0xFF, 0x05, 0xFF, 0x2C, 0xFF, 0x35, 0xFF, 0x34, 0xFF, 0x32, 0xFB,
        0x3F, 0xC4, 0x3D, 0x00, 0x3F, 0x02, 0x3F, 0x00, 0x3F, 0x00, 0x3F, 0x00, 0x3F, 0x00, 0x3F, 0x00, 0x3F, 0x00, 0x3F, 0x00, 0x3F, 0x00, 0x3F, 0x00,
        0x3F, 0x00, 0x3F, 0x00, 0x3F, 0x00, 0x3F, 0x00, 0x3F, 0x00, 0x3F, 0x00, 0x3F, 0x00, 0x3F, 0x00, 0x3F, 0x00, 0x3F, 0x03, 0x3B, 0x00, 0x3F, 0x91,
        0x30, 0xFF, 0x24, 0xF9, 0x37, 0xFF, 0x3A, 0x4A, 0x38, 0x00, 0x3D, 0x9B, 0x2F, 0xFF, 0x04, 0xFB, 0x17, 0xFF, 0x0E, 0xFF, 0x13, 0xFF, 0x20, 0xFF,
        0x26, 0xFF, 0x28, 0xFF, 0x1F, 0xFF, 0x0A, 0xFF, 0x11, 0xFF, 0x0E, 0xFF, 0x0E, 0xFF, 0x11, 0xFF, 0x06, 0xFF, 0x24, 0xFD, 0x1D, 0xFC, 0x2B, 0xFF,
        0x3F, 0xF6, 0x32, 0x1B, 0x3F, 0x00, 0x3F, 0x02, 0x3F, 0x00, 0x3F, 0x00, 0x3F, 0x00, 0x3F, 0x00, 0x3F, 0x00, 0x3F, 0x00, 0x3F, 0x00, 0x3F, 0x00,
        0x3F, 0x00, 0x3F, 0x00, 0x3F, 0x00, 0x3F, 0x00, 0x3F, 0x00, 0x3F, 0x00, 0x3F, 0x00, 0x3F, 0x00, 0x3F, 0x01, 0x3F, 0x00, 0x2C, 0x07, 0x3F, 0xDE,
        0x2D, 0xFF, 0x02, 0xFA, 0x30, 0xFF, 0x3F, 0xBA, 0x2E, 0x1D, 0x3F, 0xC2, 0x2E, 0xFF, 0x02, 0xFC, 0x1A, 0xFF, 0x09, 0xFF, 0x1D, 0xFF, 0x28, 0xFF,
        0x22, 0xFF, 0x27, 0xFF, 0x20, 0xFF, 0x11, 0xFF, 0x0D, 0xFF, 0x0E, 0xFF, 0x0E, 0xFF, 0x0E, 0xFF, 0x14, 0xFF, 0x08, 0xFF, 0x04, 0xFF, 0x1E, 0xFD,
        0x36, 0xFF, 0x3F, 0x4A, 0x3D, 0x00, 0x3F, 0x03, 0x3F, 0x00, 0x3F, 0x00, 0x3F, 0x00, 0x3F, 0x00, 0x3F, 0x00, 0x3F, 0x00, 0x3F, 0x00, 0x3F, 0x00,
        0x3F, 0x00, 0x3F, 0x00, 0x3F, 0x00, 0x3F, 0x00, 0x3F, 0x00, 0x3F, 0x00, 0x3F, 0x00, 0x3F, 0x00, 0x3F, 0x02, 0x3F, 0x00, 0x37, 0x32, 0x3E, 0xFE,
        0x25, 0xFE, 0x02, 0xFF, 0x25, 0xFF, 0x33, 0xFF, 0x3F, 0xF5, 0x34, 0xFF, 0x25, 0xFF, 0x07, 0xFF, 0x0F, 0xFF, 0x19, 0xFF, 0x23, 0xFF, 0x23, 0xFF,
        0x23, 0xFF, 0x23, 0xFF, 0x22, 0xFF, 0x18, 0xFF, 0x0B, 0xFF, 0x0E, 0xFF, 0x0E, 0xFF, 0x0E, 0xFF, 0x0E, 0xFF, 0x14, 0xFF, 0x0E, 0xFF, 0x12, 0xFB,
        0x31, 0xFF, 0x3F, 0x73, 0x3B, 0x00, 0x3F, 0x04, 0x3F, 0x00, 0x3F, 0x00, 0x3F, 0x00, 0x3F, 0x00, 0x3F, 0x00, 0x3F, 0x00, 0x3F, 0x00, 0x3F, 0x00,
        0x3F, 0x00, 0x3F, 0x00, 0x3F, 0x00, 0x3F, 0x00, 0x3F, 0x00, 0x3F, 0x00, 0x3F, 0x00, 0x3F, 0x00, 0x3F, 0x04, 0x3D, 0x00, 0x3F, 0x5F, 0x33, 0xFF,
        0x1C, 0xFC, 0x0C, 0xFF, 0x06, 0xFF, 0x24, 0xFE, 0x2B, 0xFF, 0x24, 0xFE, 0x06, 0xFF, 0x13, 0xFF, 0x0A, 0xFF, 0x1F, 0xFF, 0x28, 0xFF, 0x22, 0xFF,
        0x23, 0xFF, 0x23, 0xFF, 0x23, 0xFF, 0x19, 0xFF, 0x0B, 0xFF, 0x11, 0xFF, 0x0E, 0xFF, 0x0E, 0xFF, 0x0E, 0xFF, 0x0E, 0xFF, 0x14, 0xFF, 0x05, 0xFB,
        0x2F, 0xFF, 0x3F, 0x8F, 0x3A, 0x00, 0x3F, 0x04, 0x3F, 0x00, 0x3F, 0x00, 0x3F, 0x00, 0x3F, 0x00, 0x3F, 0x00, 0x3F, 0x00, 0x3F, 0x00, 0x3F, 0x00,
        0x3F, 0x00, 0x3F, 0x00, 0x3F, 0x00, 0x3F, 0x00, 0x3F, 0x00, 0x3F, 0x00, 0x3F, 0x00, 0x3F, 0x00, 0x3F, 0x04, 0x3B, 0x00, 0x3F, 0x7D, 0x30, 0xFF,
        0x0C, 0xFB, 0x0D, 0xFF, 0x15, 0xFF, 0x08, 0xFF, 0x03, 0xFE, 0x08, 0xFF, 0x14, 0xFF, 0x0B, 0xFF, 0x18, 0xFF, 0x22, 0xFF, 0x23, 0xFF, 0x23, 0xFF,
        0x23, 0xFF, 0x23, 0xFF, 0x22, 0xFF, 0x18, 0xFF, 0x0B, 0xFF, 0x0E, 0xFF, 0x0E, 0xFF, 0x0E, 0xFF, 0x0E, 0xFF, 0x0E, 0xFF, 0x16, 0xFF, 0x03, 0xFB,
        0x2F, 0xFF, 0x3F, 0x9D, 0x39, 0x00, 0x3F, 0x03, 0x3F, 0x00, 0x3F, 0x00, 0x3F, 0x00, 0x3F, 0x00, 0x3F, 0x00, 0x3F, 0x00, 0x3F, 0x00, 0x3F, 0x00,
        0x3F, 0x00, 0x3F, 0x00, 0x3F, 0x00, 0x3F, 0x00, 0x3F, 0x00, 0x3F, 0x00, 0x3F, 0x00, 0x3F, 0x00, 0x3F, 0x04, 0x3B, 0x00, 0x3F, 0x89, 0x30, 0xFF,
        0x07, 0xFB, 0x12, 0xFF, 0x0E, 0xFF, 0x14, 0xFF, 0x17, 0xFF, 0x14, 0xFF, 0x11, 0xFF, 0x0A, 0xFF, 0x1C, 0xFF, 0x28, 0xFF, 0x22, 0xFF, 0x23, 0xFF,
        0x23, 0xFF, 0x26, 0xFF, 0x21, 0xFF, 0x15, 0xFF, 0x0D, 0xFF, 0x0E, 0xFF, 0x0E, 0xFF, 0x0E, 0xFF, 0x0E, 0xFF, 0x0E, 0xFF, 0x16, 0xFF, 0x03, 0xFB,
        0x2F, 0xFF, 0x3F, 0x9D, 0x39, 0x00, 0x3F, 0x03, 0x3F, 0x00, 0x3F, 0x00, 0x3F, 0x00, 0x3F, 0x00, 0x3F, 0x00, 0x3F, 0x00, 0x3F, 0x00, 0x3F, 0x00,
        0x3F, 0x00, 0x3F, 0x00, 0x3F, 0x00, 0x3F, 0x00, 0x3F, 0x00, 0x3F, 0x00, 0x3F, 0x00, 0x3F, 0x00, 0x3F, 0x04, 0x3B, 0x00, 0x3F, 0x82, 0x30, 0xFF,
        0x08, 0xFB, 0x0E, 0xFF, 0x0E, 0xFF, 0x0E, 0xFF, 0x0E, 0xFF, 0x0E, 0xFF, 0x11, 0xFF, 0x09, 0xFF, 0x1D, 0xFF, 0x28, 0xFF, 0x22, 0xFF, 0x23, 0xFF,
        0x23, 0xFF, 0x26, 0xFF, 0x20, 0xFF, 0x15, 0xFF, 0x0E, 0xFF, 0x0E, 0xFF, 0x0E, 0xFF, 0x0E, 0xFF, 0x0E, 0xFF, 0x0E, 0xFF, 0x12, 0xFF, 0x07, 0xFB,
        0x2F, 0xFF, 0x3F, 0x8E, 0x3A, 0x00, 0x3F, 0x04, 0x3F, 0x00, 0x3F, 0x00, 0x3F, 0x00, 0x3F, 0x00, 0x3F, 0x00, 0x3F, 0x00, 0x3F, 0x00, 0x3F, 0x00,
        0x3F, 0x00, 0x3F, 0x00, 0x3F, 0x00, 0x3F, 0x00, 0x3F, 0x00, 0x3F, 0x00, 0x3F, 0x00, 0x3F, 0x00, 0x3F, 0x04, 0x3C, 0x00, 0x3F, 0x66, 0x32, 0xFF,
        0x1B, 0xFB, 0x0C, 0xFF, 0x12, 0xFF, 0x0E, 0xFF, 0x0E, 0xFF, 0x0E, 0xFF, 0x11, 0xFF, 0x09, 0xFF, 0x1D, 0xFF, 0x28, 0xFF, 0x22, 0xFF, 0x23, 0xFF,
        0x23, 0xFF, 0x23, 0xFF, 0x22, 0xFF, 0x18, 0xFF, 0x09, 0xFF, 0x0B, 0xFF, 0x0E, 0xFF, 0x0E, 0xFF, 0x0E, 0xFF, 0x12, 0xFF, 0x0C, 0xFF, 0x17, 0xFB,
        0x31, 0xFF, 0x3F, 0x70, 0x3B, 0x00, 0x3F, 0x04, 0x3F, 0x00, 0x3F, 0x00, 0x3F, 0x00, 0x3F, 0x00, 0x3F, 0x00, 0x3F, 0x00, 0x3F, 0x00, 0x3F, 0x00,
        0x3F, 0x00, 0x3F, 0x00, 0x3F, 0x00, 0x3F, 0x00, 0x3F, 0x00, 0x3F, 0x00, 0x3F, 0x00, 0x3F, 0x00, 0x3F, 0x03, 0x3F, 0x00, 0x3F, 0x3D, 0x39, 0xFF,
        0x24, 0xFE, 0x06, 0xFF, 0x14, 0xFF, 0x0E, 0xFF, 0x0E, 0xFF, 0x11, 0xFF, 0x13, 0xFF, 0x09, 0xFF, 0x1D, 0xFF, 0x28, 0xFF, 0x22, 0xFF, 0x23, 0xFF,
        0x23, 0xFF, 0x22, 0xFF, 0x27, 0xFF, 0x1F, 0xFF, 0x19, 0xFF, 0x19, 0xFF, 0x0D, 0xFF, 0x0E, 0xFF, 0x0E, 0xFF, 0x14, 0xFF, 0x07, 0xFF, 0x24, 0xFD,
        0x37, 0xFF, 0x3F, 0x43, 0x3E, 0x00, 0x3F, 0x03, 0x3F, 0x00, 0x3F, 0x00, 0x3F, 0x00, 0x3F, 0x00, 0x3F, 0x00, 0x3F, 0x00, 0x3F, 0x00, 0x3F, 0x00,
        0x3F, 0x00, 0x3F, 0x00, 0x3F, 0x00, 0x3F, 0x00, 0x3F, 0x00, 0x3F, 0x00, 0x3F, 0x00, 0x3F, 0x00, 0x3F, 0x01, 0x3F, 0x00, 0x2E, 0x0D, 0x3F, 0xE9,
        0x2C, 0xFF, 0x02, 0xFD, 0x1A, 0xFF, 0x0E, 0xFF, 0x0D, 0xFF, 0x09, 0xFF, 0x0A, 0xFF, 0x0A, 0xFF, 0x1F, 0xFF, 0x27, 0xFF, 0x22, 0xFF, 0x23, 0xFF,
        0x23, 0xFF, 0x23, 0xFF, 0x23, 0xFF, 0x26, 0xFF, 0x28, 0xFF, 0x1F, 0xFF, 0x0B, 0xFF, 0x0E, 0xFF, 0x0E, 0xFF, 0x1A, 0xFF, 0x02, 0xFE, 0x2C, 0xFF,
        0x3F, 0xEE, 0x30, 0x13, 0x3F, 0x00, 0x3F, 0x01, 0x3F, 0x00, 0x3F, 0x00, 0x3F, 0x00, 0x3F, 0x00, 0x3F, 0x00, 0x3F, 0x00, 0x3F, 0x00, 0x3F, 0x00,
        0x3F, 0x00, 0x3F, 0x00, 0x3F, 0x00, 0x3F, 0x00, 0x3F, 0x00, 0x3F, 0x00, 0x3F, 0x00, 0x3F, 0x00, 0x3F, 0x00, 0x3F, 0x03, 0x39, 0x00, 0x3F, 0xA2,
        0x30, 0xFF, 0x07, 0xFB, 0x13, 0xFF, 0x0D, 0xFF, 0x15, 0xFF, 0x1D, 0xFF, 0x19, 0xFF, 0x1D, 0xFF, 0x27, 0xFF, 0x22, 0xFF, 0x23, 0xFF, 0x23, 0xFF,
        0x23, 0xFF, 0x23, 0xFF, 0x23, 0xFF, 0x22, 0xFF, 0x28, 0xFF, 0x1F, 0xFF, 0x0A, 0xFF, 0x11, 0xFF, 0x0E, 0xFF, 0x14, 0xFF, 0x04, 0xFB, 0x2F, 0xFE,
        0x3F, 0xAD, 0x39, 0x00, 0x3F, 0x03, 0x3F, 0x00, 0x3F, 0x00, 0x3F, 0x00, 0x3F, 0x00, 0x3F, 0x00, 0x3F, 0x00, 0x3F, 0x00, 0x3F, 0x00, 0x3F, 0x00,
        0x3F, 0x00, 0x3F, 0x00, 0x3F, 0x00, 0x3F, 0x00, 0x3F, 0x00, 0x3F, 0x00, 0x3F, 0x00, 0x3F, 0x00, 0x3F, 0x00, 0x3F, 0x03, 0x3F, 0x00, 0x36, 0x3B,
        0x3F, 0xFF, 0x2B, 0xFD, 0x03, 0xFF, 0x16, 0xFF, 0x18, 0xFF, 0x28, 0xFF, 0x27, 0xFF, 0x27, 0xFF, 0x23, 0xFF, 0x23, 0xFF, 0x23, 0xFF, 0x23, 0xFF,
        0x23, 0xFF, 0x23, 0xFF, 0x23, 0xFF, 0x23, 0xFF, 0x27, 0xFF, 0x19, 0xFF, 0x0A, 0xFF, 0x11, 0xFF, 0x17, 0xFF, 0x04, 0xFF, 0x25, 0xFC, 0x3B, 0xFF,
        0x35, 0x48, 0x3F, 0x00, 0x3F, 0x03, 0x3F, 0x00, 0x3F, 0x00, 0x3F, 0x00, 0x3F, 0x00, 0x3F, 0x00, 0x3F, 0x00, 0x3F, 0x00, 0x3F, 0x00, 0x3F, 0x00,
        0x3F, 0x00, 0x3F, 0x00, 0x3F, 0x00, 0x3F, 0x00, 0x3F, 0x00, 0x3F, 0x00, 0x3F, 0x00, 0x3F, 0x00, 0x3F, 0x00, 0x3F, 0x00, 0x3F, 0x02, 0x3A, 0x00,
        0x3D, 0xB6, 0x30, 0xFF, 0x08, 0xFC, 0x0A, 0xFF, 0x15, 0xFF, 0x20, 0xFF, 0x26, 0xFF, 0x22, 0xFF, 0x23, 0xFF, 0x23, 0xFF, 0x23, 0xFF, 0x23, 0xFF,
        0x23, 0xFF, 0x23, 0xFF, 0x23, 0xFF, 0x23, 0xFF, 0x26, 0xFF, 0x19, 0xFF, 0x0A, 0xFF, 0x12, 0xFF, 0x0F, 0xFF, 0x04, 0xFC, 0x2F, 0xFF, 0x3F, 0xC8,
        0x00, 0x02, 0x3F, 0x02, 0x3F, 0x00, 0x3F, 0x00, 0x3F, 0x00, 0x3F, 0x00, 0x3F, 0x00, 0x3F, 0x00, 0x3F, 0x00, 0x3F, 0x00, 0x3F, 0x00, 0x3F, 0x00,
        0x3F, 0x00, 0x3F, 0x00, 0x3F, 0x00, 0x3F, 0x00, 0x3F, 0x00, 0x3F, 0x00, 0x3F, 0x00, 0x3F, 0x00, 0x3F, 0x00, 0x3F, 0x00, 0x3F, 0x02, 0x3F, 0x01,
        0x31, 0x27, 0x3F, 0xF5, 0x2E, 0xFE, 0x07, 0xFE, 0x0F, 0xFF, 0x1F, 0xFF, 0x28, 0xFF, 0x22, 0xFF, 0x23, 0xFF, 0x23, 0xFF, 0x23, 0xFF, 0x23, 0xFF,
        0x23, 0xFF, 0x23, 0xFF, 0x23, 0xFF, 0x23, 0xFF, 0x26, 0xFF, 0x20, 0xFF, 0x18, 0xFF, 0x12, 0xFF, 0x04, 0xFF, 0x2D, 0xFD, 0x3F, 0xFF, 0x31, 0x3B,
        0x3F, 0x00, 0x3F, 0x03, 0x3F, 0x00, 0x3F, 0x00, 0x3F, 0x00, 0x3F, 0x00, 0x3F, 0x00, 0x3F, 0x00, 0x3F, 0x00, 0x3F, 0x00, 0x3F, 0x00, 0x3F, 0x00,
        0x3F, 0x00, 0x3F, 0x00, 0x3F, 0x00, 0x3F, 0x00, 0x3F, 0x00, 0x3F, 0x00, 0x3F, 0x00, 0x3F, 0x00, 0x3F, 0x00, 0x3F, 0x00, 0x3F, 0x00, 0x3F, 0x03,
        0x3D, 0x00, 0x32, 0x6D, 0x30, 0xFF, 0x1B, 0xFC, 0x08, 0xFF, 0x1C, 0xFF, 0x28, 0xFF, 0x22, 0xFF, 0x23, 0xFF, 0x23, 0xFF, 0x23, 0xFF, 0x23, 0xFF,
        0x23, 0xFF, 0x23, 0xFF, 0x23, 0xFF, 0x23, 0xFF, 0x23, 0xFF, 0x23, 0xFF, 0x18, 0xFF, 0x0D, 0xFF, 0x08, 0xFC, 0x2F, 0xFF, 0x35, 0x89, 0x39, 0x00,
        0x3F, 0x03, 0x3F, 0x00, 0x3F, 0x00, 0x3F, 0x00, 0x3F, 0x00, 0x3F, 0x00, 0x3F, 0x00, 0x3F, 0x00, 0x3F, 0x00, 0x3F, 0x00, 0x3F, 0x00, 0x3F, 0x00,
        0x3F, 0x00, 0x3F, 0x00, 0x3F, 0x00, 0x3F, 0x00, 0x3F, 0x00, 0x3F, 0x00, 0x3F, 0x00, 0x3F, 0x00, 0x3F, 0x00, 0x3F, 0x00, 0x3F, 0x00, 0x10, 0x01,
        0x3F, 0x01, 0x00, 0x06, 0x02, 0xE8, 0x06, 0xFF, 0x1A, 0xFE, 0x0D, 0xFF, 0x20, 0xFF, 0x27, 0xFF, 0x22, 0xFF, 0x23, 0xFF, 0x23, 0xFF, 0x23, 0xFF,
        0x23, 0xFF, 0x23, 0xFF, 0x23, 0xFF, 0x21, 0xFF, 0x29, 0xFF, 0x1D, 0xFF, 0x09, 0xFF, 0x1A, 0xFE, 0x03, 0xFF, 0x02, 0xE8, 0x01, 0x0A, 0x3F, 0x01,
        0x10, 0x01, 0x3F, 0x00, 0x3F, 0x00, 0x3F, 0x00, 0x3F, 0x00, 0x3F, 0x00, 0x3F, 0x00, 0x3F, 0x00, 0x3F, 0x00, 0x3F, 0x00, 0x3F, 0x00, 0x3F, 0x00,
        0x3F, 0x00, 0x3F, 0x00, 0x3F, 0x00, 0x3F, 0x00, 0x3F, 0x00, 0x3F, 0x00, 0x3F, 0x00, 0x3F, 0x00, 0x3F, 0x00, 0x3F, 0x00, 0x3F, 0x00, 0x3F, 0x02,
        0x3F, 0x00, 0x30, 0x27, 0x2D, 0xF9, 0x1B, 0xFC, 0x05, 0xFE, 0x16, 0xFF, 0x1C, 0xFF, 0x27, 0xFF, 0x23, 0xFF, 0x23, 0xFF, 0x23, 0xFF, 0x23, 0xFF,
        0x23, 0xFF, 0x23, 0xFF, 0x22, 0xFF, 0x28, 0xFF, 0x1F, 0xFF, 0x17, 0xFF, 0x14, 0xFF, 0x02, 0xFC, 0x25, 0xFC, 0x2D, 0xE6, 0x01, 0x08, 0x3F, 0x00,
        0x10, 0x01, 0x3F, 0x00, 0x3F, 0x00, 0x3F, 0x00, 0x3F, 0x00, 0x3F, 0x00, 0x3F, 0x00, 0x3F, 0x00, 0x3F, 0x00, 0x3F, 0x00, 0x3F, 0x00, 0x3F, 0x00,
        0x3F, 0x00, 0x3F, 0x00, 0x3F, 0x00, 0x3F, 0x00, 0x3F, 0x00, 0x3F, 0x00, 0x3F, 0x00, 0x3F, 0x00, 0x3F, 0x00, 0x3F, 0x00, 0x3F, 0x00, 0x3F, 0x02,
        0x3F, 0x01, 0x32, 0x22, 0x3F, 0xE7, 0x30, 0xFF, 0x24, 0xFA, 0x02, 0xFE, 0x06, 0xFF, 0x1D, 0xFF, 0x29, 0xFF, 0x28, 0xFF, 0x26, 0xFF, 0x26, 0xFF,
        0x26, 0xFF, 0x26, 0xFF, 0x29, 0xFF, 0x21, 0xFF, 0x15, 0xFF, 0x03, 0xFF, 0x05, 0xFC, 0x2C, 0xFC, 0x37, 0xFF, 0x3F, 0xA6, 0x10, 0x03, 0x3F, 0x02,
        0x3F, 0x00, 0x3F, 0x00, 0x3F, 0x00, 0x3F, 0x00, 0x3F, 0x00, 0x3F, 0x00, 0x3F, 0x00, 0x3F, 0x00, 0x3F, 0x00, 0x3F, 0x00, 0x3F, 0x00, 0x3F, 0x00,
        0x3F, 0x00, 0x3F, 0x00, 0x3F, 0x00, 0x3F, 0x00, 0x3F, 0x00, 0x3F, 0x00, 0x3F, 0x00, 0x3F, 0x00, 0x3F, 0x00, 0x3F, 0x00, 0x3F, 0x00, 0x3F, 0x00,
        0x3F, 0x02, 0x3F, 0x00, 0x31, 0x24, 0x3F, 0xC7, 0x35, 0xFF, 0x2D, 0xFF, 0x1D, 0xFB, 0x02, 0xFC, 0x19, 0xFE, 0x20, 0xFF, 0x20, 0xFF, 0x20, 0xFF,
        0x20, 0xFF, 0x20, 0xFF, 0x1F, 0xFE, 0x03, 0xFD, 0x08, 0xFB, 0x2B, 0xFE, 0x2F, 0xFF, 0x3F, 0xFF, 0x37, 0x89, 0x01, 0x03, 0x3F, 0x01, 0x3F, 0x01,
        0x3F, 0x00, 0x3F, 0x00, 0x3F, 0x00, 0x3F, 0x00, 0x3F, 0x00, 0x3F, 0x00, 0x3F, 0x00, 0x3F, 0x00, 0x3F, 0x00, 0x3F, 0x00, 0x3F, 0x00, 0x3F, 0x00,
        0x3F, 0x00, 0x3F, 0x00, 0x3F, 0x00, 0x3F, 0x00, 0x3F, 0x00, 0x3F, 0x00, 0x3F, 0x00, 0x3F, 0x00, 0x3F, 0x00, 0x3F, 0x00, 0x3F, 0x00, 0x3F, 0x00,
        0x3F, 0x00, 0x3F, 0x02, 0x3F, 0x00, 0x2D, 0x06, 0x3F, 0x7A, 0x3F, 0xE9, 0x33, 0xFF, 0x2E, 0xFF, 0x2C, 0xFF, 0x2B, 0xFE, 0x2A, 0xFC, 0x2A, 0xFC,
        0x2A, 0xFC, 0x2A, 0xFD, 0x2B, 0xFF, 0x2D, 0xFF, 0x30, 0xFF, 0x3F, 0xFF, 0x3F, 0xBB, 0x33, 0x3E, 0x3D, 0x00, 0x3F, 0x01, 0x3F, 0x00, 0x3F, 0x00,
        0x3F, 0x00, 0x3F, 0x00, 0x3F, 0x00, 0x3F, 0x00, 0x3F, 0x00, 0x3F, 0x00, 0x3F, 0x00, 0x3F, 0x00, 0x3F, 0x00, 0x3F, 0x00, 0x3F, 0x00, 0x3F, 0x00,
        0x3F, 0x00, 0x3F, 0x00, 0x3F, 0x00, 0x3F, 0x00, 0x3F, 0x00, 0x3F, 0x00, 0x3F, 0x00, 0x3F, 0x00, 0x3F, 0x00, 0x3F, 0x00, 0x3F, 0x00, 0x3F, 0x00,
        0x3F, 0x00, 0x3F, 0x00, 0x3F, 0x02, 0x3F, 0x00, 0x3D, 0x00, 0x30, 0x16, 0x3F, 0x6B, 0x3F, 0xBA, 0x3F, 0xEB, 0x3F, 0xFF, 0x36, 0xFF, 0x33, 0xFF,
        0x35, 0xFF, 0x37, 0xFF, 0x3F, 0xF7, 0x3F, 0xD3, 0x3F, 0x91, 0x35, 0x3B, 0x39, 0x00, 0x3F, 0x00, 0x3F, 0x03, 0x3F, 0x00, 0x3F, 0x00, 0x3F, 0x00,
        0x3F, 0x00, 0x3F, 0x00, 0x3F, 0x00, 0x3F, 0x00, 0x3F, 0x00, 0x3F, 0x00, 0x3F, 0x00, 0x3F, 0x00, 0x3F, 0x00, 0x3F, 0x00, 0x3F, 0x00, 0x3F, 0x00,
        0x3F, 0x00, 0x3F, 0x00, 0x3F, 0x00, 0x3F, 0x00, 0x3F, 0x00, 0x3F, 0x00, 0x3F, 0x00, 0x3F, 0x00, 0x3F, 0x00, 0x3F, 0x00, 0x3F, 0x00, 0x3F, 0x00,
        0x3F, 0x00, 0x3F, 0x00, 0x3F, 0x00, 0x3F, 0x01, 0x3F, 0x03, 0x3F, 0x00, 0x3D, 0x00, 0x38, 0x00, 0x30, 0x13, 0x3F, 0x34, 0x3F, 0x4C, 0x3F, 0x59,
        0x3F, 0x53, 0x3F, 0x40, 0x33, 0x20, 0x00, 0x01, 0x3B, 0x00, 0x3F, 0x00, 0x3F, 0x01, 0x3F, 0x03, 0x3F, 0x00, 0x3F, 0x00, 0x3F, 0x00, 0x3F, 0x00,
        0x3F, 0x00, 0x3F, 0x00, 0x3F, 0x00, 0x3F, 0x00, 0x3F, 0x00, 0x3F, 0x00, 0x3F, 0x00, 0x3F, 0x00, 0x3F, 0x00, 0x3F, 0x00, 0x3F, 0x00, 0x3F, 0x00,
        0x3F, 0x00, 0x3F, 0x00, 0x3F, 0x00, 0x3F, 0x00, 0x3F, 0x00, 0x3F, 0x00, 0x3F, 0x00, 0x3F, 0x00, 0x3F, 0x00, 0x3F, 0x00, 0x3F, 0x00, 0x3F, 0x00,
        0x3F, 0x00, 0x3F, 0x00, 0x3F, 0x00, 0x3F, 0x00, 0x3F, 0x00, 0x3F, 0x01, 0x3F, 0x04, 0x3F, 0x02, 0x3F, 0x00, 0x3F, 0x00, 0x3D, 0x00, 0x3D, 0x00,
        0x3D, 0x00, 0x3E, 0x00, 0x3F, 0x00, 0x3F, 0x00, 0x3F, 0x03, 0x3F, 0x03, 0x3F, 0x00, 0x3F, 0x00, 0x3F, 0x00, 0x3F, 0x00, 0x3F, 0x00, 0x3F, 0x00,
        0x3F, 0x00, 0x3F, 0x00, 0x3F, 0x00, 0x3F, 0x00, 0x3F, 0x00, 0x3F, 0x00, 0x3F, 0x00, 0x3F, 0x00, 0x3F, 0x00, 0x3F, 0x00, 0x3F, 0x00, 0x3F, 0x00,
        0x3F, 0x00, 0x3F, 0x00, 0x3F, 0x00, 0x3F, 0x00, 0x3F, 0x00, 0x3F, 0x00, 0x3F, 0x00, 0x3F, 0x00, 0x3F, 0x00, 0x3F, 0x00, 0x3F, 0x00, 0x3F, 0x00,
        0x3F, 0x00, 0x3F, 0x00, 0x3F, 0x00, 0x3F, 0x00, 0x3F, 0x00, 0x3F, 0x00, 0x3F, 0x00, 0x3F, 0x00, 0x3F, 0x01, 0x3F, 0x03, 0x3F, 0x03, 0x3F, 0x04,
        0x3F, 0x04, 0x3F, 0x03, 0x3F, 0x02, 0x3F, 0x01, 0x3F, 0x00, 0x3F, 0x00, 0x3F, 0x00, 0x3F, 0x00, 0x3F, 0x00, 0x3F, 0x00, 0x3F, 0x00, 0x3F, 0x00,
        0x3F, 0x00, 0x3F, 0x00, 0x3F, 0x00, 0x3F, 0x00, 0x3F, 0x00, 0x3F, 0x00, 0x3F, 0x00, 0x3F, 0x00, 0x3F, 0x00, 0x3F, 0x00, 0x3F, 0x00, 0x3F, 0x00,
    },
    // eyes: 1F440.svg, source sha256 059666105145
    {
        0x3F, 0x00, 0x3F, 0x00, 0x3F, 0x00, 0x3F, 0x00, 0x3F, 0x00, 0x3F, 0x00, 0x3F, 0x00, 0x3F, 0x00, 0x3F, 0x00, 0x3F, 0x00, 0x3F, 0x00, 0x3F, 0x00,
        0x3F, 0x00, 0x3F, 0x00, 0x3F, 0x00, 0x3F, 0x00, 0x3F, 0x00, 0x3F, 0x00, 0x3F, 0x00, 0x3F, 0x00, 0x3F, 0x00, 0x3F, 0x00, 0x3F, 0x00, 0x3F, 0x00,
        0x3F, 0x00, 0x3F, 0x00, 0x3F, 0x00, 0x3F, 0x00, 0x3F, 0x00, 0x3F, 0x00, 0x3F, 0x00, 0x3F, 0x00, 0x3F, 0x00, 0x3F, 0x00, 0x3F, 0x00, 0x3F, 0x00,
        0x3F, 0x00, 0x3F, 0x00, 0x3F, 0x00, 0x3F, 0x00, 0x3F, 0x00, 0x3F, 0x00, 0x3F, 0x00, 0x3F, 0x00, 0x3F, 0x00, 0x3F, 0x00, 0x3F, 0x00, 0x3F, 0x00,
        0x3F, 0x00, 0x3F, 0x00, 0x3F, 0x00, 0x3F, 0x00, 0x3F, 0x00, 0x3F, 0x00, 0x3F, 0x00, 0x3F, 0x00, 0x3F, 0x00, 0x3F, 0x00, 0x3F, 0x00, 0x3F, 0x00,
        0x3F, 0x00, 0x3F, 0x00, 0x3F, 0x00, 0x3F, 0x00, 0x3F, 0x00, 0x3F, 0x00, 0x3F, 0x00, 0x3F, 0x00, 0x3F, 0x00, 0x3F, 0x00, 0x3F, 0x00, 0x3F, 0x00,
        0x3F, 0x00, 0x3F, 0x00, 0x3F, 0x00, 0x3F, 0x00, 0x3F, 0x00, 0x3F, 0x00, 0x3F, 0x00, 0x3F, 0x00, 0x3F, 0x00, 0x3F, 0x00, 0x3F, 0x00, 0x3F, 0x00,
        0x3F, 0x00, 0x3F, 0x00, 0x3F, 0x00, 0x3F, 0x00, 0x3F, 0x00, 0x3F, 0x00, 0x3F, 0x00, 0x3F, 0x00, 0x3F, 0x00, 0x3F, 0x00, 0x3F, 0x00, 0x3F, 0x00,
        0x3F, 0x00, 0x3F, 0x00, 0x3F, 0x00, 0x3F, 0x00, 0x3F, 0x00, 0x3F, 0x00, 0x3F, 0x00, 0x3F, 0x00, 0x3F, 0x00, 0x3F, 0x00, 0x3F, 0x00, 0x3F, 0x00,
        0x3F, 0x00, 0x3F, 0x00, 0x3F, 0x00, 0x3F, 0x00, 0x3F, 0x00, 0x3F, 0x00, 0x3F, 0x00, 0x3F, 0x00, 0x3F, 0x00, 0x3F, 0x00, 0x3F, 0x00, 0x3F, 0x00,
        0x3F, 0x00, 0x3F, 0x00, 0x3F, 0x00, 0x3F, 0x00, 0x3F, 0x00, 0x3F, 0x00, 0x3F, 0x00, 0x3F, 0x00, 0x3F, 0x00, 0x3F, 0x00, 0x3F, 0x00, 0x3F, 0x00,
        0x3F, 0x00, 0x3F, 0x00, 0x3F, 0x00, 0x3F, 0x00, 0x3F, 0x00, 0x3F, 0x00, 0x3F, 0x00, 0x3F, 0x00, 0x3F, 0x00, 0x3F, 0x00, 0x3F, 0x00, 0x3F, 0x00,
        0x3F, 0x00, 0x3F, 0x00, 0x3F, 0x00, 0x3F, 0x00, 0x3F, 0x00, 0x3F, 0x00, 0x3F, 0x00, 0x3F, 0x00, 0x3F, 0x00, 0x3F, 0x00, 0x3F, 0x00, 0x3F, 0x00,
        0x3F, 0x00, 0x3F, 0x00, 0x3F, 0x00, 0x3F, 0x00, 0x3F, 0x00, 0x3F, 0x00, 0x3F, 0x00, 0x3F, 0x00, 0x3F, 0x00, 0x3F, 0x00, 0x3F, 0x00, 0x3F, 0x00,
        0x3F, 0x00, 0x3F, 0x00, 0x3F, 0x00, 0x3F, 0x00, 0x3F, 0x00, 0x3F, 0x00, 0x3F, 0x00, 0x3F, 0x00, 0x3F, 0x00, 0x3F, 0x00, 0x3F, 0x00, 0x3F, 0x00,
        0x3F, 0x00, 0x3F, 0x00, 0x3F, 0x00, 0x3F, 0x00, 0x3F, 0x00, 0x3F, 0x00, 0x3F, 0x00, 0x3F, 0x00, 0x3F, 0x00, 0x3F, 0x00, 0x3F, 0x00, 0x3F, 0x00,
        0x3F, 0x00, 0x3F, 0x00, 0x3F, 0x00, 0x3F, 0x00, 0x3F, 0x00, 0x3F, 0x00, 0x3F, 0x00, 0x3F, 0x00, 0x3F, 0x00, 0x3F, 0x00, 0x3F, 0x00, 0x3F, 0x01,
        0x3F, 0x02, 0x3F, 0x02, 0x3F, 0x01, 0x3F, 0x00, 0x3F, 0x00, 0x3F, 0x00, 0x3F, 0x00, 0x3F, 0x00, 0x3F, 0x00, 0x3F, 0x00, 0x3F, 0x00, 0x3F, 0x00,
        0x3F, 0x00, 0x3F, 0x00, 0x3F, 0x00, 0x3F, 0x00, 0x3F, 0x00, 0x3F, 0x00, 0x3F, 0x00, 0x3F, 0x00, 0x3F, 0x00, 0x3F, 0x01, 0x3F, 0x02, 0x3F, 0x02,
        0x3F, 0x01, 0x3F, 0x00, 0x3F, 0x00, 0x3F, 0x00, 0x3F, 0x00, 0x3F, 0x00, 0x3F, 0x00, 0x3F, 0x00, 0x3F, 0x00, 0x3F, 0x00, 0x3F, 0x00, 0x3F, 0x00,
        0x3F, 0x00, 0x3F, 0x00, 0x3F, 0x00, 0x3F, 0x00, 0x3F, 0x00, 0x3F, 0x00, 0x3F, 0x00, 0x3F, 0x00, 0x3F, 0x00, 0x3F, 0x02, 0x3F, 0x03, 0x3F, 0x00,
        0x3F, 0x00, 0x3F, 0x00, 0x3F, 0x00, 0x3F, 0x03, 0x3F, 0x02, 0x3F, 0x00, 0x3F, 0x00, 0x3F, 0x00, 0x3F, 0x00, 0x3F, 0x00, 0x3F, 0x00, 0x3F, 0x00,
        0x3F, 0x00, 0x3F, 0x00, 0x3F, 0x00, 0x3F, 0x00, 0x3F, 0x00, 0x3F, 0x00, 0x3F, 0x00, 0x3F, 0x02, 0x3F, 0x03, 0x3F, 0x00, 0x3F, 0x00, 0x3F, 0x00,
        0x3F, 0x00, 0x3F, 0x03, 0x3F, 0x02, 0x3F, 0x00, 0x3F, 0x00, 0x3F, 0x00, 0x3F, 0x00, 0x3F, 0x00, 0x3F, 0x00, 0x3F, 0x00, 0x3F, 0x00, 0x3F, 0x00,
        0x3F, 0x00, 0x3F, 0x00, 0x3F, 0x00, 0x3F, 0x00, 0x3F, 0x00, 0x3F, 0x00, 0x3F, 0x00, 0x3F, 0x00, 0x3F, 0x03, 0x3F, 0x00, 0x37, 0x00, 0x19, 0x09,
        0x2B, 0x24, 0x2B, 0x26, 0x1D, 0x0B, 0x37, 0x00, 0x3F, 0x00, 0x3F, 0x03, 0x3F, 0x00, 0x3F, 0x00, 0x3F, 0x00, 0x3F, 0x00, 0x3F, 0x00, 0x3F, 0x00,
        0x3F, 0x00, 0x3F, 0x00, 0x3F, 0x00, 0x3F, 0x00, 0x3F, 0x00, 0x3F, 0x00, 0x3F, 0x03, 0x3F, 0x00, 0x37, 0x00, 0x1E, 0x0C, 0x2B, 0x26, 0x2B, 0x24,
        0x19, 0x09, 0x37, 0x00, 0x3F, 0x00, 0x3F, 0x03, 0x3F, 0x00, 0x3F, 0x00, 0x3F, 0x00, 0x3F, 0x00, 0x3F, 0x00, 0x3F, 0x00, 0x3F, 0x00, 0x3F, 0x00,
        0x3F, 0x00, 0x3F, 0x00, 0x3F, 0x00, 0x3F, 0x00, 0x3F, 0x00, 0x3F, 0x00, 0x3F, 0x00, 0x3F, 0x03, 0x3F, 0x00, 0x2A, 0x28, 0x3F, 0x99, 0x3F, 0xE0,
        0x3F, 0xF9, 0x3F, 0xFA, 0x3F, 0xE3, 0x3F, 0x9F, 0x2A, 0x30, 0x3F, 0x00, 0x3F, 0x03, 0x3F, 0x00, 0x3F, 0x00, 0x3F, 0x00, 0x3F, 0x00, 0x3F, 0x00,
        0x3F, 0x00, 0x3F, 0x00, 0x3F, 0x00, 0x3F, 0x00, 0x3F, 0x00, 0x3F, 0x03, 0x3F, 0x00, 0x2A, 0x2F, 0x3F, 0xA0, 0x3F, 0xE3, 0x3F, 0xFA, 0x3F, 0xF9,
        0x3F, 0xE0, 0x3F, 0x99, 0x2A, 0x28, 0x3F, 0x00, 0x3F, 0x03, 0x3F, 0x00, 0x3F, 0x00, 0x3F, 0x00, 0x3F, 0x00, 0x3F, 0x00, 0x3F, 0x00, 0x3F, 0x00,
        0x3F, 0x00, 0x3F, 0x00, 0x3F, 0x00, 0x3F, 0x00, 0x3F, 0x00, 0x3F, 0x00, 0x3F, 0x03, 0x3F, 0x00, 0x31, 0x68, 0x3F, 0xF3, 0x21, 0xFF, 0x13, 0xFF,
        0x0C, 0xFF, 0x0C, 0xFF, 0x10, 0xFF, 0x20, 0xFF, 0x3F, 0xF8, 0x37, 0x72, 0x3C, 0x00, 0x3F, 0x03, 0x3F, 0x00, 0x3F, 0x00, 0x3F, 0x00, 0x3F, 0x00,
        0x3F, 0x00, 0x3F, 0x00, 0x3F, 0x00, 0x3F, 0x00, 0x3F, 0x03, 0x3C, 0x00, 0x37, 0x73, 0x3F, 0xF8, 0x20, 0xFF, 0x10, 0xFF, 0x0C, 0xFF, 0x0C, 0xFF,
        0x13, 0xFF, 0x23, 0xFF, 0x3F, 0xF3, 0x31, 0x67, 0x3F, 0x00, 0x3F, 0x03, 0x3F, 0x00, 0x3F, 0x00, 0x3F, 0x00, 0x3F, 0x00, 0x3F, 0x00, 0x3F, 0x00,
        0x3F, 0x00, 0x3F, 0x00, 0x3F, 0x00, 0x3F, 0x00, 0x3F, 0x00, 0x3F, 0x03, 0x3C, 0x00, 0x31, 0x79, 0x3F, 0xFF, 0x18, 0xFF, 0x04, 0xFB, 0x00, 0xFE,
        0x00, 0xFE, 0x00, 0xFE, 0x00, 0xFE, 0x00, 0xFB, 0x13, 0xFE, 0x3F, 0xFF, 0x35, 0x86, 0x3C, 0x00, 0x3F, 0x04, 0x3F, 0x00, 0x3F, 0x00, 0x3F, 0x00,
        0x3F, 0x00, 0x3F, 0x00, 0x3F, 0x00, 0x3F, 0x04, 0x3C, 0x00, 0x35, 0x86, 0x3F, 0xFF, 0x13, 0xFE, 0x00, 0xFB, 0x00, 0xFE, 0x00, 0xFE, 0x00, 0xFE,
        0x00, 0xFE, 0x05, 0xFB, 0x18, 0xFF, 0x3F, 0xFF, 0x31, 0x79, 0x3C, 0x00, 0x3F, 0x03, 0x3F, 0x00, 0x3F, 0x00, 0x3F, 0x00, 0x3F, 0x00, 0x3F, 0x00,
        0x3F, 0x00, 0x3F, 0x00, 0x3F, 0x00, 0x3F, 0x00, 0x3F, 0x03, 0x3F, 0x00, 0x2D, 0x57, 0x3F, 0xFF, 0x10, 0xFB, 0x00, 0xFE, 0x01, 0xFF, 0x05, 0xFF,
        0x04, 0xFF, 0x04, 0xFF, 0x05, 0xFF, 0x01, 0xFF, 0x00, 0xFE, 0x0E, 0xFA, 0x3F, 0xFF, 0x2F, 0x66, 0x3F, 0x00, 0x3F, 0x03, 0x3F, 0x00, 0x3F, 0x00,
        0x3F, 0x00, 0x3F, 0x00, 0x3F, 0x03, 0x3F, 0x00, 0x2F, 0x66, 0x3F, 0xFF, 0x0E, 0xFA, 0x00, 0xFE, 0x03, 0xFF, 0x05, 0xFF, 0x04, 0xFF, 0x04, 0xFF,
        0x05, 0xFF, 0x01, 0xFF, 0x00, 0xFE, 0x10, 0xFB, 0x3F, 0xFF, 0x2D, 0x57, 0x3F, 0x00, 0x3F, 0x03, 0x3F, 0x00, 0x3F, 0x00, 0x3F, 0x00, 0x3F, 0x00,
        0x3F, 0x00, 0x3F, 0x00, 0x3F, 0x00, 0x3F, 0x02, 0x3F, 0x01, 0x26, 0x1B, 0x3F, 0xEF, 0x1A, 0xFD, 0x00, 0xFD, 0x07, 0xFF, 0x01, 0xFF, 0x00, 0xFF,
        0x00, 0xFF, 0x00, 0xFF, 0x00, 0xFF, 0x01, 0xFF, 0x07, 0xFF, 0x00, 0xFE, 0x18, 0xFC, 0x3F, 0xF6, 0x2A, 0x25, 0x3F, 0x01, 0x3F, 0x02, 0x3F, 0x00,
        0x3F, 0x00, 0x3F, 0x02, 0x3F, 0x01, 0x2A, 0x25, 0x3F, 0xF6, 0x18, 0xFC, 0x00, 0xFE, 0x07, 0xFF, 0x01, 0xFF, 0x00, 0xFF, 0x00, 0xFF, 0x00, 0xFF,
        0x00, 0xFF, 0x01, 0xFF, 0x07, 0xFF, 0x00, 0xFD, 0x1A, 0xFD, 0x3F, 0xEF, 0x26, 0x1B, 0x3F, 0x01, 0x3F, 0x02, 0x3F, 0x00, 0x3F, 0x00, 0x3F, 0x00,
        0x3F, 0x00, 0x3F, 0x00, 0x3F, 0x00, 0x3F, 0x03, 0x37, 0x00, 0x3C, 0xA0, 0x24, 0xFF, 0x08, 0xFB, 0x04, 0xFF, 0x01, 0xFF, 0x00, 0xFF, 0x00, 0xFF,
        0x00, 0xFF, 0x00, 0xFF, 0x00, 0xFF, 0x00, 0xFF, 0x01, 0xFF, 0x04, 0xFF, 0x00, 0xFB, 0x21, 0xFF, 0x3C, 0xAF, 0x35, 0x00, 0x3F, 0x02, 0x3F, 0x00,
        0x3F, 0x00, 0x3F, 0x02, 0x35, 0x00, 0x3C, 0xB0, 0x21, 0xFF, 0x00, 0xFB, 0x04, 0xFF, 0x01, 0xFF, 0x00, 0xFF, 0x00, 0xFF, 0x00, 0xFF, 0x00, 0xFF,
        0x00, 0xFF, 0x00, 0xFF, 0x01, 0xFF, 0x04, 0xFF, 0x08, 0xFB, 0x24, 0xFF, 0x3C, 0x9F, 0x37, 0x00, 0x3F, 0x03, 0x3F, 0x00, 0x3F, 0x00, 0x3F, 0x00,
        0x3F, 0x00, 0x3F, 0x00, 0x3F, 0x02, 0x3F, 0x00, 0x2A, 0x29, 0x3F, 0xFB, 0x0E, 0xFD, 0x00, 0xFF, 0x04, 0xFF, 0x00, 0xFF, 0x00, 0xFF, 0x00, 0xFF,
        0x00, 0xFF, 0x00, 0xFF, 0x00, 0xFF, 0x00, 0xFF, 0x00, 0xFF, 0x04, 0xFF, 0x00, 0xFF, 0x0D, 0xFD, 0x3F, 0xFE, 0x2C, 0x35, 0x3F, 0x00, 0x3F, 0x03,
        0x3F, 0x03, 0x3F, 0x00, 0x2C, 0x35, 0x3F, 0xFF, 0x0D, 0xFD, 0x00, 0xFF, 0x04, 0xFF, 0x00, 0xFF, 0x00, 0xFF, 0x00, 0xFF, 0x00, 0xFF, 0x00, 0xFF,
        0x00, 0xFF, 0x00, 0xFF, 0x00, 0xFF, 0x04, 0xFF, 0x00, 0xFF, 0x0E, 0xFD, 0x3F, 0xFA, 0x2A, 0x28, 0x3F, 0x00, 0x3F, 0x02, 0x3F, 0x00, 0x3F, 0x00,
        0x3F, 0x00, 0x3F, 0x00, 0x3F, 0x03, 0x37, 0x00, 0x3F, 0x90, 0x23, 0xFF, 0x03, 0xFB, 0x03, 0xFF, 0x00, 0xFF, 0x00, 0xFF, 0x00, 0xFF, 0x00, 0xFF,
        0x00, 0xFF, 0x00, 0xFF, 0x00, 0xFF, 0x00, 0xFF, 0x00, 0xFF, 0x00, 0xFF, 0x03, 0xFF, 0x00, 0xFB, 0x21, 0xFF, 0x3F, 0x9F, 0x35, 0x00, 0x3F, 0x03,
        0x3F, 0x03, 0x35, 0x00, 0x3F, 0xA0, 0x21, 0xFF, 0x00, 0xFB, 0x03, 0xFF, 0x00, 0xFF, 0x00, 0xFF, 0x00, 0xFF, 0x00, 0xFF, 0x00, 0xFF, 0x00, 0xFF,
        0x00, 0xFF, 0x00, 0xFF, 0x00, 0xFF, 0x00, 0xFF, 0x03, 0xFF, 0x04, 0xFB, 0x23, 0xFF, 0x3F, 0x90, 0x37, 0x00, 0x3F, 0x03, 0x3F, 0x00, 0x3F, 0x00,
        0x3F, 0x00, 0x3F, 0x01, 0x3F, 0x00, 0x1A, 0x0A, 0x3F, 0xE3, 0x13, 0xFF, 0x00, 0xFD, 0x05, 0xFF, 0x00, 0xFF, 0x00, 0xFF, 0x00, 0xFF, 0x00, 0xFF,
        0x00, 0xFF, 0x00, 0xFF, 0x00, 0xFF, 0x00, 0xFF, 0x00, 0xFF, 0x00, 0xFF, 0x05, 0xFF, 0x00, 0xFE, 0x10, 0xFF, 0x3F, 0xEC, 0x20, 0x12, 0x3F, 0x00,
        0x3F, 0x00, 0x20, 0x12, 0x3F, 0xED, 0x0F, 0xFF, 0x00, 0xFE, 0x05, 0xFF, 0x00, 0xFF, 0x00, 0xFF, 0x00, 0xFF, 0x00, 0xFF, 0x00, 0xFF, 0x00, 0xFF,
        0x00, 0xFF, 0x00, 0xFF, 0x00, 0xFF, 0x00, 0xFF, 0x05, 0xFF, 0x00, 0xFD, 0x13, 0xFF, 0x3F, 0xE2, 0x1A, 0x0A, 0x3F, 0x00, 0x3F, 0x01, 0x3F, 0x00,
        0x3F, 0x00, 0x3F, 0x03, 0x3F, 0x00, 0x35, 0x42, 0x35, 0xFF, 0x0A, 0xFD, 0x00, 0xFF, 0x03, 0xFF, 0x00, 0xFF, 0x00, 0xFF, 0x00, 0xFF, 0x00, 0xFF,
        0x00, 0xFF, 0x00, 0xFF, 0x00, 0xFF, 0x00, 0xFF, 0x00, 0xFF, 0x00, 0xFF, 0x03, 0xFF, 0x00, 0xFF, 0x09, 0xFC, 0x2D, 0xFF, 0x3F, 0x50, 0x3C, 0x00,
        0x3C, 0x00, 0x3F, 0x51, 0x2C, 0xFF, 0x09, 0xFC, 0x00, 0xFF, 0x03, 0xFF, 0x00, 0xFF, 0x00, 0xFF, 0x00, 0xFF, 0x00, 0xFF, 0x00, 0xFF, 0x00, 0xFF,
        0x00, 0xFF, 0x00, 0xFF, 0x00, 0xFF, 0x00, 0xFF, 0x03, 0xFF, 0x00, 0xFF, 0x0A, 0xFD, 0x35, 0xFF, 0x35, 0x41, 0x3F, 0x00, 0x3F, 0x03, 0x3F, 0x00,
        0x3F, 0x00, 0x3F, 0x04, 0x37, 0x00, 0x3F, 0x84, 0x23, 0xFE, 0x00, 0xFB, 0x05, 0xFF, 0x04, 0xFF, 0x01, 0xFF, 0x03, 0xFF, 0x05, 0xFF, 0x03, 0xFF,
        0x00, 0xFF, 0x00, 0xFF, 0x00, 0xFF, 0x00, 0xFF, 0x00, 0xFF, 0x00, 0xFF, 0x00, 0xFF, 0x01, 0xFF, 0x00, 0xFB, 0x20, 0xFE, 0x3F, 0x94, 0x35, 0x00,
        0x35, 0x00, 0x3F, 0x94, 0x20, 0xFE, 0x00, 0xFB, 0x07, 0xFF, 0x04, 0xFF, 0x01, 0xFF, 0x03, 0xFF, 0x05, 0xFF, 0x03, 0xFF, 0x00, 0xFF, 0x00, 0xFF,
        0x00, 0xFF, 0x00, 0xFF, 0x00, 0xFF, 0x00, 0xFF, 0x00, 0xFF, 0x01, 0xFF, 0x00, 0xFB, 0x23, 0xFE, 0x3F, 0x84, 0x37, 0x00, 0x3F, 0x04, 0x3F, 0x00,
        0x3F, 0x00, 0x3F, 0x02, 0x31, 0x00, 0x3F, 0xBA, 0x1D, 0xFF, 0x00, 0xFC, 0x00, 0xFF, 0x00, 0xFF, 0x00, 0xFF, 0x00, 0xFF, 0x00, 0xFF, 0x00, 0xFF,
        0x04, 0xFF, 0x00, 0xFF, 0x00, 0xFF, 0x00, 0xFF, 0x00, 0xFF, 0x00, 0xFF, 0x00, 0xFF, 0x05, 0xFF, 0x00, 0xFD, 0x1A, 0xFF, 0x3F, 0xC8, 0x31, 0x00,
        0x31, 0x00, 0x3F, 0xC9, 0x1A, 0xFF, 0x00, 0xFD, 0x00, 0xFF, 0x00, 0xFF, 0x00, 0xFF, 0x00, 0xFF, 0x00, 0xFF, 0x00, 0xFF, 0x04, 0xFF, 0x00, 0xFF,
        0x00, 0xFF, 0x00, 0xFF, 0x00, 0xFF, 0x00, 0xFF, 0x00, 0xFF, 0x05, 0xFF, 0x00, 0xFC, 0x1D, 0xFF, 0x3F, 0xBA, 0x31, 0x00, 0x3F, 0x02, 0x3F, 0x00,
        0x3F, 0x01, 0x3F, 0x00, 0x10, 0x07, 0x3F, 0xE0, 0x0F, 0xFF, 0x00, 0xFD, 0x0E, 0xFF, 0x1E, 0xFF, 0x20, 0xFF, 0x20, 0xFF, 0x19, 0xFF, 0x0A, 0xFF,
        0x00, 0xFF, 0x03, 0xFF, 0x00, 0xFF, 0x00, 0xFF, 0x00, 0xFF, 0x00, 0xFF, 0x00, 0xFF, 0x05, 0xFF, 0x00, 0xFE, 0x0E, 0xFF, 0x3F, 0xEC, 0x1D, 0x0B,
        0x1D, 0x0B, 0x3F, 0xEC, 0x0D, 0xFF, 0x06, 0xFE, 0x0F, 0xFF, 0x1E, 0xFF, 0x20, 0xFF, 0x20, 0xFF, 0x18, 0xFF, 0x0A, 0xFF, 0x00, 0xFF, 0x03, 0xFF,
        0x00, 0xFF, 0x00, 0xFF, 0x00, 0xFF, 0x00, 0xFF, 0x00, 0xFF, 0x05, 0xFF, 0x00, 0xFD, 0x10, 0xFF, 0x3F, 0xDF, 0x0D, 0x06, 0x3F, 0x00, 0x3F, 0x01,
        0x3F, 0x02, 0x3F, 0x00, 0x2D, 0x1D, 0x37, 0xF6, 0x10, 0xFF, 0x20, 0xFE, 0x3F, 0xFF, 0x25, 0xFF, 0x22, 0xFF, 0x22, 0xFF, 0x30, 0xFF, 0x3A, 0xFF,
        0x13, 0xFF, 0x00, 0xFF, 0x04, 0xFF, 0x00, 0xFF, 0x00, 0xFF, 0x00, 0xFF, 0x00, 0xFF, 0x04, 0xFF, 0x00, 0xFE, 0x0C, 0xFF, 0x3F, 0xFD, 0x2A, 0x20,
        0x2F, 0x20, 0x2F, 0xFD, 0x0F, 0xFF, 0x21, 0xFE, 0x3F, 0xFF, 0x25, 0xFF, 0x22, 0xFF, 0x22, 0xFF, 0x3E, 0xFF, 0x2F, 0xFF, 0x10, 0xFF, 0x00, 0xFF,
        0x04, 0xFF, 0x00, 0xFF, 0x00, 0xFF, 0x00, 0xFF, 0x00, 0xFF, 0x04, 0xFF, 0x00, 0xFE, 0x0D, 0xFF, 0x3F, 0xF6, 0x2A, 0x1D, 0x3F, 0x00, 0x3F, 0x02,
        0x3F, 0x03, 0x3F, 0x00, 0x3F, 0x32, 0x32, 0xFF, 0x34, 0xFF, 0x29, 0xFE, 0x17, 0xFF, 0x11, 0xFF, 0x14, 0xFF, 0x12, 0xFF, 0x14, 0xFF, 0x1F, 0xFF,
        0x3F, 0xFF, 0x13, 0xFF, 0x00, 0xFF, 0x04, 0xFF, 0x00, 0xFF, 0x00, 0xFF, 0x00, 0xFF, 0x03, 0xFF, 0x00, 0xFF, 0x0A, 0xFE, 0x31, 0xFF, 0x3F, 0x30,
        0x3F, 0x31, 0x2F, 0xFF, 0x3A, 0xFD, 0x25, 0xFF, 0x16, 0xFF, 0x11, 0xFF, 0x14, 0xFF, 0x12, 0xFF, 0x14, 0xFF, 0x1F, 0xFF, 0x3F, 0xFF, 0x0F, 0xFF,
        0x00, 0xFF, 0x04, 0xFF, 0x00, 0xFF, 0x00, 0xFF, 0x00, 0xFF, 0x03, 0xFF, 0x00, 0xFE, 0x0B, 0xFF, 0x3F, 0xFF, 0x3F, 0x31, 0x3F, 0x00, 0x3F, 0x03,
        0x3F, 0x03, 0x3F, 0x00, 0x31, 0x3F, 0x3F, 0xFF, 0x29, 0xFD, 0x16, 0xFF, 0x16, 0xFF, 0x22, 0xFF, 0x28, 0xFF, 0x25, 0xFF, 0x1C, 0xFF, 0x11, 0xFF,
        0x1F, 0xFF, 0x3A, 0xFF, 0x0A, 0xFF, 0x00, 0xFF, 0x03, 0xFF, 0x00, 0xFF, 0x00, 0xFF, 0x01, 0xFF, 0x00, 0xFF, 0x09, 0xFC, 0x2B, 0xFF, 0x3F, 0x3E,
        0x2C, 0x3F, 0x3F, 0xFF, 0x29, 0xFC, 0x14, 0xFF, 0x16, 0xFF, 0x22, 0xFF, 0x28, 0xFF, 0x25, 0xFF, 0x1B, 0xFF, 0x11, 0xFF, 0x1F, 0xFF, 0x2D, 0xFF,
        0x09, 0xFF, 0x00, 0xFF, 0x01, 0xFF, 0x00, 0xFF, 0x00, 0xFF, 0x03, 0xFF, 0x00, 0xFF, 0x0A, 0xFD, 0x31, 0xFF, 0x3F, 0x3F, 0x3C, 0x00, 0x3F, 0x03,
        0x3F, 0x03, 0x3F, 0x00, 0x30, 0x46, 0x3F, 0xFF, 0x1C, 0xFC, 0x14, 0xFF, 0x25, 0xFF, 0x3F, 0xFF, 0x3F, 0xFF, 0x3F, 0xFF, 0x3F, 0xFF, 0x1C, 0xFF,
        0x14, 0xFF, 0x33, 0xFF, 0x18, 0xFF, 0x00, 0xFF, 0x05, 0xFF, 0x00, 0xFF, 0x00, 0xFF, 0x01, 0xFF, 0x00, 0xFF, 0x08, 0xFC, 0x2A, 0xFF, 0x3F, 0x46,
        0x2D, 0x46, 0x3F, 0xFF, 0x1C, 0xFC, 0x14, 0xFF, 0x29, 0xFF, 0x3F, 0xFF, 0x3F, 0xFF, 0x3F, 0xFF, 0x3F, 0xFF, 0x1B, 0xFF, 0x14, 0xFF, 0x3D, 0xFF,
        0x13, 0xFF, 0x00, 0xFF, 0x05, 0xFF, 0x00, 0xFF, 0x00, 0xFF, 0x03, 0xFF, 0x00, 0xFF, 0x09, 0xFC, 0x2C, 0xFF, 0x3F, 0x46, 0x3C, 0x00, 0x3F, 0x03,
        0x3F, 0x03, 0x3F, 0x00, 0x3F, 0x48, 0x3F, 0xFF, 0x17, 0xFC, 0x1B, 0xFF, 0x3F, 0xFF, 0x36, 0xFF, 0x3D, 0xFF, 0x33, 0xFF, 0x3F, 0xFF, 0x25, 0xFF,
        0x12, 0xFF, 0x25, 0xFF, 0x20, 0xFF, 0x00, 0xFF, 0x04, 0xFF, 0x00, 0xFF, 0x00, 0xFF, 0x01, 0xFF, 0x00, 0xFF, 0x08, 0xFC, 0x2A, 0xFF, 0x3F, 0x45,
        0x3F, 0x4F, 0x33, 0xFF, 0x16, 0xFC, 0x1C, 0xFF, 0x3F, 0xFF, 0x33, 0xFF, 0x3D, 0xFF, 0x33, 0xFF, 0x3F, 0xFF, 0x22, 0xFF, 0x11, 0xFF, 0x25, 0xFF,
        0x1D, 0xFF, 0x00, 0xFF, 0x04, 0xFF, 0x00, 0xFF, 0x00, 0xFF, 0x03, 0xFF, 0x00, 0xFF, 0x09, 0xFC, 0x2C, 0xFF, 0x3F, 0x46, 0x3C, 0x00, 0x3F, 0x03,
        0x3F, 0x03, 0x3F, 0x00, 0x3F, 0x46, 0x3F, 0xFF, 0x17, 0xFC, 0x1C, 0xFF, 0x3F, 0xFF, 0x36, 0xFF, 0x3F, 0xFF, 0x39, 0xFF, 0x38, 0xFF, 0x25, 0xFF,
        0x12, 0xFF, 0x22, 0xFF, 0x20, 0xFF, 0x00, 0xFF, 0x03, 0xFF, 0x00, 0xFF, 0x00, 0xFF, 0x01, 0xFF, 0x00, 0xFF, 0x09, 0xFC, 0x2B, 0xFF, 0x3F, 0x3C,
        0x3F, 0x4E, 0x30, 0xFF, 0x16, 0xFC, 0x1C, 0xFF, 0x3D, 0xFF, 0x36, 0xFF, 0x3F, 0xFF, 0x38, 0xFF, 0x38, 0xFF, 0x25, 0xFF, 0x12, 0xFF, 0x25, 0xFF,
        0x1E, 0xFF, 0x00, 0xFF, 0x04, 0xFF, 0x00, 0xFF, 0x00, 0xFF, 0x03, 0xFF, 0x00, 0xFF, 0x0A, 0xFD, 0x31, 0xFF, 0x3F, 0x3E, 0x3C, 0x00, 0x3F, 0x03,
        0x3F, 0x03, 0x3F, 0x00, 0x30, 0x38, 0x3F, 0xFF, 0x1B, 0xFE, 0x16, 0xFF, 0x33, 0xFF, 0x3F, 0xFF, 0x36, 0xFF, 0x38, 0xFF, 0x3F, 0xFF, 0x1F, 0xFF,
        0x11, 0xFF, 0x29, 0xFF, 0x1D, 0xFF, 0x00, 0xFF, 0x05, 0xFF, 0x00, 0xFF, 0x00, 0xFF, 0x03, 0xFF, 0x00, 0xFF, 0x0A, 0xFE, 0x35, 0xFF, 0x3F, 0x2F,
        0x31, 0x35, 0x3F, 0xFF, 0x1B, 0xFD, 0x17, 0xFF, 0x3F, 0xFF, 0x3F, 0xFF, 0x38, 0xFF, 0x38, 0xFF, 0x3F, 0xFF, 0x1F, 0xFF, 0x12, 0xFF, 0x2E, 0xFF,
        0x1A, 0xFF, 0x00, 0xFF, 0x05, 0xFF, 0x00, 0xFF, 0x00, 0xFF, 0x03, 0xFF, 0x00, 0xFE, 0x0B, 0xFF, 0x3F, 0xFF, 0x31, 0x30, 0x3F, 0x00, 0x3F, 0x03,
        0x3F, 0x02, 0x3F, 0x00, 0x29, 0x1C, 0x3F, 0xF6, 0x22, 0xFF, 0x12, 0xFE, 0x1C, 0xFF, 0x2E, 0xFF, 0x3F, 0xFF, 0x3F, 0xFF, 0x22, 0xFF, 0x14, 0xFF,
        0x1B, 0xFF, 0x3F, 0xFF, 0x0D, 0xFF, 0x00, 0xFF, 0x04, 0xFF, 0x00, 0xFF, 0x00, 0xFF, 0x04, 0xFF, 0x00, 0xFE, 0x0C, 0xFF, 0x3F, 0xFD, 0x2D, 0x1E,
        0x29, 0x20, 0x3F, 0xFD, 0x22, 0xFF, 0x11, 0xFE, 0x1C, 0xFF, 0x2E, 0xFF, 0x3F, 0xFF, 0x3F, 0xFF, 0x22, 0xFF, 0x14, 0xFF, 0x1B, 0xFF, 0x3F, 0xFF,
        0x0C, 0xFF, 0x00, 0xFF, 0x04, 0xFF, 0x00, 0xFF, 0x00, 0xFF, 0x04, 0xFF, 0x00, 0xFE, 0x0D, 0xFF, 0x3F, 0xF5, 0x26, 0x1B, 0x3F, 0x00, 0x3F, 0x02,
        0x3F, 0x01, 0x3F, 0x00, 0x3F, 0x06, 0x39, 0xDE, 0x3F, 0xFF, 0x1F, 0xFD, 0x11, 0xFF, 0x16, 0xFF, 0x1B, 0xFF, 0x17, 0xFF, 0x12, 0xFF, 0x16, 0xFF,
        0x2E, 0xFF, 0x20, 0xFF, 0x02, 0xFF, 0x03, 0xFF, 0x00, 0xFF, 0x00, 0xFF, 0x00, 0xFF, 0x05, 0xFF, 0x00, 0xFE, 0x0E, 0xFF, 0x3F, 0xEA, 0x19, 0x09,
        0x3F, 0x0A, 0x3D, 0xEB, 0x3F, 0xFF, 0x1C, 0xFE, 0x11, 0xFF, 0x16, 0xFF, 0x1B, 0xFF, 0x17, 0xFF, 0x12, 0xFF, 0x16, 0xFF, 0x3E, 0xFF, 0x1E, 0xFF,
        0x00, 0xFF, 0x03, 0xFF, 0x00, 0xFF, 0x00, 0xFF, 0x00, 0xFF, 0x05, 0xFF, 0x00, 0xFD, 0x10, 0xFF, 0x3F, 0xDD, 0x0D, 0x06, 0x3F, 0x00, 0x3F, 0x01,
        0x3F, 0x00, 0x3F, 0x02, 0x3C, 0x00, 0x3F, 0xB8, 0x28, 0xFF, 0x3F, 0xFC, 0x25, 0xFF, 0x1C, 0xFF, 0x16, 0xFF, 0x17, 0xFF, 0x1F, 0xFF, 0x3F, 0xFF,
        0x21, 0xFF, 0x09, 0xFF, 0x01, 0xFF, 0x03, 0xFF, 0x00, 0xFF, 0x00, 0xFF, 0x00, 0xFF, 0x05, 0xFF, 0x00, 0xFC, 0x1A, 0xFF, 0x3F, 0xC5, 0x31, 0x00,
        0x3F, 0x00, 0x3F, 0xC6, 0x27, 0xFF, 0x3F, 0xFC, 0x25, 0xFF, 0x1B, 0xFF, 0x16, 0xFF, 0x17, 0xFF, 0x1F, 0xFF, 0x3F, 0xFF, 0x20, 0xFF, 0x09, 0xFF,
        0x03, 0xFF, 0x01, 0xFF, 0x00, 0xFF, 0x00, 0xFF, 0x00, 0xFF, 0x04, 0xFF, 0x00, 0xFC, 0x1D, 0xFF, 0x3F, 0xB7, 0x31, 0x00, 0x3F, 0x02, 0x3F, 0x00,
        0x3F, 0x00, 0x3F, 0x04, 0x37, 0x00, 0x3F, 0x81, 0x21, 0xFF, 0x0C, 0xFB, 0x20, 0xFF, 0x3A, 0xFF, 0x3F, 0xFF, 0x3F, 0xFF, 0x27, 0xFF, 0x19, 0xFF,
        0x08, 0xFF, 0x00, 0xFF, 0x01, 0xFF, 0x00, 0xFF, 0x00, 0xFF, 0x00, 0xFF, 0x00, 0xFF, 0x01, 0xFF, 0x00, 0xFB, 0x20, 0xFE, 0x3F, 0x90, 0x35, 0x00,
        0x37, 0x00, 0x3F, 0x91, 0x20, 0xFE, 0x0D, 0xFB, 0x21, 0xFF, 0x3B, 0xFF, 0x3F, 0xFF, 0x3F, 0xFF, 0x27, 0xFF, 0x18, 0xFF, 0x08, 0xFF, 0x00, 0xFF,
        0x01, 0xFF, 0x00, 0xFF, 0x00, 0xFF, 0x00, 0xFF, 0x00, 0xFF, 0x01, 0xFF, 0x00, 0xFB, 0x23, 0xFF, 0x3F, 0x80, 0x37, 0x00, 0x3F, 0x04, 0x3F, 0x00,
        0x3F, 0x00, 0x3F, 0x03, 0x3F, 0x00, 0x31, 0x3E, 0x3C, 0xFF, 0x0A, 0xFD, 0x00, 0xFF, 0x0A, 0xFF, 0x0C, 0xFF, 0x0B, 0xFF, 0x08, 0xFF, 0x00, 0xFF,
        0x00, 0xFF, 0x01, 0xFF, 0x00, 0xFF, 0x00, 0xFF, 0x00, 0xFF, 0x00, 0xFF, 0x03, 0xFF, 0x00, 0xFF, 0x0A, 0xFD, 0x2F, 0xFF, 0x35, 0x4C, 0x3C, 0x00,
        0x3C, 0x00, 0x3F, 0x4D, 0x31, 0xFF, 0x09, 0xFD, 0x00, 0xFF, 0x0A, 0xFF, 0x0C, 0xFF, 0x0B, 0xFF, 0x08, 0xFF, 0x00, 0xFF, 0x00, 0xFF, 0x01, 0xFF,
        0x00, 0xFF, 0x00, 0xFF, 0x00, 0xFF, 0x00, 0xFF, 0x04, 0xFF, 0x00, 0xFF, 0x0B, 0xFD, 0x37, 0xFF, 0x31, 0x3E, 0x3F, 0x00, 0x3F, 0x03, 0x3F, 0x00,
        0x3F, 0x00, 0x3F, 0x01, 0x3F, 0x01, 0x19, 0x09, 0x3F, 0xE0, 0x18, 0xFF, 0x00, 0xFD, 0x00, 0xFF, 0x00, 0xFF, 0x00, 0xFF, 0x00, 0xFF, 0x04, 0xFF,
        0x01, 0xFF, 0x00, 0xFF, 0x00, 0xFF, 0x00, 0xFF, 0x00, 0xFF, 0x00, 0xFF, 0x05, 0xFF, 0x00, 0xFE, 0x10, 0xFF, 0x3F, 0xE9, 0x1E, 0x0F, 0x3F, 0x00,
        0x3F, 0x00, 0x1E, 0x0F, 0x3F, 0xEA, 0x13, 0xFF, 0x00, 0xFE, 0x00, 0xFF, 0x00, 0xFF, 0x00, 0xFF, 0x00, 0xFF, 0x04, 0xFF, 0x01, 0xFF, 0x00, 0xFF,
        0x00, 0xFF, 0x00, 0xFF, 0x00, 0xFF, 0x00, 0xFF, 0x05, 0xFF, 0x00, 0xFD, 0x18, 0xFF, 0x3F, 0xDF, 0x18, 0x08, 0x3F, 0x01, 0x3F, 0x01, 0x3F, 0x00,
        0x3F, 0x00, 0x3F, 0x00, 0x3F, 0x04, 0x37, 0x00, 0x3F, 0x8A, 0x24, 0xFF, 0x05, 0xFB, 0x04, 0xFF, 0x05, 0xFF, 0x03, 0xFF, 0x01, 0xFF, 0x00, 0xFF,
        0x00, 0xFF, 0x00, 0xFF, 0x00, 0xFF, 0x00, 0xFF, 0x00, 0xFF, 0x00, 0xFF, 0x03, 0xFF, 0x00, 0xFB, 0x23, 0xFF, 0x3F, 0x9A, 0x37, 0x00, 0x3F, 0x03,
        0x3F, 0x03, 0x37, 0x00, 0x3F, 0x9A, 0x21, 0xFF, 0x00, 0xFB, 0x05, 0xFF, 0x04, 0xFF, 0x03, 0xFF, 0x01, 0xFF, 0x00, 0xFF, 0x00, 0xFF, 0x00, 0xFF,
        0x00, 0xFF, 0x00, 0xFF, 0x00, 0xFF, 0x01, 0xFF, 0x01, 0xFF, 0x05, 0xFB, 0x24, 0xFF, 0x3F, 0x89, 0x37, 0x00, 0x3F, 0x04, 0x3F, 0x00, 0x3F, 0x00,
        0x3F, 0x00, 0x3F, 0x00, 0x3F, 0x02, 0x3F, 0x00, 0x28, 0x24, 0x3F, 0xF9, 0x0E, 0xFD, 0x00, 0xFE, 0x05, 0xFF, 0x00, 0xFF, 0x00, 0xFF, 0x00, 0xFF,
        0x00, 0xFF, 0x00, 0xFF, 0x00, 0xFF, 0x00, 0xFF, 0x00, 0xFF, 0x04, 0xFF, 0x00, 0xFF, 0x0D, 0xFD, 0x3F, 0xFD, 0x2C, 0x2F, 0x3F, 0x00, 0x3F, 0x02,
        0x3F, 0x03, 0x3F, 0x00, 0x2C, 0x30, 0x3F, 0xFD, 0x0D, 0xFD, 0x00, 0xFF, 0x04, 0xFF, 0x00, 0xFF, 0x00, 0xFF, 0x00, 0xFF, 0x00, 0xFF, 0x00, 0xFF,
        0x00, 0xFF, 0x00, 0xFF, 0x00, 0xFF, 0x05, 0xFF, 0x00, 0xFE, 0x0E, 0xFD, 0x3F, 0xF8, 0x28, 0x23, 0x3F, 0x00, 0x3F, 0x02, 0x3F, 0x00, 0x3F, 0x00,
        0x3F, 0x00, 0x3F, 0x00, 0x3F, 0x00, 0x3F, 0x03, 0x37, 0x00, 0x3C, 0x98, 0x26, 0xFF, 0x08, 0xFB, 0x03, 0xFF, 0x03, 0xFF, 0x00, 0xFF, 0x00, 0xFF,
        0x00, 0xFF, 0x00, 0xFF, 0x00, 0xFF, 0x00, 0xFF, 0x01, 0xFF, 0x04, 0xFF, 0x05, 0xFB, 0x23, 0xFF, 0x3C, 0xA8, 0x37, 0x00, 0x3F, 0x03, 0x3F, 0x00,
        0x3F, 0x00, 0x3F, 0x03, 0x37, 0x00, 0x3C, 0xA8, 0x23, 0xFF, 0x05, 0xFB, 0x04, 0xFF, 0x01, 0xFF, 0x00, 0xFF, 0x00, 0xFF, 0x00, 0xFF, 0x00, 0xFF,
        0x00, 0xFF, 0x00, 0xFF, 0x03, 0xFF, 0x03, 0xFF, 0x08, 0xFB, 0x26, 0xFF, 0x3C, 0x97, 0x37, 0x00, 0x3F, 0x03, 0x3F, 0x00, 0x3F, 0x00, 0x3F, 0x00,
        0x3F, 0x00, 0x3F, 0x00, 0x3F, 0x00, 0x3F, 0x02, 0x3F, 0x02, 0x24, 0x17, 0x3F, 0xE9, 0x1D, 0xFE, 0x00, 0xFD, 0x07, 0xFF, 0x01, 0xFF, 0x00, 0xFF,
        0x00, 0xFF, 0x00, 0xFF, 0x00, 0xFF, 0x01, 0xFF, 0x07, 0xFF, 0x00, 0xFD, 0x1A, 0xFD, 0x3F, 0xF2, 0x27, 0x1F, 0x3F, 0x01, 0x3F, 0x02, 0x3F, 0x00,
        0x3F, 0x00, 0x3F, 0x02, 0x3F, 0x01, 0x27, 0x1F, 0x3F, 0xF2, 0x1A, 0xFD, 0x00, 0xFD, 0x07, 0xFF, 0x01, 0xFF, 0x00, 0xFF, 0x00, 0xFF, 0x00, 0xFF,
        0x00, 0xFF, 0x01, 0xFF, 0x07, 0xFF, 0x00, 0xFD, 0x1D, 0xFE, 0x3F, 0xE9, 0x24, 0x16, 0x3F, 0x02, 0x3F, 0x02, 0x3F, 0x00, 0x3F, 0x00, 0x3F, 0x00,
        0x3F, 0x00, 0x3F, 0x00, 0x3F, 0x00, 0x3F, 0x00, 0x3F, 0x03, 0x3F, 0x00, 0x2C, 0x4D, 0x3F, 0xFF, 0x13, 0xFC, 0x00, 0xFD, 0x00, 0xFF, 0x05, 0xFF,
        0x04, 0xFF, 0x04, 0xFF, 0x05, 0xFF, 0x00, 0xFF, 0x00, 0xFD, 0x0F, 0xFB, 0x3F, 0xFF, 0x2D, 0x5B, 0x3F, 0x00, 0x3F, 0x03, 0x3F, 0x00, 0x3F, 0x00,
        0x3F, 0x00, 0x3F, 0x00, 0x3F, 0x03, 0x3F, 0x00, 0x2D, 0x5B, 0x3F, 0xFF, 0x0F, 0xFB, 0x00, 0xFD, 0x00, 0xFF, 0x05, 0xFF, 0x04, 0xFF, 0x04, 0xFF,
        0x05, 0xFF, 0x00, 0xFF, 0x00, 0xFD, 0x13, 0xFC, 0x3F, 0xFF, 0x2C, 0x4D, 0x3F, 0x00, 0x3F, 0x03, 0x3F, 0x00, 0x3F, 0x00, 0x3F, 0x00, 0x3F, 0x00,
        0x3F, 0x00, 0x3F, 0x00, 0x3F, 0x00, 0x3F, 0x00, 0x3F, 0x00, 0x3F, 0x03, 0x3F, 0x00, 0x2F, 0x6E, 0x3F, 0xFF, 0x1A, 0xFF, 0x08, 0xFB, 0x00, 0xFD,
        0x00, 0xFE, 0x00, 0xFE, 0x00, 0xFD, 0x07, 0xFB, 0x18, 0xFF, 0x3F, 0xFF, 0x31, 0x7A, 0x3C, 0x00, 0x3F, 0x04, 0x3F, 0x00, 0x3F, 0x00, 0x3F, 0x00,
        0x3F, 0x00, 0x3F, 0x00, 0x3F, 0x00, 0x3F, 0x04, 0x3C, 0x00, 0x31, 0x7B, 0x3F, 0xFF, 0x18, 0xFF, 0x07, 0xFB, 0x00, 0xFD, 0x00, 0xFE, 0x00, 0xFE,
        0x00, 0xFD, 0x08, 0xFB, 0x1A, 0xFF, 0x3F, 0xFF, 0x2F, 0x6D, 0x3F, 0x00, 0x3F, 0x03, 0x3F, 0x00, 0x3F, 0x00, 0x3F, 0x00, 0x3F, 0x00, 0x3F, 0x00,
        0x3F, 0x00, 0x3F, 0x00, 0x3F, 0x00, 0x3F, 0x00, 0x3F, 0x00, 0x3F, 0x00, 0x3F, 0x03, 0x3F, 0x00, 0x31, 0x5B, 0x3F, 0xEC, 0x24, 0xFF, 0x18, 0xFF,
        0x0D, 0xFF, 0x0D, 0xFF, 0x18, 0xFF, 0x23, 0xFF, 0x3F, 0xF2, 0x31, 0x65, 0x3F, 0x00, 0x3F, 0x03, 0x3F, 0x00, 0x3F, 0x00, 0x3F, 0x00, 0x3F, 0x00,
        0x3F, 0x00, 0x3F, 0x00, 0x3F, 0x00, 0x3F, 0x00, 0x3F, 0x03, 0x3F, 0x00, 0x31, 0x66, 0x3F, 0xF1, 0x23, 0xFF, 0x18, 0xFF, 0x0D, 0xFF, 0x0D, 0xFF,
        0x18, 0xFF, 0x24, 0xFF, 0x3F, 0xED, 0x31, 0x5B, 0x3F, 0x00, 0x3F, 0x03, 0x3F, 0x00, 0x3F, 0x00, 0x3F, 0x00, 0x3F, 0x00, 0x3F, 0x00, 0x3F, 0x00,
        0x3F, 0x00, 0x3F, 0x00, 0x3F, 0x00, 0x3F, 0x00, 0x3F, 0x00, 0x3F, 0x00, 0x3F, 0x00, 0x3F, 0x03, 0x3F, 0x00, 0x27, 0x1D, 0x3F, 0x8C, 0x3F, 0xD6,
        0x3F, 0xF3, 0x3F, 0xF3, 0x3F, 0xD8, 0x3F, 0x92, 0x28, 0x24, 0x3F, 0x00, 0x3F, 0x03, 0x3F, 0x00, 0x3F, 0x00, 0x3F, 0x00, 0x3F, 0x00, 0x3F, 0x00,
        0x3F, 0x00, 0x3F, 0x00, 0x3F, 0x00, 0x3F, 0x00, 0x3F, 0x00, 0x3F, 0x03, 0x3F, 0x00, 0x28, 0x24, 0x3F, 0x92, 0x3F, 0xD9, 0x3F, 0xF3, 0x3F, 0xF3,
        0x3F, 0xD6, 0x3F, 0x8C, 0x27, 0x1E, 0x3F, 0x00, 0x3F, 0x03, 0x3F, 0x00, 0x3F, 0x00, 0x3F, 0x00, 0x3F, 0x00, 0x3F, 0x00, 0x3F, 0x00, 0x3F, 0x00,
        0x3F, 0x00, 0x3F, 0x00, 0x3F, 0x00, 0x3F, 0x00, 0x3F, 0x00, 0x3F, 0x00, 0x3F, 0x00, 0x3F, 0x00, 0x3F, 0x03, 0x3F, 0x00, 0x37, 0x00, 0x00, 0x03,
        0x26, 0x19, 0x26, 0x1A, 0x0B, 0x05, 0x37, 0x00, 0x3F, 0x00, 0x3F, 0x03, 0x3F, 0x00, 0x3F, 0x00, 0x3F, 0x00, 0x3F, 0x00, 0x3F, 0x00, 0x3F, 0x00,
        0x3F, 0x00, 0x3F, 0x00, 0x3F, 0x00, 0x3F, 0x00, 0x3F, 0x00, 0x3F, 0x00, 0x3F, 0x03, 0x3F, 0x00, 0x37, 0x00, 0x0B, 0x05, 0x26, 0x1A, 0x26, 0x19,
        0x00, 0x03, 0x37, 0x00, 0x3F, 0x00, 0x3F, 0x03, 0x3F, 0x00, 0x3F, 0x00, 0x3F, 0x00, 0x3F, 0x00, 0x3F, 0x00, 0x3F, 0x00, 0x3F, 0x00, 0x3F, 0x00,
        0x3F, 0x00, 0x3F, 0x00, 0x3F, 0x00, 0x3F, 0x00, 0x3F, 0x00, 0x3F, 0x00, 0x3F, 0x00, 0x3F, 0x00, 0x3F, 0x00, 0x3F, 0x02, 0x3F, 0x03, 0x3F, 0x00,
        0x3F, 0x00, 0x3F, 0x00, 0x3F, 0x00, 0x3F, 0x03, 0x3F, 0x02, 0x3F, 0x00, 0x3F, 0x00, 0x3F, 0x00, 0x3F, 0x00, 0x3F, 0x00, 0x3F, 0x00, 0x3F, 0x00,
        0x3F, 0x00, 0x3F, 0x00, 0x3F, 0x00, 0x3F, 0x00, 0x3F, 0x00, 0x3F, 0x00, 0x3F, 0x00, 0x3F, 0x02, 0x3F, 0x03, 0x3F, 0x00, 0x3F, 0x00, 0x3F, 0x00,
        0x3F, 0x00, 0x3F, 0x03, 0x3F, 0x02, 0x3F, 0x00, 0x3F, 0x00, 0x3F, 0x00, 0x3F, 0x00, 0x3F, 0x00, 0x3F, 0x00, 0x3F, 0x00, 0x3F, 0x00, 0x3F, 0x00,
        0x3F, 0x00, 0x3F, 0x00, 0x3F, 0x00, 0x3F, 0x00, 0x3F, 0x00, 0x3F, 0x00, 0x3F, 0x00, 0x3F, 0x00, 0x3F, 0x00, 0x3F, 0x00, 0x3F, 0x00, 0x3F, 0x01,
        0x3F, 0x01, 0x3F, 0x02, 0x3F, 0x01, 0x3F, 0x00, 0x3F, 0x00, 0x3F, 0x00, 0x3F, 0x00, 0x3F, 0x00, 0x3F, 0x00, 0x3F, 0x00, 0x3F, 0x00, 0x3F, 0x00,
        0x3F, 0x00, 0x3F, 0x00, 0x3F, 0x00, 0x3F, 0x00, 0x3F, 0x00, 0x3F, 0x00, 0x3F, 0x00, 0x3F, 0x00, 0x3F, 0x00, 0x3F, 0x01, 0x3F, 0x02, 0x3F, 0x01,
        0x3F, 0x01, 0x3F, 0x00, 0x3F, 0x00, 0x3F, 0x00, 0x3F, 0x00, 0x3F, 0x00, 0x3F, 0x00, 0x3F, 0x00, 0x3F, 0x00, 0x3F, 0x00, 0x3F, 0x00, 0x3F, 0x00,
        0x3F, 0x00, 0x3F, 0x00, 0x3F, 0x00, 0x3F, 0x00, 0x3F, 0x00, 0x3F, 0x00, 0x3F, 0x00, 0x3F, 0x00, 0x3F, 0x00, 0x3F, 0x00, 0x3F, 0x00, 0x3F, 0x00,
        0x3F, 0x00, 0x3F, 0x00, 0x3F, 0x00, 0x3F, 0x00, 0x3F, 0x00, 0x3F, 0x00, 0x3F, 0x00, 0x3F, 0x00, 0x3F, 0x00, 0x3F, 0x00, 0x3F, 0x00, 0x3F, 0x00,
        0x3F, 0x00, 0x3F, 0x00, 0x3F, 0x00, 0x3F, 0x00, 0x3F, 0x00, 0x3F, 0x00, 0x3F, 0x00, 0x3F, 0x00, 0x3F, 0x00, 0x3F, 0x00, 0x3F, 0x00, 0x3F, 0x00,
        0x3F, 0x00, 0x3F, 0x00, 0x3F, 0x00, 0x3F, 0x00, 0x3F, 0x00, 0x3F, 0x00, 0x3F, 0x00, 0x3F, 0x00, 0x3F, 0x00, 0x3F, 0x00, 0x3F, 0x00, 0x3F, 0x00,
        0x3F, 0x00, 0x3F, 0x00, 0x3F, 0x00, 0x3F, 0x00, 0x3F, 0x00, 0x3F, 0x00, 0x3F, 0x00, 0x3F, 0x00, 0x3F, 0x00, 0x3F, 0x00, 0x3F, 0x00, 0x3F, 0x00,
        0x3F, 0x00, 0x3F, 0x00, 0x3F, 0x00, 0x3F, 0x00, 0x3F, 0x00, 0x3F, 0x00, 0x3F, 0x00, 0x3F, 0x00, 0x3F, 0x00, 0x3F, 0x00, 0x3F, 0x00, 0x3F, 0x00,
        0x3F, 0x00, 0x3F, 0x00, 0x3F, 0x00, 0x3F, 0x00, 0x3F, 0x00, 0x3F, 0x00, 0x3F, 0x00, 0x3F, 0x00, 0x3F, 0x00, 0x3F, 0x00, 0x3F, 0x00, 0x3F, 0x00,
        0x3F, 0x00, 0x3F, 0x00, 0x3F, 0x00, 0x3F, 0x00, 0x3F, 0x00, 0x3F, 0x00, 0x3F, 0x00, 0x3F, 0x00, 0x3F, 0x00, 0x3F, 0x00, 0x3F, 0x00, 0x3F, 0x00,
        0x3F, 0x00, 0x3F, 0x00, 0x3F, 0x00, 0x3F, 0x00, 0x3F, 0x00, 0x3F, 0x00, 0x3F, 0x00, 0x3F, 0x00, 0x3F, 0x00, 0x3F, 0x00, 0x3F, 0x00, 0x3F, 0x00,
        0x3F, 0x00, 0x3F, 0x00, 0x3F, 0x00, 0x3F, 0x00, 0x3F, 0x00, 0x3F, 0x00, 0x3F, 0x00, 0x3F, 0x00, 0x3F, 0x00, 0x3F, 0x00, 0x3F, 0x00, 0x3F, 0x00,
        0x3F, 0x00, 0x3F, 0x00, 0x3F, 0x00, 0x3F, 0x00, 0x3F, 0x00, 0x3F, 0x00, 0x3F, 0x00, 0x3F, 0x00, 0x3F, 0x00, 0x3F, 0x00, 0x3F, 0x00, 0x3F, 0x00,
        0x3F, 0x00, 0x3F, 0x00, 0x3F, 0x00, 0x3F, 0x00, 0x3F, 0x00, 0x3F, 0x00, 0x3F, 0x00, 0x3F, 0x00, 0x3F, 0x00, 0x3F, 0x00, 0x3F, 0x00, 0x3F, 0x00,
        0x3F, 0x00, 0x3F, 0x00, 0x3F, 0x00, 0x3F, 0x00, 0x3F, 0x00, 0x3F, 0x00, 0x3F, 0x00, 0x3F, 0x00, 0x3F, 0x00, 0x3F, 0x00, 0x3F, 0x00, 0x3F, 0x00,
        0x3F, 0x00, 0x3F, 0x00, 0x3F, 0x00, 0x3F, 0x00, 0x3F, 0x00, 0x3F, 0x00, 0x3F, 0x00, 0x3F, 0x00, 0x3F, 0x00, 0x3F, 0x00, 0x3F, 0x00, 0x3F, 0x00,
        0x3F, 0x00, 0x3F, 0x00, 0x3F, 0x00, 0x3F, 0x00, 0x3F, 0x00, 0x3F, 0x00, 0x3F, 0x00, 0x3F, 0x00, 0x3F, 0x00, 0x3F, 0x00, 0x3F, 0x00, 0x3F, 0x00,
        0x3F, 0x00, 0x3F, 0x00, 0x3F, 0x00, 0x3F, 0x00, 0x3F, 0x00, 0x3F, 0x00, 0x3F, 0x00, 0x3F, 0x00, 0x3F, 0x00, 0x3F, 0x00, 0x3F, 0x00, 0x3F, 0x00,
    },
};

}  // namespace esphome::pixoo64::content::reaction_art
